[2026-07-31T03:13:05.052Z] [INFO] StudyForge server listening on http://localhost:5174
[2026-07-31T03:13:05.054Z] [INFO] API mounted at /api   (frontend dev proxy → :5173)
[2026-07-31T03:13:09.971Z] [INFO] → GET /api/health
[2026-07-31T03:13:09.979Z] [INFO] ← GET /api/health 200 (8ms)
[2026-07-31T03:14:39.405Z] [INFO] → GET /
[2026-07-31T03:14:39.410Z] [INFO] ← GET / 200 (6ms)
[2026-07-31T03:14:39.418Z] [INFO] → GET /assets/index-DeH-YtFH.css
[2026-07-31T03:14:39.420Z] [INFO] → GET /assets/index-cou4ivG4.js
[2026-07-31T03:14:39.424Z] [INFO] ← GET /assets/index-DeH-YtFH.css 200 (6ms)
[2026-07-31T03:14:39.441Z] [INFO] ← GET /assets/index-cou4ivG4.js 200 (21ms)
[2026-07-31T03:14:39.617Z] [INFO] → GET /api/progress
[2026-07-31T03:14:39.621Z] [INFO] ← GET / 200 (3ms)
[2026-07-31T03:14:39.622Z] [INFO] → GET /api/projects
[2026-07-31T03:14:39.624Z] [INFO] ← GET / 200 (1ms)
[2026-07-31T03:14:39.625Z] [INFO] → GET /api/providers
[2026-07-31T03:14:39.629Z] [INFO] ← GET / 200 (3ms)
[2026-07-31T03:14:39.631Z] [INFO] → GET /api/analytics
[2026-07-31T03:14:40.079Z] [INFO] ← GET / 200 (450ms)
[2026-07-31T03:14:44.023Z] [INFO] → GET /
[2026-07-31T03:14:44.026Z] [INFO] ← GET / 200 (3ms)
[2026-07-31T03:14:44.074Z] [INFO] → GET /assets/index-cou4ivG4.js
[2026-07-31T03:14:44.076Z] [INFO] → GET /assets/index-DeH-YtFH.css
[2026-07-31T03:14:44.079Z] [INFO] ← GET /assets/index-DeH-YtFH.css 200 (3ms)
[2026-07-31T03:14:44.086Z] [INFO] ← GET /assets/index-cou4ivG4.js 200 (13ms)
[2026-07-31T03:14:44.310Z] [INFO] → GET /api/progress
[2026-07-31T03:14:44.312Z] [INFO] ← GET / 200 (3ms)
[2026-07-31T03:14:44.314Z] [INFO] → GET /api/projects
[2026-07-31T03:14:44.315Z] [INFO] ← GET / 304 (2ms)
[2026-07-31T03:14:44.316Z] [INFO] → GET /api/providers
[2026-07-31T03:14:44.320Z] [INFO] ← GET / 200 (3ms)
[2026-07-31T03:14:44.321Z] [INFO] → GET /api/analytics
[2026-07-31T03:14:44.322Z] [INFO] ← GET / 200 (2ms)
[2026-07-31T03:14:46.039Z] [INFO] → GET /api/rag/docs
[2026-07-31T03:14:46.040Z] [INFO] ← GET /docs 304 (2ms)
[2026-07-31T03:14:46.043Z] [INFO] → GET /api/history
[2026-07-31T03:14:46.047Z] [INFO] ← GET / 200 (4ms)
[2026-07-31T03:14:49.308Z] [INFO] → GET /api/rag/docs
[2026-07-31T03:14:49.309Z] [INFO] ← GET /docs 304 (2ms)
[2026-07-31T03:14:49.878Z] [INFO] → GET /assets/index-cou4ivG4.js
[2026-07-31T03:14:49.887Z] [INFO] ← GET /assets/index-cou4ivG4.js 200 (8ms)
[2026-07-31T03:15:26.227Z] [INFO] → GET /api/rag/docs
[2026-07-31T03:15:26.229Z] [INFO] ← GET /docs 304 (1ms)
[2026-07-31T03:15:26.232Z] [INFO] → GET /api/history
[2026-07-31T03:15:26.236Z] [INFO] ← GET / 304 (4ms)
[2026-07-31T03:15:38.455Z] [INFO] → GET /api/rag/docs
[2026-07-31T03:15:38.457Z] [INFO] ← GET /docs 304 (2ms)
[2026-07-31T03:15:38.458Z] [INFO] → GET /api/history
[2026-07-31T03:15:38.462Z] [INFO] ← GET / 304 (4ms)
[2026-07-31T03:15:46.612Z] [INFO] → POST /api/history/clear
[2026-07-31T03:15:46.616Z] [INFO] ← POST /clear 200 (4ms)
[2026-07-31T03:15:46.620Z] [INFO] → GET /api/history
[2026-07-31T03:15:46.621Z] [INFO] ← GET / 200 (2ms)
[2026-07-31T03:15:47.688Z] [INFO] → GET /api/rag/docs
[2026-07-31T03:15:47.689Z] [INFO] ← GET /docs 304 (2ms)
[2026-07-31T03:15:48.634Z] [INFO] → GET /api/history
[2026-07-31T03:15:48.637Z] [INFO] ← GET / 200 (3ms)
[2026-07-31T03:16:01.377Z] [INFO] → DELETE /api/history/e8bf56d4-f378-46c4-907d-3f201790da28
[2026-07-31T03:16:01.380Z] [INFO] ← DELETE /e8bf56d4-f378-46c4-907d-3f201790da28 200 (4ms)
[2026-07-31T03:16:01.383Z] [INFO] → GET /api/history
[2026-07-31T03:16:01.385Z] [INFO] ← GET / 200 (2ms)
[2026-07-31T03:16:01.635Z] [INFO] → DELETE /api/history/aa1bcb15-f943-4876-b554-1bd9160e17c6
[2026-07-31T03:16:01.638Z] [INFO] ← DELETE /aa1bcb15-f943-4876-b554-1bd9160e17c6 200 (3ms)
[2026-07-31T03:16:01.640Z] [INFO] → GET /api/history
[2026-07-31T03:16:01.642Z] [INFO] ← GET / 200 (1ms)
[2026-07-31T03:16:02.043Z] [INFO] → GET /api/history/19f2c342-d069-4d61-bca6-0966bc943f07
[2026-07-31T03:16:02.045Z] [INFO] ← GET /19f2c342-d069-4d61-bca6-0966bc943f07 200 (1ms)
[2026-07-31T03:16:02.055Z] [INFO] → PATCH /api/history/19f2c342-d069-4d61-bca6-0966bc943f07
[2026-07-31T03:16:02.059Z] [INFO] ← PATCH /19f2c342-d069-4d61-bca6-0966bc943f07 200 (4ms)
[2026-07-31T03:16:02.067Z] [INFO] → GET /api/history/19f2c342-d069-4d61-bca6-0966bc943f07
[2026-07-31T03:16:02.069Z] [INFO] ← GET /19f2c342-d069-4d61-bca6-0966bc943f07 200 (1ms)
[2026-07-31T03:16:02.070Z] [INFO] → PATCH /api/history/19f2c342-d069-4d61-bca6-0966bc943f07
[2026-07-31T03:16:02.073Z] [INFO] ← PATCH /19f2c342-d069-4d61-bca6-0966bc943f07 200 (2ms)
[2026-07-31T03:16:02.077Z] [INFO] → GET /api/history/19f2c342-d069-4d61-bca6-0966bc943f07
[2026-07-31T03:16:02.077Z] [INFO] ← GET /19f2c342-d069-4d61-bca6-0966bc943f07 200 (1ms)
[2026-07-31T03:16:02.078Z] [INFO] → PATCH /api/history/19f2c342-d069-4d61-bca6-0966bc943f07
[2026-07-31T03:16:02.080Z] [INFO] ← PATCH /19f2c342-d069-4d61-bca6-0966bc943f07 200 (2ms)
[2026-07-31T03:16:02.083Z] [INFO] → GET /api/history/19f2c342-d069-4d61-bca6-0966bc943f07
[2026-07-31T03:16:02.084Z] [INFO] ← GET /19f2c342-d069-4d61-bca6-0966bc943f07 200 (1ms)
[2026-07-31T03:16:02.086Z] [INFO] → PATCH /api/history/19f2c342-d069-4d61-bca6-0966bc943f07
[2026-07-31T03:16:02.089Z] [INFO] ← PATCH /19f2c342-d069-4d61-bca6-0966bc943f07 200 (3ms)
[2026-07-31T03:16:02.092Z] [INFO] → GET /api/history/19f2c342-d069-4d61-bca6-0966bc943f07
[2026-07-31T03:16:02.094Z] [INFO] ← GET /19f2c342-d069-4d61-bca6-0966bc943f07 200 (1ms)
[2026-07-31T03:16:02.096Z] [INFO] → PATCH /api/history/19f2c342-d069-4d61-bca6-0966bc943f07
[2026-07-31T03:16:02.099Z] [INFO] ← PATCH /19f2c342-d069-4d61-bca6-0966bc943f07 200 (3ms)
[2026-07-31T03:16:02.103Z] [INFO] → GET /api/history/19f2c342-d069-4d61-bca6-0966bc943f07
[2026-07-31T03:16:02.104Z] [INFO] ← GET /19f2c342-d069-4d61-bca6-0966bc943f07 200 (2ms)
[2026-07-31T03:16:02.105Z] [INFO] → PATCH /api/history/19f2c342-d069-4d61-bca6-0966bc943f07
[2026-07-31T03:16:02.109Z] [INFO] ← PATCH /19f2c342-d069-4d61-bca6-0966bc943f07 200 (3ms)
[2026-07-31T03:16:02.112Z] [INFO] → GET /api/history/19f2c342-d069-4d61-bca6-0966bc943f07
[2026-07-31T03:16:02.113Z] [INFO] ← GET /19f2c342-d069-4d61-bca6-0966bc943f07 200 (2ms)
[2026-07-31T03:16:02.114Z] [INFO] → PATCH /api/history/19f2c342-d069-4d61-bca6-0966bc943f07
[2026-07-31T03:16:02.118Z] [INFO] ← PATCH /19f2c342-d069-4d61-bca6-0966bc943f07 200 (3ms)
[2026-07-31T03:16:02.121Z] [INFO] → GET /api/history/19f2c342-d069-4d61-bca6-0966bc943f07
[2026-07-31T03:16:02.122Z] [INFO] ← GET /19f2c342-d069-4d61-bca6-0966bc943f07 200 (2ms)
[2026-07-31T03:16:02.124Z] [INFO] → PATCH /api/history/19f2c342-d069-4d61-bca6-0966bc943f07
[2026-07-31T03:16:02.127Z] [INFO] ← PATCH /19f2c342-d069-4d61-bca6-0966bc943f07 200 (3ms)
[2026-07-31T03:16:02.131Z] [INFO] → GET /api/history/19f2c342-d069-4d61-bca6-0966bc943f07
[2026-07-31T03:16:02.132Z] [INFO] ← GET /19f2c342-d069-4d61-bca6-0966bc943f07 200 (1ms)
[2026-07-31T03:16:02.133Z] [INFO] → PATCH /api/history/19f2c342-d069-4d61-bca6-0966bc943f07
[2026-07-31T03:16:02.135Z] [INFO] ← PATCH /19f2c342-d069-4d61-bca6-0966bc943f07 200 (3ms)
[2026-07-31T03:16:02.138Z] [INFO] → GET /api/history/19f2c342-d069-4d61-bca6-0966bc943f07
[2026-07-31T03:16:02.139Z] [INFO] ← GET /19f2c342-d069-4d61-bca6-0966bc943f07 200 (2ms)
[2026-07-31T03:16:02.140Z] [INFO] → PATCH /api/history/19f2c342-d069-4d61-bca6-0966bc943f07
[2026-07-31T03:16:02.142Z] [INFO] ← PATCH /19f2c342-d069-4d61-bca6-0966bc943f07 200 (2ms)
[2026-07-31T03:16:02.145Z] [INFO] → GET /api/history/19f2c342-d069-4d61-bca6-0966bc943f07
[2026-07-31T03:16:02.147Z] [INFO] ← GET /19f2c342-d069-4d61-bca6-0966bc943f07 200 (1ms)
[2026-07-31T03:16:02.148Z] [INFO] → PATCH /api/history/19f2c342-d069-4d61-bca6-0966bc943f07
[2026-07-31T03:16:02.151Z] [INFO] ← PATCH /19f2c342-d069-4d61-bca6-0966bc943f07 200 (3ms)
[2026-07-31T03:16:02.154Z] [INFO] → GET /api/history/19f2c342-d069-4d61-bca6-0966bc943f07
[2026-07-31T03:16:02.154Z] [INFO] ← GET /19f2c342-d069-4d61-bca6-0966bc943f07 200 (1ms)
[2026-07-31T03:16:02.155Z] [INFO] → PATCH /api/history/19f2c342-d069-4d61-bca6-0966bc943f07
[2026-07-31T03:16:02.158Z] [INFO] ← PATCH /19f2c342-d069-4d61-bca6-0966bc943f07 200 (2ms)
[2026-07-31T03:16:02.161Z] [INFO] → GET /api/history/19f2c342-d069-4d61-bca6-0966bc943f07
[2026-07-31T03:16:02.162Z] [INFO] ← GET /19f2c342-d069-4d61-bca6-0966bc943f07 200 (1ms)
[2026-07-31T03:16:02.163Z] [INFO] → PATCH /api/history/19f2c342-d069-4d61-bca6-0966bc943f07
[2026-07-31T03:16:02.167Z] [INFO] ← PATCH /19f2c342-d069-4d61-bca6-0966bc943f07 200 (3ms)
[2026-07-31T03:16:02.170Z] [INFO] → GET /api/history/19f2c342-d069-4d61-bca6-0966bc943f07
[2026-07-31T03:16:02.172Z] [INFO] ← GET /19f2c342-d069-4d61-bca6-0966bc943f07 200 (2ms)
[2026-07-31T03:16:02.173Z] [INFO] → PATCH /api/history/19f2c342-d069-4d61-bca6-0966bc943f07
[2026-07-31T03:16:02.176Z] [INFO] ← PATCH /19f2c342-d069-4d61-bca6-0966bc943f07 200 (3ms)
[2026-07-31T03:16:02.179Z] [INFO] → GET /api/history/19f2c342-d069-4d61-bca6-0966bc943f07
[2026-07-31T03:16:02.181Z] [INFO] ← GET /19f2c342-d069-4d61-bca6-0966bc943f07 200 (2ms)
[2026-07-31T03:16:02.182Z] [INFO] → PATCH /api/history/19f2c342-d069-4d61-bca6-0966bc943f07
[2026-07-31T03:16:02.185Z] [INFO] ← PATCH /19f2c342-d069-4d61-bca6-0966bc943f07 200 (4ms)
[2026-07-31T03:16:02.189Z] [INFO] → GET /api/history/19f2c342-d069-4d61-bca6-0966bc943f07
[2026-07-31T03:16:02.190Z] [INFO] ← GET /19f2c342-d069-4d61-bca6-0966bc943f07 200 (2ms)
[2026-07-31T03:16:02.192Z] [INFO] → PATCH /api/history/19f2c342-d069-4d61-bca6-0966bc943f07
[2026-07-31T03:16:02.195Z] [INFO] ← PATCH /19f2c342-d069-4d61-bca6-0966bc943f07 200 (4ms)
[2026-07-31T03:16:02.198Z] [INFO] → GET /api/history/19f2c342-d069-4d61-bca6-0966bc943f07
[2026-07-31T03:16:02.200Z] [INFO] ← GET /19f2c342-d069-4d61-bca6-0966bc943f07 200 (1ms)
[2026-07-31T03:16:02.201Z] [INFO] → PATCH /api/history/19f2c342-d069-4d61-bca6-0966bc943f07
[2026-07-31T03:16:02.204Z] [INFO] ← PATCH /19f2c342-d069-4d61-bca6-0966bc943f07 200 (3ms)
[2026-07-31T03:16:02.207Z] [INFO] → GET /api/history/19f2c342-d069-4d61-bca6-0966bc943f07
[2026-07-31T03:16:02.208Z] [INFO] ← GET /19f2c342-d069-4d61-bca6-0966bc943f07 200 (1ms)
[2026-07-31T03:16:02.209Z] [INFO] → PATCH /api/history/19f2c342-d069-4d61-bca6-0966bc943f07
[2026-07-31T03:16:02.212Z] [INFO] ← PATCH /19f2c342-d069-4d61-bca6-0966bc943f07 200 (3ms)
[2026-07-31T03:16:02.215Z] [INFO] → GET /api/history/19f2c342-d069-4d61-bca6-0966bc943f07
[2026-07-31T03:16:02.216Z] [INFO] ← GET /19f2c342-d069-4d61-bca6-0966bc943f07 200 (1ms)
[2026-07-31T03:16:02.217Z] [INFO] → PATCH /api/history/19f2c342-d069-4d61-bca6-0966bc943f07
[2026-07-31T03:16:02.220Z] [INFO] ← PATCH /19f2c342-d069-4d61-bca6-0966bc943f07 200 (3ms)
[2026-07-31T03:16:02.223Z] [INFO] → GET /api/history/19f2c342-d069-4d61-bca6-0966bc943f07
[2026-07-31T03:16:02.224Z] [INFO] ← GET /19f2c342-d069-4d61-bca6-0966bc943f07 200 (1ms)
[2026-07-31T03:16:02.225Z] [INFO] → PATCH /api/history/19f2c342-d069-4d61-bca6-0966bc943f07
[2026-07-31T03:16:02.227Z] [INFO] ← PATCH /19f2c342-d069-4d61-bca6-0966bc943f07 200 (2ms)
[2026-07-31T03:16:02.230Z] [INFO] → GET /api/history/19f2c342-d069-4d61-bca6-0966bc943f07
[2026-07-31T03:16:02.231Z] [INFO] ← GET /19f2c342-d069-4d61-bca6-0966bc943f07 200 (2ms)
[2026-07-31T03:16:02.232Z] [INFO] → PATCH /api/history/19f2c342-d069-4d61-bca6-0966bc943f07
[2026-07-31T03:16:02.235Z] [INFO] ← PATCH /19f2c342-d069-4d61-bca6-0966bc943f07 200 (3ms)
[2026-07-31T03:16:02.238Z] [INFO] → GET /api/history/19f2c342-d069-4d61-bca6-0966bc943f07
[2026-07-31T03:16:02.239Z] [INFO] ← GET /19f2c342-d069-4d61-bca6-0966bc943f07 200 (1ms)
[2026-07-31T03:16:02.240Z] [INFO] → PATCH /api/history/19f2c342-d069-4d61-bca6-0966bc943f07
[2026-07-31T03:16:02.244Z] [INFO] ← PATCH /19f2c342-d069-4d61-bca6-0966bc943f07 200 (3ms)
[2026-07-31T03:16:02.246Z] [INFO] → GET /api/history/19f2c342-d069-4d61-bca6-0966bc943f07
[2026-07-31T03:16:02.248Z] [INFO] ← GET /19f2c342-d069-4d61-bca6-0966bc943f07 200 (1ms)
[2026-07-31T03:16:02.249Z] [INFO] → PATCH /api/history/19f2c342-d069-4d61-bca6-0966bc943f07
[2026-07-31T03:16:02.252Z] [INFO] ← PATCH /19f2c342-d069-4d61-bca6-0966bc943f07 200 (3ms)
[2026-07-31T03:16:02.255Z] [INFO] → GET /api/history/19f2c342-d069-4d61-bca6-0966bc943f07
[2026-07-31T03:16:02.257Z] [INFO] ← GET /19f2c342-d069-4d61-bca6-0966bc943f07 200 (1ms)
[2026-07-31T03:16:02.258Z] [INFO] → PATCH /api/history/19f2c342-d069-4d61-bca6-0966bc943f07
[2026-07-31T03:16:02.261Z] [INFO] ← PATCH /19f2c342-d069-4d61-bca6-0966bc943f07 200 (3ms)
[2026-07-31T03:16:02.265Z] [INFO] → GET /api/history/19f2c342-d069-4d61-bca6-0966bc943f07
[2026-07-31T03:16:02.266Z] [INFO] ← GET /19f2c342-d069-4d61-bca6-0966bc943f07 200 (1ms)
[2026-07-31T03:16:02.267Z] [INFO] → PATCH /api/history/19f2c342-d069-4d61-bca6-0966bc943f07
[2026-07-31T03:16:02.270Z] [INFO] ← PATCH /19f2c342-d069-4d61-bca6-0966bc943f07 200 (3ms)
[2026-07-31T03:16:02.273Z] [INFO] → GET /api/history/19f2c342-d069-4d61-bca6-0966bc943f07
[2026-07-31T03:16:02.274Z] [INFO] ← GET /19f2c342-d069-4d61-bca6-0966bc943f07 200 (2ms)
[2026-07-31T03:16:02.276Z] [INFO] → PATCH /api/history/19f2c342-d069-4d61-bca6-0966bc943f07
[2026-07-31T03:16:02.279Z] [INFO] ← PATCH /19f2c342-d069-4d61-bca6-0966bc943f07 200 (3ms)
[2026-07-31T03:16:02.282Z] [INFO] → GET /api/history/19f2c342-d069-4d61-bca6-0966bc943f07
[2026-07-31T03:16:02.283Z] [INFO] ← GET /19f2c342-d069-4d61-bca6-0966bc943f07 200 (2ms)
[2026-07-31T03:16:02.285Z] [INFO] → PATCH /api/history/19f2c342-d069-4d61-bca6-0966bc943f07
[2026-07-31T03:16:02.288Z] [INFO] ← PATCH /19f2c342-d069-4d61-bca6-0966bc943f07 200 (3ms)
[2026-07-31T03:16:02.292Z] [INFO] → GET /api/history/19f2c342-d069-4d61-bca6-0966bc943f07
[2026-07-31T03:16:02.293Z] [INFO] ← GET /19f2c342-d069-4d61-bca6-0966bc943f07 200 (2ms)
[2026-07-31T03:16:02.294Z] [INFO] → PATCH /api/history/19f2c342-d069-4d61-bca6-0966bc943f07
[2026-07-31T03:16:02.299Z] [INFO] ← PATCH /19f2c342-d069-4d61-bca6-0966bc943f07 200 (4ms)
[2026-07-31T03:16:02.304Z] [INFO] → GET /api/history/19f2c342-d069-4d61-bca6-0966bc943f07
[2026-07-31T03:16:02.306Z] [INFO] ← GET /19f2c342-d069-4d61-bca6-0966bc943f07 200 (2ms)
[2026-07-31T03:16:02.307Z] [INFO] → PATCH /api/history/19f2c342-d069-4d61-bca6-0966bc943f07
[2026-07-31T03:16:02.311Z] [INFO] ← PATCH /19f2c342-d069-4d61-bca6-0966bc943f07 200 (4ms)
[2026-07-31T03:16:02.315Z] [INFO] → GET /api/history/19f2c342-d069-4d61-bca6-0966bc943f07
[2026-07-31T03:16:02.316Z] [INFO] ← GET /19f2c342-d069-4d61-bca6-0966bc943f07 200 (2ms)
[2026-07-31T03:16:02.318Z] [INFO] → PATCH /api/history/19f2c342-d069-4d61-bca6-0966bc943f07
[2026-07-31T03:16:02.321Z] [INFO] ← PATCH /19f2c342-d069-4d61-bca6-0966bc943f07 200 (3ms)
[2026-07-31T03:16:02.325Z] [INFO] → GET /api/history/19f2c342-d069-4d61-bca6-0966bc943f07
[2026-07-31T03:16:02.326Z] [INFO] ← GET /19f2c342-d069-4d61-bca6-0966bc943f07 200 (1ms)
[2026-07-31T03:16:02.327Z] [INFO] → PATCH /api/history/19f2c342-d069-4d61-bca6-0966bc943f07
[2026-07-31T03:16:02.330Z] [INFO] ← PATCH /19f2c342-d069-4d61-bca6-0966bc943f07 200 (3ms)
[2026-07-31T03:16:02.333Z] [INFO] → GET /api/history/19f2c342-d069-4d61-bca6-0966bc943f07
[2026-07-31T03:16:02.334Z] [INFO] ← GET /19f2c342-d069-4d61-bca6-0966bc943f07 200 (1ms)
[2026-07-31T03:16:02.335Z] [INFO] → PATCH /api/history/19f2c342-d069-4d61-bca6-0966bc943f07
[2026-07-31T03:16:02.338Z] [INFO] ← PATCH /19f2c342-d069-4d61-bca6-0966bc943f07 200 (2ms)
[2026-07-31T03:16:02.342Z] [INFO] → GET /api/history/19f2c342-d069-4d61-bca6-0966bc943f07
[2026-07-31T03:16:02.343Z] [INFO] ← GET /19f2c342-d069-4d61-bca6-0966bc943f07 200 (2ms)
[2026-07-31T03:16:02.345Z] [INFO] → PATCH /api/history/19f2c342-d069-4d61-bca6-0966bc943f07
[2026-07-31T03:16:02.348Z] [INFO] ← PATCH /19f2c342-d069-4d61-bca6-0966bc943f07 200 (4ms)
[2026-07-31T03:16:02.352Z] [INFO] → GET /api/history/19f2c342-d069-4d61-bca6-0966bc943f07
[2026-07-31T03:16:02.353Z] [INFO] ← GET /19f2c342-d069-4d61-bca6-0966bc943f07 200 (2ms)
[2026-07-31T03:16:02.354Z] [INFO] → PATCH /api/history/19f2c342-d069-4d61-bca6-0966bc943f07
[2026-07-31T03:16:02.358Z] [INFO] ← PATCH /19f2c342-d069-4d61-bca6-0966bc943f07 200 (4ms)
[2026-07-31T03:16:02.373Z] [INFO] → GET /api/history/19f2c342-d069-4d61-bca6-0966bc943f07
[2026-07-31T03:16:02.374Z] [INFO] ← GET /19f2c342-d069-4d61-bca6-0966bc943f07 200 (2ms)
[2026-07-31T03:16:02.375Z] [INFO] → PATCH /api/history/19f2c342-d069-4d61-bca6-0966bc943f07
[2026-07-31T03:16:02.379Z] [INFO] ← PATCH /19f2c342-d069-4d61-bca6-0966bc943f07 200 (3ms)
[2026-07-31T03:16:02.383Z] [INFO] → GET /api/history/19f2c342-d069-4d61-bca6-0966bc943f07
[2026-07-31T03:16:02.385Z] [INFO] ← GET /19f2c342-d069-4d61-bca6-0966bc943f07 200 (1ms)
[2026-07-31T03:16:02.386Z] [INFO] → PATCH /api/history/19f2c342-d069-4d61-bca6-0966bc943f07
[2026-07-31T03:16:02.389Z] [INFO] ← PATCH /19f2c342-d069-4d61-bca6-0966bc943f07 200 (4ms)
[2026-07-31T03:16:02.392Z] [INFO] → GET /api/history/19f2c342-d069-4d61-bca6-0966bc943f07
[2026-07-31T03:16:02.393Z] [INFO] ← GET /19f2c342-d069-4d61-bca6-0966bc943f07 200 (1ms)
[2026-07-31T03:16:02.394Z] [INFO] → PATCH /api/history/19f2c342-d069-4d61-bca6-0966bc943f07
[2026-07-31T03:16:02.397Z] [INFO] ← PATCH /19f2c342-d069-4d61-bca6-0966bc943f07 200 (3ms)
[2026-07-31T03:16:02.401Z] [INFO] → GET /api/history/19f2c342-d069-4d61-bca6-0966bc943f07
[2026-07-31T03:16:02.402Z] [INFO] ← GET /19f2c342-d069-4d61-bca6-0966bc943f07 200 (1ms)
[2026-07-31T03:16:02.403Z] [INFO] → PATCH /api/history/19f2c342-d069-4d61-bca6-0966bc943f07
[2026-07-31T03:16:02.405Z] [INFO] ← PATCH /19f2c342-d069-4d61-bca6-0966bc943f07 200 (3ms)
[2026-07-31T03:16:02.409Z] [INFO] → GET /api/history/19f2c342-d069-4d61-bca6-0966bc943f07
[2026-07-31T03:16:02.410Z] [INFO] ← GET /19f2c342-d069-4d61-bca6-0966bc943f07 200 (2ms)
[2026-07-31T03:16:02.411Z] [INFO] → PATCH /api/history/19f2c342-d069-4d61-bca6-0966bc943f07
[2026-07-31T03:16:02.414Z] [INFO] ← PATCH /19f2c342-d069-4d61-bca6-0966bc943f07 200 (2ms)
[2026-07-31T03:16:02.417Z] [INFO] → GET /api/history/19f2c342-d069-4d61-bca6-0966bc943f07
[2026-07-31T03:16:02.418Z] [INFO] ← GET /19f2c342-d069-4d61-bca6-0966bc943f07 200 (1ms)
[2026-07-31T03:16:02.419Z] [INFO] → PATCH /api/history/19f2c342-d069-4d61-bca6-0966bc943f07
[2026-07-31T03:16:02.423Z] [INFO] ← PATCH /19f2c342-d069-4d61-bca6-0966bc943f07 200 (5ms)
[2026-07-31T03:16:02.427Z] [INFO] → GET /api/history/19f2c342-d069-4d61-bca6-0966bc943f07
[2026-07-31T03:16:02.429Z] [INFO] ← GET /19f2c342-d069-4d61-bca6-0966bc943f07 200 (1ms)
[2026-07-31T03:16:02.430Z] [INFO] → PATCH /api/history/19f2c342-d069-4d61-bca6-0966bc943f07
[2026-07-31T03:16:02.433Z] [INFO] ← PATCH /19f2c342-d069-4d61-bca6-0966bc943f07 200 (2ms)
[2026-07-31T03:16:02.437Z] [INFO] → GET /api/history/19f2c342-d069-4d61-bca6-0966bc943f07
[2026-07-31T03:16:02.439Z] [INFO] ← GET /19f2c342-d069-4d61-bca6-0966bc943f07 200 (2ms)
[2026-07-31T03:16:02.440Z] [INFO] → PATCH /api/history/19f2c342-d069-4d61-bca6-0966bc943f07
[2026-07-31T03:16:02.443Z] [INFO] ← PATCH /19f2c342-d069-4d61-bca6-0966bc943f07 200 (4ms)
[2026-07-31T03:16:02.446Z] [INFO] → GET /api/history/19f2c342-d069-4d61-bca6-0966bc943f07
[2026-07-31T03:16:02.447Z] [INFO] ← GET /19f2c342-d069-4d61-bca6-0966bc943f07 200 (2ms)
[2026-07-31T03:16:02.448Z] [INFO] → PATCH /api/history/19f2c342-d069-4d61-bca6-0966bc943f07
[2026-07-31T03:16:02.452Z] [INFO] ← PATCH /19f2c342-d069-4d61-bca6-0966bc943f07 200 (3ms)
[2026-07-31T03:16:02.455Z] [INFO] → GET /api/history/19f2c342-d069-4d61-bca6-0966bc943f07
[2026-07-31T03:16:02.456Z] [INFO] ← GET /19f2c342-d069-4d61-bca6-0966bc943f07 200 (1ms)
[2026-07-31T03:16:02.457Z] [INFO] → PATCH /api/history/19f2c342-d069-4d61-bca6-0966bc943f07
[2026-07-31T03:16:02.460Z] [INFO] ← PATCH /19f2c342-d069-4d61-bca6-0966bc943f07 200 (3ms)
[2026-07-31T03:16:02.462Z] [INFO] → GET /api/history/19f2c342-d069-4d61-bca6-0966bc943f07
[2026-07-31T03:16:02.464Z] [INFO] ← GET /19f2c342-d069-4d61-bca6-0966bc943f07 200 (1ms)
[2026-07-31T03:16:02.465Z] [INFO] → PATCH /api/history/19f2c342-d069-4d61-bca6-0966bc943f07
[2026-07-31T03:16:02.467Z] [INFO] ← PATCH /19f2c342-d069-4d61-bca6-0966bc943f07 200 (3ms)
[2026-07-31T03:16:02.470Z] [INFO] → GET /api/history/19f2c342-d069-4d61-bca6-0966bc943f07
[2026-07-31T03:16:02.472Z] [INFO] ← GET /19f2c342-d069-4d61-bca6-0966bc943f07 200 (1ms)
[2026-07-31T03:16:02.473Z] [INFO] → PATCH /api/history/19f2c342-d069-4d61-bca6-0966bc943f07
[2026-07-31T03:16:02.477Z] [INFO] ← PATCH /19f2c342-d069-4d61-bca6-0966bc943f07 200 (4ms)
[2026-07-31T03:16:02.480Z] [INFO] → GET /api/history/19f2c342-d069-4d61-bca6-0966bc943f07
[2026-07-31T03:16:02.481Z] [INFO] ← GET /19f2c342-d069-4d61-bca6-0966bc943f07 200 (1ms)
[2026-07-31T03:16:02.482Z] [INFO] → PATCH /api/history/19f2c342-d069-4d61-bca6-0966bc943f07
[2026-07-31T03:16:02.485Z] [INFO] ← PATCH /19f2c342-d069-4d61-bca6-0966bc943f07 200 (4ms)
[2026-07-31T03:16:02.488Z] [INFO] → GET /api/history/19f2c342-d069-4d61-bca6-0966bc943f07
[2026-07-31T03:16:02.490Z] [INFO] ← GET /19f2c342-d069-4d61-bca6-0966bc943f07 200 (1ms)
[2026-07-31T03:16:02.491Z] [INFO] → PATCH /api/history/19f2c342-d069-4d61-bca6-0966bc943f07
[2026-07-31T03:16:02.494Z] [INFO] ← PATCH /19f2c342-d069-4d61-bca6-0966bc943f07 200 (3ms)
[2026-07-31T03:16:02.498Z] [INFO] → GET /api/history/19f2c342-d069-4d61-bca6-0966bc943f07
[2026-07-31T03:16:02.499Z] [INFO] ← GET /19f2c342-d069-4d61-bca6-0966bc943f07 200 (1ms)
[2026-07-31T03:16:02.500Z] [INFO] → PATCH /api/history/19f2c342-d069-4d61-bca6-0966bc943f07
[2026-07-31T03:16:02.503Z] [INFO] ← PATCH /19f2c342-d069-4d61-bca6-0966bc943f07 200 (3ms)
[2026-07-31T03:16:02.507Z] [INFO] → GET /api/history/19f2c342-d069-4d61-bca6-0966bc943f07
[2026-07-31T03:16:02.508Z] [INFO] ← GET /19f2c342-d069-4d61-bca6-0966bc943f07 200 (1ms)
[2026-07-31T03:16:02.509Z] [INFO] → PATCH /api/history/19f2c342-d069-4d61-bca6-0966bc943f07
[2026-07-31T03:16:02.511Z] [INFO] ← PATCH /19f2c342-d069-4d61-bca6-0966bc943f07 200 (2ms)
[2026-07-31T03:16:02.515Z] [INFO] → GET /api/history/19f2c342-d069-4d61-bca6-0966bc943f07
[2026-07-31T03:16:02.516Z] [INFO] ← GET /19f2c342-d069-4d61-bca6-0966bc943f07 200 (1ms)
[2026-07-31T03:16:02.517Z] [INFO] → PATCH /api/history/19f2c342-d069-4d61-bca6-0966bc943f07
[2026-07-31T03:16:02.520Z] [INFO] ← PATCH /19f2c342-d069-4d61-bca6-0966bc943f07 200 (3ms)
[2026-07-31T03:16:02.523Z] [INFO] → GET /api/history/19f2c342-d069-4d61-bca6-0966bc943f07
[2026-07-31T03:16:02.524Z] [INFO] ← GET /19f2c342-d069-4d61-bca6-0966bc943f07 200 (2ms)
[2026-07-31T03:16:02.525Z] [INFO] → PATCH /api/history/19f2c342-d069-4d61-bca6-0966bc943f07
[2026-07-31T03:16:02.529Z] [INFO] ← PATCH /19f2c342-d069-4d61-bca6-0966bc943f07 200 (4ms)
[2026-07-31T03:16:02.532Z] [INFO] → GET /api/history/19f2c342-d069-4d61-bca6-0966bc943f07
[2026-07-31T03:16:02.533Z] [INFO] ← GET /19f2c342-d069-4d61-bca6-0966bc943f07 200 (1ms)
[2026-07-31T03:16:02.534Z] [INFO] → PATCH /api/history/19f2c342-d069-4d61-bca6-0966bc943f07
[2026-07-31T03:16:02.537Z] [INFO] ← PATCH /19f2c342-d069-4d61-bca6-0966bc943f07 200 (2ms)
[2026-07-31T03:16:02.540Z] [INFO] → GET /api/history/19f2c342-d069-4d61-bca6-0966bc943f07
[2026-07-31T03:16:02.541Z] [INFO] ← GET /19f2c342-d069-4d61-bca6-0966bc943f07 200 (2ms)
[2026-07-31T03:16:02.542Z] [INFO] → PATCH /api/history/19f2c342-d069-4d61-bca6-0966bc943f07
[2026-07-31T03:16:02.545Z] [INFO] ← PATCH /19f2c342-d069-4d61-bca6-0966bc943f07 200 (2ms)
[2026-07-31T03:16:02.549Z] [INFO] → GET /api/history/19f2c342-d069-4d61-bca6-0966bc943f07
[2026-07-31T03:16:02.550Z] [INFO] ← GET /19f2c342-d069-4d61-bca6-0966bc943f07 200 (2ms)
[2026-07-31T03:16:02.552Z] [INFO] → PATCH /api/history/19f2c342-d069-4d61-bca6-0966bc943f07
[2026-07-31T03:16:02.555Z] [INFO] ← PATCH /19f2c342-d069-4d61-bca6-0966bc943f07 200 (4ms)
[2026-07-31T03:16:02.558Z] [INFO] → GET /api/history/19f2c342-d069-4d61-bca6-0966bc943f07
[2026-07-31T03:16:02.559Z] [INFO] ← GET /19f2c342-d069-4d61-bca6-0966bc943f07 200 (1ms)
[2026-07-31T03:16:02.561Z] [INFO] → PATCH /api/history/19f2c342-d069-4d61-bca6-0966bc943f07
[2026-07-31T03:16:02.564Z] [INFO] ← PATCH /19f2c342-d069-4d61-bca6-0966bc943f07 200 (3ms)
[2026-07-31T03:16:02.567Z] [INFO] → GET /api/history/19f2c342-d069-4d61-bca6-0966bc943f07
[2026-07-31T03:16:02.568Z] [INFO] ← GET /19f2c342-d069-4d61-bca6-0966bc943f07 200 (2ms)
[2026-07-31T03:16:02.570Z] [INFO] → PATCH /api/history/19f2c342-d069-4d61-bca6-0966bc943f07
[2026-07-31T03:16:02.572Z] [INFO] ← PATCH /19f2c342-d069-4d61-bca6-0966bc943f07 200 (3ms)
[2026-07-31T03:16:02.576Z] [INFO] → GET /api/history/19f2c342-d069-4d61-bca6-0966bc943f07
[2026-07-31T03:16:02.577Z] [INFO] ← GET /19f2c342-d069-4d61-bca6-0966bc943f07 200 (1ms)
[2026-07-31T03:16:02.578Z] [INFO] → PATCH /api/history/19f2c342-d069-4d61-bca6-0966bc943f07
[2026-07-31T03:16:02.581Z] [INFO] ← PATCH /19f2c342-d069-4d61-bca6-0966bc943f07 200 (3ms)
[2026-07-31T03:16:02.584Z] [INFO] → GET /api/history/19f2c342-d069-4d61-bca6-0966bc943f07
[2026-07-31T03:16:02.585Z] [INFO] ← GET /19f2c342-d069-4d61-bca6-0966bc943f07 200 (0ms)
[2026-07-31T03:16:02.586Z] [INFO] → PATCH /api/history/19f2c342-d069-4d61-bca6-0966bc943f07
[2026-07-31T03:16:02.588Z] [INFO] ← PATCH /19f2c342-d069-4d61-bca6-0966bc943f07 200 (3ms)
[2026-07-31T03:16:02.591Z] [INFO] → GET /api/history/19f2c342-d069-4d61-bca6-0966bc943f07
[2026-07-31T03:16:02.593Z] [INFO] ← GET /19f2c342-d069-4d61-bca6-0966bc943f07 200 (1ms)
[2026-07-31T03:16:02.594Z] [INFO] → PATCH /api/history/19f2c342-d069-4d61-bca6-0966bc943f07
[2026-07-31T03:16:02.596Z] [INFO] ← PATCH /19f2c342-d069-4d61-bca6-0966bc943f07 200 (3ms)
[2026-07-31T03:16:02.599Z] [INFO] → GET /api/history/19f2c342-d069-4d61-bca6-0966bc943f07
[2026-07-31T03:16:02.600Z] [INFO] ← GET /19f2c342-d069-4d61-bca6-0966bc943f07 200 (1ms)
[2026-07-31T03:16:02.601Z] [INFO] → PATCH /api/history/19f2c342-d069-4d61-bca6-0966bc943f07
[2026-07-31T03:16:02.603Z] [INFO] ← PATCH /19f2c342-d069-4d61-bca6-0966bc943f07 200 (2ms)
[2026-07-31T03:16:02.608Z] [INFO] → GET /api/history/19f2c342-d069-4d61-bca6-0966bc943f07
[2026-07-31T03:16:02.609Z] [INFO] ← GET /19f2c342-d069-4d61-bca6-0966bc943f07 200 (2ms)
[2026-07-31T03:16:02.611Z] [INFO] → PATCH /api/history/19f2c342-d069-4d61-bca6-0966bc943f07
[2026-07-31T03:16:02.613Z] [INFO] ← PATCH /19f2c342-d069-4d61-bca6-0966bc943f07 200 (3ms)
[2026-07-31T03:16:02.617Z] [INFO] → GET /api/history/19f2c342-d069-4d61-bca6-0966bc943f07
[2026-07-31T03:16:02.619Z] [INFO] ← GET /19f2c342-d069-4d61-bca6-0966bc943f07 200 (1ms)
[2026-07-31T03:16:02.620Z] [INFO] → PATCH /api/history/19f2c342-d069-4d61-bca6-0966bc943f07
[2026-07-31T03:16:02.623Z] [INFO] ← PATCH /19f2c342-d069-4d61-bca6-0966bc943f07 200 (4ms)
[2026-07-31T03:16:02.626Z] [INFO] → GET /api/history/19f2c342-d069-4d61-bca6-0966bc943f07
[2026-07-31T03:16:02.627Z] [INFO] ← GET /19f2c342-d069-4d61-bca6-0966bc943f07 200 (1ms)
[2026-07-31T03:16:02.628Z] [INFO] → PATCH /api/history/19f2c342-d069-4d61-bca6-0966bc943f07
[2026-07-31T03:16:02.632Z] [INFO] ← PATCH /19f2c342-d069-4d61-bca6-0966bc943f07 200 (3ms)
[2026-07-31T03:16:02.635Z] [INFO] → GET /api/history/19f2c342-d069-4d61-bca6-0966bc943f07
[2026-07-31T03:16:02.636Z] [INFO] ← GET /19f2c342-d069-4d61-bca6-0966bc943f07 200 (1ms)
[2026-07-31T03:16:02.637Z] [INFO] → PATCH /api/history/19f2c342-d069-4d61-bca6-0966bc943f07
[2026-07-31T03:16:02.640Z] [INFO] ← PATCH /19f2c342-d069-4d61-bca6-0966bc943f07 200 (3ms)
[2026-07-31T03:16:02.642Z] [INFO] → GET /api/history/19f2c342-d069-4d61-bca6-0966bc943f07
[2026-07-31T03:16:02.644Z] [INFO] ← GET /19f2c342-d069-4d61-bca6-0966bc943f07 200 (1ms)
[2026-07-31T03:16:02.645Z] [INFO] → PATCH /api/history/19f2c342-d069-4d61-bca6-0966bc943f07
[2026-07-31T03:16:02.648Z] [INFO] ← PATCH /19f2c342-d069-4d61-bca6-0966bc943f07 200 (3ms)
[2026-07-31T03:16:02.649Z] [INFO] → GET /api/history/19f2c342-d069-4d61-bca6-0966bc943f07
[2026-07-31T03:16:02.651Z] [INFO] ← GET /19f2c342-d069-4d61-bca6-0966bc943f07 200 (1ms)
[2026-07-31T03:16:02.652Z] [INFO] → PATCH /api/history/19f2c342-d069-4d61-bca6-0966bc943f07
[2026-07-31T03:16:02.655Z] [INFO] ← PATCH /19f2c342-d069-4d61-bca6-0966bc943f07 200 (3ms)
[2026-07-31T03:16:02.657Z] [INFO] → GET /api/history/19f2c342-d069-4d61-bca6-0966bc943f07
[2026-07-31T03:16:02.658Z] [INFO] ← GET /19f2c342-d069-4d61-bca6-0966bc943f07 200 (1ms)
[2026-07-31T03:16:02.659Z] [INFO] → PATCH /api/history/19f2c342-d069-4d61-bca6-0966bc943f07
[2026-07-31T03:16:02.662Z] [INFO] ← PATCH /19f2c342-d069-4d61-bca6-0966bc943f07 200 (3ms)
[2026-07-31T03:16:02.664Z] [INFO] → GET /api/history/19f2c342-d069-4d61-bca6-0966bc943f07
[2026-07-31T03:16:02.666Z] [INFO] ← GET /19f2c342-d069-4d61-bca6-0966bc943f07 200 (1ms)
[2026-07-31T03:16:02.667Z] [INFO] → PATCH /api/history/19f2c342-d069-4d61-bca6-0966bc943f07
[2026-07-31T03:16:02.670Z] [INFO] ← PATCH /19f2c342-d069-4d61-bca6-0966bc943f07 200 (3ms)
[2026-07-31T03:16:02.672Z] [INFO] → GET /api/history/19f2c342-d069-4d61-bca6-0966bc943f07
[2026-07-31T03:16:02.673Z] [INFO] ← GET /19f2c342-d069-4d61-bca6-0966bc943f07 200 (2ms)
[2026-07-31T03:16:02.674Z] [INFO] → PATCH /api/history/19f2c342-d069-4d61-bca6-0966bc943f07
[2026-07-31T03:16:02.678Z] [INFO] ← PATCH /19f2c342-d069-4d61-bca6-0966bc943f07 200 (3ms)
[2026-07-31T03:16:02.681Z] [INFO] → GET /api/history/19f2c342-d069-4d61-bca6-0966bc943f07
[2026-07-31T03:16:02.682Z] [INFO] ← GET /19f2c342-d069-4d61-bca6-0966bc943f07 200 (1ms)
[2026-07-31T03:16:02.683Z] [INFO] → PATCH /api/history/19f2c342-d069-4d61-bca6-0966bc943f07
[2026-07-31T03:16:02.686Z] [INFO] ← PATCH /19f2c342-d069-4d61-bca6-0966bc943f07 200 (3ms)
[2026-07-31T03:16:02.689Z] [INFO] → GET /api/history/19f2c342-d069-4d61-bca6-0966bc943f07
[2026-07-31T03:16:02.690Z] [INFO] ← GET /19f2c342-d069-4d61-bca6-0966bc943f07 200 (1ms)
[2026-07-31T03:16:02.691Z] [INFO] → PATCH /api/history/19f2c342-d069-4d61-bca6-0966bc943f07
[2026-07-31T03:16:02.694Z] [INFO] ← PATCH /19f2c342-d069-4d61-bca6-0966bc943f07 200 (3ms)
[2026-07-31T03:16:02.697Z] [INFO] → GET /api/history/19f2c342-d069-4d61-bca6-0966bc943f07
[2026-07-31T03:16:02.698Z] [INFO] ← GET /19f2c342-d069-4d61-bca6-0966bc943f07 200 (1ms)
[2026-07-31T03:16:02.699Z] [INFO] → PATCH /api/history/19f2c342-d069-4d61-bca6-0966bc943f07
[2026-07-31T03:16:02.702Z] [INFO] ← PATCH /19f2c342-d069-4d61-bca6-0966bc943f07 200 (4ms)
[2026-07-31T03:16:02.706Z] [INFO] → GET /api/history/19f2c342-d069-4d61-bca6-0966bc943f07
[2026-07-31T03:16:02.707Z] [INFO] ← GET /19f2c342-d069-4d61-bca6-0966bc943f07 200 (2ms)
[2026-07-31T03:16:02.709Z] [INFO] → PATCH /api/history/19f2c342-d069-4d61-bca6-0966bc943f07
[2026-07-31T03:16:02.712Z] [INFO] ← PATCH /19f2c342-d069-4d61-bca6-0966bc943f07 200 (3ms)
[2026-07-31T03:16:02.715Z] [INFO] → GET /api/history/19f2c342-d069-4d61-bca6-0966bc943f07
[2026-07-31T03:16:02.716Z] [INFO] ← GET /19f2c342-d069-4d61-bca6-0966bc943f07 200 (1ms)
[2026-07-31T03:16:02.717Z] [INFO] → PATCH /api/history/19f2c342-d069-4d61-bca6-0966bc943f07
[2026-07-31T03:16:02.720Z] [INFO] ← PATCH /19f2c342-d069-4d61-bca6-0966bc943f07 200 (3ms)
[2026-07-31T03:16:02.723Z] [INFO] → GET /api/history/19f2c342-d069-4d61-bca6-0966bc943f07
[2026-07-31T03:16:02.724Z] [INFO] ← GET /19f2c342-d069-4d61-bca6-0966bc943f07 200 (2ms)
[2026-07-31T03:16:02.725Z] [INFO] → PATCH /api/history/19f2c342-d069-4d61-bca6-0966bc943f07
[2026-07-31T03:16:02.729Z] [INFO] ← PATCH /19f2c342-d069-4d61-bca6-0966bc943f07 200 (3ms)
[2026-07-31T03:16:02.732Z] [INFO] → GET /api/history/19f2c342-d069-4d61-bca6-0966bc943f07
[2026-07-31T03:16:02.733Z] [INFO] ← GET /19f2c342-d069-4d61-bca6-0966bc943f07 200 (1ms)
[2026-07-31T03:16:02.734Z] [INFO] → PATCH /api/history/19f2c342-d069-4d61-bca6-0966bc943f07
[2026-07-31T03:16:02.737Z] [INFO] ← PATCH /19f2c342-d069-4d61-bca6-0966bc943f07 200 (2ms)
[2026-07-31T03:16:02.739Z] [INFO] → GET /api/history/19f2c342-d069-4d61-bca6-0966bc943f07
[2026-07-31T03:16:02.740Z] [INFO] ← GET /19f2c342-d069-4d61-bca6-0966bc943f07 200 (1ms)
[2026-07-31T03:16:02.741Z] [INFO] → PATCH /api/history/19f2c342-d069-4d61-bca6-0966bc943f07
[2026-07-31T03:16:02.743Z] [INFO] ← PATCH /19f2c342-d069-4d61-bca6-0966bc943f07 200 (2ms)
[2026-07-31T03:16:02.745Z] [INFO] → GET /api/history/19f2c342-d069-4d61-bca6-0966bc943f07
[2026-07-31T03:16:02.746Z] [INFO] ← GET /19f2c342-d069-4d61-bca6-0966bc943f07 200 (1ms)
[2026-07-31T03:16:02.748Z] [INFO] → PATCH /api/history/19f2c342-d069-4d61-bca6-0966bc943f07
[2026-07-31T03:16:02.751Z] [INFO] ← PATCH /19f2c342-d069-4d61-bca6-0966bc943f07 200 (3ms)
[2026-07-31T03:16:02.754Z] [INFO] → GET /api/history/19f2c342-d069-4d61-bca6-0966bc943f07
[2026-07-31T03:16:02.755Z] [INFO] ← GET /19f2c342-d069-4d61-bca6-0966bc943f07 200 (2ms)
[2026-07-31T03:16:02.757Z] [INFO] → PATCH /api/history/19f2c342-d069-4d61-bca6-0966bc943f07
[2026-07-31T03:16:02.760Z] [INFO] ← PATCH /19f2c342-d069-4d61-bca6-0966bc943f07 200 (4ms)
[2026-07-31T03:16:02.764Z] [INFO] → GET /api/history/19f2c342-d069-4d61-bca6-0966bc943f07
[2026-07-31T03:16:02.765Z] [INFO] ← GET /19f2c342-d069-4d61-bca6-0966bc943f07 200 (1ms)
[2026-07-31T03:16:02.766Z] [INFO] → PATCH /api/history/19f2c342-d069-4d61-bca6-0966bc943f07
[2026-07-31T03:16:02.770Z] [INFO] ← PATCH /19f2c342-d069-4d61-bca6-0966bc943f07 200 (3ms)
[2026-07-31T03:16:02.773Z] [INFO] → GET /api/history/19f2c342-d069-4d61-bca6-0966bc943f07
[2026-07-31T03:16:02.774Z] [INFO] ← GET /19f2c342-d069-4d61-bca6-0966bc943f07 200 (1ms)
[2026-07-31T03:16:02.775Z] [INFO] → PATCH /api/history/19f2c342-d069-4d61-bca6-0966bc943f07
[2026-07-31T03:16:02.779Z] [INFO] ← PATCH /19f2c342-d069-4d61-bca6-0966bc943f07 200 (3ms)
[2026-07-31T03:16:02.781Z] [INFO] → GET /api/history/19f2c342-d069-4d61-bca6-0966bc943f07
[2026-07-31T03:16:02.782Z] [INFO] ← GET /19f2c342-d069-4d61-bca6-0966bc943f07 200 (2ms)
[2026-07-31T03:16:02.784Z] [INFO] → PATCH /api/history/19f2c342-d069-4d61-bca6-0966bc943f07
[2026-07-31T03:16:02.787Z] [INFO] ← PATCH /19f2c342-d069-4d61-bca6-0966bc943f07 200 (3ms)
[2026-07-31T03:16:02.790Z] [INFO] → GET /api/history/19f2c342-d069-4d61-bca6-0966bc943f07
[2026-07-31T03:16:02.791Z] [INFO] ← GET /19f2c342-d069-4d61-bca6-0966bc943f07 200 (1ms)
[2026-07-31T03:16:02.792Z] [INFO] → PATCH /api/history/19f2c342-d069-4d61-bca6-0966bc943f07
[2026-07-31T03:16:02.795Z] [INFO] ← PATCH /19f2c342-d069-4d61-bca6-0966bc943f07 200 (3ms)
[2026-07-31T03:16:02.798Z] [INFO] → GET /api/history/19f2c342-d069-4d61-bca6-0966bc943f07
[2026-07-31T03:16:02.799Z] [INFO] ← GET /19f2c342-d069-4d61-bca6-0966bc943f07 200 (1ms)
[2026-07-31T03:16:02.800Z] [INFO] → PATCH /api/history/19f2c342-d069-4d61-bca6-0966bc943f07
[2026-07-31T03:16:02.803Z] [INFO] ← PATCH /19f2c342-d069-4d61-bca6-0966bc943f07 200 (3ms)
[2026-07-31T03:16:02.806Z] [INFO] → GET /api/history/19f2c342-d069-4d61-bca6-0966bc943f07
[2026-07-31T03:16:02.807Z] [INFO] ← GET /19f2c342-d069-4d61-bca6-0966bc943f07 200 (2ms)
[2026-07-31T03:16:02.808Z] [INFO] → PATCH /api/history/19f2c342-d069-4d61-bca6-0966bc943f07
[2026-07-31T03:16:02.811Z] [INFO] ← PATCH /19f2c342-d069-4d61-bca6-0966bc943f07 200 (2ms)
[2026-07-31T03:16:02.814Z] [INFO] → GET /api/history/19f2c342-d069-4d61-bca6-0966bc943f07
[2026-07-31T03:16:02.815Z] [INFO] ← GET /19f2c342-d069-4d61-bca6-0966bc943f07 200 (1ms)
[2026-07-31T03:16:02.816Z] [INFO] → PATCH /api/history/19f2c342-d069-4d61-bca6-0966bc943f07
[2026-07-31T03:16:02.819Z] [INFO] ← PATCH /19f2c342-d069-4d61-bca6-0966bc943f07 200 (4ms)
[2026-07-31T03:16:02.823Z] [INFO] → GET /api/history/19f2c342-d069-4d61-bca6-0966bc943f07
[2026-07-31T03:16:02.824Z] [INFO] ← GET /19f2c342-d069-4d61-bca6-0966bc943f07 200 (2ms)
[2026-07-31T03:16:02.826Z] [INFO] → PATCH /api/history/19f2c342-d069-4d61-bca6-0966bc943f07
[2026-07-31T03:16:02.829Z] [INFO] ← PATCH /19f2c342-d069-4d61-bca6-0966bc943f07 200 (4ms)
[2026-07-31T03:16:02.832Z] [INFO] → GET /api/history/19f2c342-d069-4d61-bca6-0966bc943f07
[2026-07-31T03:16:02.834Z] [INFO] ← GET /19f2c342-d069-4d61-bca6-0966bc943f07 200 (1ms)
[2026-07-31T03:16:02.835Z] [INFO] → PATCH /api/history/19f2c342-d069-4d61-bca6-0966bc943f07
[2026-07-31T03:16:02.838Z] [INFO] ← PATCH /19f2c342-d069-4d61-bca6-0966bc943f07 200 (3ms)
[2026-07-31T03:16:02.841Z] [INFO] → GET /api/history/19f2c342-d069-4d61-bca6-0966bc943f07
[2026-07-31T03:16:02.842Z] [INFO] ← GET /19f2c342-d069-4d61-bca6-0966bc943f07 200 (1ms)
[2026-07-31T03:16:02.843Z] [INFO] → PATCH /api/history/19f2c342-d069-4d61-bca6-0966bc943f07
[2026-07-31T03:16:02.846Z] [INFO] ← PATCH /19f2c342-d069-4d61-bca6-0966bc943f07 200 (3ms)
[2026-07-31T03:16:02.849Z] [INFO] → GET /api/history/19f2c342-d069-4d61-bca6-0966bc943f07
[2026-07-31T03:16:02.851Z] [INFO] ← GET /19f2c342-d069-4d61-bca6-0966bc943f07 200 (1ms)
[2026-07-31T03:16:02.852Z] [INFO] → PATCH /api/history/19f2c342-d069-4d61-bca6-0966bc943f07
[2026-07-31T03:16:02.855Z] [INFO] ← PATCH /19f2c342-d069-4d61-bca6-0966bc943f07 200 (4ms)
[2026-07-31T03:16:02.858Z] [INFO] → GET /api/history/19f2c342-d069-4d61-bca6-0966bc943f07
[2026-07-31T03:16:02.860Z] [INFO] ← GET /19f2c342-d069-4d61-bca6-0966bc943f07 200 (2ms)
[2026-07-31T03:16:02.861Z] [INFO] → PATCH /api/history/19f2c342-d069-4d61-bca6-0966bc943f07
[2026-07-31T03:16:02.864Z] [INFO] ← PATCH /19f2c342-d069-4d61-bca6-0966bc943f07 200 (3ms)
[2026-07-31T03:16:02.867Z] [INFO] → GET /api/history/19f2c342-d069-4d61-bca6-0966bc943f07
[2026-07-31T03:16:02.868Z] [INFO] ← GET /19f2c342-d069-4d61-bca6-0966bc943f07 200 (1ms)
[2026-07-31T03:16:02.869Z] [INFO] → PATCH /api/history/19f2c342-d069-4d61-bca6-0966bc943f07
[2026-07-31T03:16:02.872Z] [INFO] ← PATCH /19f2c342-d069-4d61-bca6-0966bc943f07 200 (2ms)
[2026-07-31T03:16:02.876Z] [INFO] → GET /api/history/19f2c342-d069-4d61-bca6-0966bc943f07
[2026-07-31T03:16:02.877Z] [INFO] ← GET /19f2c342-d069-4d61-bca6-0966bc943f07 200 (2ms)
[2026-07-31T03:16:02.879Z] [INFO] → PATCH /api/history/19f2c342-d069-4d61-bca6-0966bc943f07
[2026-07-31T03:16:02.882Z] [INFO] ← PATCH /19f2c342-d069-4d61-bca6-0966bc943f07 200 (3ms)
[2026-07-31T03:16:02.903Z] [INFO] → GET /api/history/19f2c342-d069-4d61-bca6-0966bc943f07
[2026-07-31T03:16:02.903Z] [INFO] ← GET /19f2c342-d069-4d61-bca6-0966bc943f07 200 (1ms)
[2026-07-31T03:16:02.905Z] [INFO] → PATCH /api/history/19f2c342-d069-4d61-bca6-0966bc943f07
[2026-07-31T03:16:02.908Z] [INFO] ← PATCH /19f2c342-d069-4d61-bca6-0966bc943f07 200 (3ms)
[2026-07-31T03:16:02.910Z] [INFO] → GET /api/history/19f2c342-d069-4d61-bca6-0966bc943f07
[2026-07-31T03:16:02.911Z] [INFO] ← GET /19f2c342-d069-4d61-bca6-0966bc943f07 200 (1ms)
[2026-07-31T03:16:02.912Z] [INFO] → PATCH /api/history/19f2c342-d069-4d61-bca6-0966bc943f07
[2026-07-31T03:16:02.915Z] [INFO] ← PATCH /19f2c342-d069-4d61-bca6-0966bc943f07 200 (3ms)
[2026-07-31T03:16:02.928Z] [INFO] → GET /api/history/19f2c342-d069-4d61-bca6-0966bc943f07
[2026-07-31T03:16:02.929Z] [INFO] ← GET /19f2c342-d069-4d61-bca6-0966bc943f07 200 (1ms)
[2026-07-31T03:16:02.930Z] [INFO] → PATCH /api/history/19f2c342-d069-4d61-bca6-0966bc943f07
[2026-07-31T03:16:02.934Z] [INFO] ← PATCH /19f2c342-d069-4d61-bca6-0966bc943f07 200 (3ms)
[2026-07-31T03:16:02.938Z] [INFO] → GET /api/history/19f2c342-d069-4d61-bca6-0966bc943f07
[2026-07-31T03:16:02.939Z] [INFO] ← GET /19f2c342-d069-4d61-bca6-0966bc943f07 200 (1ms)
[2026-07-31T03:16:02.940Z] [INFO] → PATCH /api/history/19f2c342-d069-4d61-bca6-0966bc943f07
[2026-07-31T03:16:02.944Z] [INFO] ← PATCH /19f2c342-d069-4d61-bca6-0966bc943f07 200 (4ms)
[2026-07-31T03:16:02.947Z] [INFO] → GET /api/history/19f2c342-d069-4d61-bca6-0966bc943f07
[2026-07-31T03:16:02.948Z] [INFO] ← GET /19f2c342-d069-4d61-bca6-0966bc943f07 200 (1ms)
[2026-07-31T03:16:02.949Z] [INFO] → PATCH /api/history/19f2c342-d069-4d61-bca6-0966bc943f07
[2026-07-31T03:16:02.952Z] [INFO] ← PATCH /19f2c342-d069-4d61-bca6-0966bc943f07 200 (3ms)
[2026-07-31T03:16:02.955Z] [INFO] → GET /api/history/19f2c342-d069-4d61-bca6-0966bc943f07
[2026-07-31T03:16:02.957Z] [INFO] ← GET /19f2c342-d069-4d61-bca6-0966bc943f07 200 (2ms)
[2026-07-31T03:16:02.958Z] [INFO] → PATCH /api/history/19f2c342-d069-4d61-bca6-0966bc943f07
[2026-07-31T03:16:02.962Z] [INFO] ← PATCH /19f2c342-d069-4d61-bca6-0966bc943f07 200 (5ms)
[2026-07-31T03:16:02.965Z] [INFO] → GET /api/history/19f2c342-d069-4d61-bca6-0966bc943f07
[2026-07-31T03:16:02.967Z] [INFO] ← GET /19f2c342-d069-4d61-bca6-0966bc943f07 200 (1ms)
[2026-07-31T03:16:02.968Z] [INFO] → PATCH /api/history/19f2c342-d069-4d61-bca6-0966bc943f07
[2026-07-31T03:16:02.971Z] [INFO] ← PATCH /19f2c342-d069-4d61-bca6-0966bc943f07 200 (3ms)
[2026-07-31T03:16:02.974Z] [INFO] → GET /api/history/19f2c342-d069-4d61-bca6-0966bc943f07
[2026-07-31T03:16:02.975Z] [INFO] ← GET /19f2c342-d069-4d61-bca6-0966bc943f07 200 (1ms)
[2026-07-31T03:16:02.976Z] [INFO] → PATCH /api/history/19f2c342-d069-4d61-bca6-0966bc943f07
[2026-07-31T03:16:02.979Z] [INFO] ← PATCH /19f2c342-d069-4d61-bca6-0966bc943f07 200 (3ms)
[2026-07-31T03:16:02.982Z] [INFO] → GET /api/history/19f2c342-d069-4d61-bca6-0966bc943f07
[2026-07-31T03:16:02.983Z] [INFO] ← GET /19f2c342-d069-4d61-bca6-0966bc943f07 200 (1ms)
[2026-07-31T03:16:02.984Z] [INFO] → PATCH /api/history/19f2c342-d069-4d61-bca6-0966bc943f07
[2026-07-31T03:16:02.987Z] [INFO] ← PATCH /19f2c342-d069-4d61-bca6-0966bc943f07 200 (2ms)
[2026-07-31T03:16:02.989Z] [INFO] → GET /api/history/19f2c342-d069-4d61-bca6-0966bc943f07
[2026-07-31T03:16:02.990Z] [INFO] ← GET /19f2c342-d069-4d61-bca6-0966bc943f07 200 (1ms)
[2026-07-31T03:16:02.992Z] [INFO] → PATCH /api/history/19f2c342-d069-4d61-bca6-0966bc943f07
[2026-07-31T03:16:02.995Z] [INFO] ← PATCH /19f2c342-d069-4d61-bca6-0966bc943f07 200 (3ms)
[2026-07-31T03:16:02.999Z] [INFO] → GET /api/history/19f2c342-d069-4d61-bca6-0966bc943f07
[2026-07-31T03:16:03.000Z] [INFO] ← GET /19f2c342-d069-4d61-bca6-0966bc943f07 200 (1ms)
[2026-07-31T03:16:03.001Z] [INFO] → PATCH /api/history/19f2c342-d069-4d61-bca6-0966bc943f07
[2026-07-31T03:16:03.005Z] [INFO] ← PATCH /19f2c342-d069-4d61-bca6-0966bc943f07 200 (3ms)
[2026-07-31T03:16:03.007Z] [INFO] → GET /api/history/19f2c342-d069-4d61-bca6-0966bc943f07
[2026-07-31T03:16:03.008Z] [INFO] ← GET /19f2c342-d069-4d61-bca6-0966bc943f07 200 (1ms)
[2026-07-31T03:16:03.010Z] [INFO] → PATCH /api/history/19f2c342-d069-4d61-bca6-0966bc943f07
[2026-07-31T03:16:03.013Z] [INFO] ← PATCH /19f2c342-d069-4d61-bca6-0966bc943f07 200 (3ms)
[2026-07-31T03:16:03.016Z] [INFO] → GET /api/history/19f2c342-d069-4d61-bca6-0966bc943f07
[2026-07-31T03:16:03.017Z] [INFO] ← GET /19f2c342-d069-4d61-bca6-0966bc943f07 200 (2ms)
[2026-07-31T03:16:03.018Z] [INFO] → PATCH /api/history/19f2c342-d069-4d61-bca6-0966bc943f07
[2026-07-31T03:16:03.021Z] [INFO] ← PATCH /19f2c342-d069-4d61-bca6-0966bc943f07 200 (3ms)
[2026-07-31T03:16:03.024Z] [INFO] → GET /api/history/19f2c342-d069-4d61-bca6-0966bc943f07
[2026-07-31T03:16:03.025Z] [INFO] ← GET /19f2c342-d069-4d61-bca6-0966bc943f07 200 (2ms)
[2026-07-31T03:16:03.027Z] [INFO] → PATCH /api/history/19f2c342-d069-4d61-bca6-0966bc943f07
[2026-07-31T03:16:03.030Z] [INFO] ← PATCH /19f2c342-d069-4d61-bca6-0966bc943f07 200 (3ms)
[2026-07-31T03:16:03.038Z] [INFO] → GET /api/history
[2026-07-31T03:16:03.040Z] [INFO] ← GET / 304 (2ms)
[2026-07-31T03:16:04.357Z] [INFO] → DELETE /api/history/19f2c342-d069-4d61-bca6-0966bc943f07
[2026-07-31T03:16:04.361Z] [INFO] ← DELETE /19f2c342-d069-4d61-bca6-0966bc943f07 200 (4ms)
[2026-07-31T03:16:04.363Z] [INFO] → GET /api/history
[2026-07-31T03:16:04.365Z] [INFO] ← GET / 200 (2ms)
[2026-07-31T03:16:04.572Z] [INFO] → DELETE /api/history/193beb8d-5d11-4041-b582-640ea226e2b2
[2026-07-31T03:16:04.576Z] [INFO] ← DELETE /193beb8d-5d11-4041-b582-640ea226e2b2 200 (4ms)
[2026-07-31T03:16:04.579Z] [INFO] → GET /api/history
[2026-07-31T03:16:04.581Z] [INFO] ← GET / 200 (1ms)
[2026-07-31T03:16:04.753Z] [INFO] → DELETE /api/history/12f52f44-1d4a-4650-9635-4809116265e0
[2026-07-31T03:16:04.757Z] [INFO] ← DELETE /12f52f44-1d4a-4650-9635-4809116265e0 200 (4ms)
[2026-07-31T03:16:04.760Z] [INFO] → GET /api/history
[2026-07-31T03:16:04.763Z] [INFO] ← GET / 200 (2ms)
[2026-07-31T03:16:04.930Z] [INFO] → DELETE /api/history/8f2df417-b6d1-4e44-8b5d-de2bc5009e8e
[2026-07-31T03:16:04.933Z] [INFO] ← DELETE /8f2df417-b6d1-4e44-8b5d-de2bc5009e8e 200 (4ms)
[2026-07-31T03:16:04.937Z] [INFO] → GET /api/history
[2026-07-31T03:16:04.939Z] [INFO] ← GET / 200 (2ms)
[2026-07-31T03:16:05.107Z] [INFO] → DELETE /api/history/137a2a72-d452-4a2d-9ca7-ceb55e1c28af
[2026-07-31T03:16:05.111Z] [INFO] ← DELETE /137a2a72-d452-4a2d-9ca7-ceb55e1c28af 200 (4ms)
[2026-07-31T03:16:05.114Z] [INFO] → GET /api/history
[2026-07-31T03:16:05.116Z] [INFO] ← GET / 200 (2ms)
[2026-07-31T03:16:05.299Z] [INFO] → DELETE /api/history/afeda8d3-4a2b-44f1-8d29-4a7a3fb6222f
[2026-07-31T03:16:05.301Z] [INFO] ← DELETE /afeda8d3-4a2b-44f1-8d29-4a7a3fb6222f 200 (2ms)
[2026-07-31T03:16:05.307Z] [INFO] → GET /api/history
[2026-07-31T03:16:05.308Z] [INFO] ← GET / 200 (2ms)
[2026-07-31T03:16:05.489Z] [INFO] → DELETE /api/history/9034bc03-1e84-432c-b06c-e7f772a1bec6
[2026-07-31T03:16:05.493Z] [INFO] ← DELETE /9034bc03-1e84-432c-b06c-e7f772a1bec6 200 (3ms)
[2026-07-31T03:16:05.497Z] [INFO] → GET /api/history
[2026-07-31T03:16:05.499Z] [INFO] ← GET / 200 (2ms)
[2026-07-31T03:16:05.671Z] [INFO] → DELETE /api/history/cd705a4e-9b1e-4131-975b-257111849d98
[2026-07-31T03:16:05.674Z] [INFO] ← DELETE /cd705a4e-9b1e-4131-975b-257111849d98 200 (4ms)
[2026-07-31T03:16:05.678Z] [INFO] → GET /api/history
[2026-07-31T03:16:05.679Z] [INFO] ← GET / 200 (2ms)
[2026-07-31T03:16:05.878Z] [INFO] → DELETE /api/history/a614d12a-69a4-4c9a-bb80-c13d5680ebd7
[2026-07-31T03:16:05.882Z] [INFO] ← DELETE /a614d12a-69a4-4c9a-bb80-c13d5680ebd7 200 (4ms)
[2026-07-31T03:16:05.885Z] [INFO] → GET /api/history
[2026-07-31T03:16:05.887Z] [INFO] ← GET / 200 (2ms)
[2026-07-31T03:16:06.099Z] [INFO] → DELETE /api/history/f7f4280e-af66-41d9-8816-0ada20b16c47
[2026-07-31T03:16:06.102Z] [INFO] ← DELETE /f7f4280e-af66-41d9-8816-0ada20b16c47 200 (4ms)
[2026-07-31T03:16:06.105Z] [INFO] → GET /api/history
[2026-07-31T03:16:06.107Z] [INFO] ← GET / 200 (2ms)
[2026-07-31T03:16:06.279Z] [INFO] → DELETE /api/history/ba37a742-9c75-475f-90c5-7d8b60af7c38
[2026-07-31T03:16:06.282Z] [INFO] ← DELETE /ba37a742-9c75-475f-90c5-7d8b60af7c38 200 (3ms)
[2026-07-31T03:16:06.287Z] [INFO] → GET /api/history
[2026-07-31T03:16:06.288Z] [INFO] ← GET / 200 (2ms)
[2026-07-31T03:16:06.497Z] [INFO] → DELETE /api/history/e4363ec9-da91-4af1-930e-63a4893a4e82
[2026-07-31T03:16:06.500Z] [INFO] ← DELETE /e4363ec9-da91-4af1-930e-63a4893a4e82 200 (3ms)
[2026-07-31T03:16:06.502Z] [INFO] → GET /api/history
[2026-07-31T03:16:06.503Z] [INFO] ← GET / 200 (2ms)
[2026-07-31T03:16:06.674Z] [INFO] → DELETE /api/history/6084891b-545b-4448-89ad-6f858797effe
[2026-07-31T03:16:06.677Z] [INFO] ← DELETE /6084891b-545b-4448-89ad-6f858797effe 200 (2ms)
[2026-07-31T03:16:06.681Z] [INFO] → GET /api/history
[2026-07-31T03:16:06.682Z] [INFO] ← GET / 200 (2ms)
[2026-07-31T03:16:06.893Z] [INFO] → DELETE /api/history/011485b7-ffcc-4bc7-8f29-86bba66f5ff9
[2026-07-31T03:16:06.896Z] [INFO] ← DELETE /011485b7-ffcc-4bc7-8f29-86bba66f5ff9 200 (3ms)
[2026-07-31T03:16:06.899Z] [INFO] → GET /api/history
[2026-07-31T03:16:06.901Z] [INFO] ← GET / 200 (2ms)
[2026-07-31T03:16:07.098Z] [INFO] → DELETE /api/history/6d17bc8f-0b4f-486f-b71a-2c3d72e68a95
[2026-07-31T03:16:07.101Z] [INFO] ← DELETE /6d17bc8f-0b4f-486f-b71a-2c3d72e68a95 200 (3ms)
[2026-07-31T03:16:07.105Z] [INFO] → GET /api/history
[2026-07-31T03:16:07.106Z] [INFO] ← GET / 200 (2ms)
[2026-07-31T03:16:07.313Z] [INFO] → DELETE /api/history/7d4dce79-c80a-4c9b-a9ea-c36f4d6d114f
[2026-07-31T03:16:07.315Z] [INFO] ← DELETE /7d4dce79-c80a-4c9b-a9ea-c36f4d6d114f 200 (2ms)
[2026-07-31T03:16:07.320Z] [INFO] → GET /api/history
[2026-07-31T03:16:07.322Z] [INFO] ← GET / 200 (1ms)
[2026-07-31T03:16:07.528Z] [INFO] → DELETE /api/history/80cb46b7-6d6e-401e-bc86-38462a4c2eb8
[2026-07-31T03:16:07.531Z] [INFO] ← DELETE /80cb46b7-6d6e-401e-bc86-38462a4c2eb8 200 (3ms)
[2026-07-31T03:16:07.543Z] [INFO] → GET /api/history
[2026-07-31T03:16:07.544Z] [INFO] ← GET / 200 (2ms)
[2026-07-31T03:16:07.725Z] [INFO] → DELETE /api/history/116e5ded-541b-4812-96ab-02f2c275ca7d
[2026-07-31T03:16:07.727Z] [INFO] ← DELETE /116e5ded-541b-4812-96ab-02f2c275ca7d 200 (2ms)
[2026-07-31T03:16:07.730Z] [INFO] → GET /api/history
[2026-07-31T03:16:07.732Z] [INFO] ← GET / 200 (2ms)
[2026-07-31T03:16:07.878Z] [INFO] → DELETE /api/history/5559d38d-fd02-4a51-b3e7-fb6df4cfe1ff
[2026-07-31T03:16:07.880Z] [INFO] ← DELETE /5559d38d-fd02-4a51-b3e7-fb6df4cfe1ff 200 (2ms)
[2026-07-31T03:16:07.883Z] [INFO] → GET /api/history
[2026-07-31T03:16:07.884Z] [INFO] ← GET / 200 (1ms)
[2026-07-31T03:16:08.340Z] [INFO] → DELETE /api/history/661e365e-8d7e-430f-bb1e-d4577fe4ca6e
[2026-07-31T03:16:08.342Z] [INFO] ← DELETE /661e365e-8d7e-430f-bb1e-d4577fe4ca6e 200 (1ms)
[2026-07-31T03:16:08.347Z] [INFO] → GET /api/history
[2026-07-31T03:16:08.348Z] [INFO] ← GET / 200 (1ms)
[2026-07-31T03:16:08.646Z] [INFO] → DELETE /api/history/ee49455a-ec9d-4abb-b1ff-3f0a72abd92a
[2026-07-31T03:16:08.648Z] [INFO] ← DELETE /ee49455a-ec9d-4abb-b1ff-3f0a72abd92a 200 (2ms)
[2026-07-31T03:16:08.652Z] [INFO] → GET /api/history
[2026-07-31T03:16:08.653Z] [INFO] ← GET / 200 (1ms)
[2026-07-31T03:16:08.867Z] [INFO] → DELETE /api/history/f60a4dfe-b2aa-489d-a702-6f727181382f
[2026-07-31T03:16:08.869Z] [INFO] ← DELETE /f60a4dfe-b2aa-489d-a702-6f727181382f 200 (3ms)
[2026-07-31T03:16:08.872Z] [INFO] → GET /api/history
[2026-07-31T03:16:08.873Z] [INFO] ← GET / 200 (1ms)
[2026-07-31T03:16:09.135Z] [INFO] → DELETE /api/history/2867b1ea-943b-4c51-b051-ae73981db03e
[2026-07-31T03:16:09.138Z] [INFO] ← DELETE /2867b1ea-943b-4c51-b051-ae73981db03e 200 (3ms)
[2026-07-31T03:16:09.141Z] [INFO] → GET /api/history
[2026-07-31T03:16:09.142Z] [INFO] ← GET / 200 (1ms)
[2026-07-31T03:16:09.368Z] [INFO] → DELETE /api/history/9bea793c-8897-4afd-bcf5-94ec965ef3fc
[2026-07-31T03:16:09.370Z] [INFO] ← DELETE /9bea793c-8897-4afd-bcf5-94ec965ef3fc 200 (3ms)
[2026-07-31T03:16:09.376Z] [INFO] → GET /api/history
[2026-07-31T03:16:09.377Z] [INFO] ← GET / 200 (1ms)
[2026-07-31T03:16:50.842Z] [INFO] StudyForge server listening on http://localhost:5174
[2026-07-31T03:16:50.843Z] [INFO] API mounted at /api   (frontend dev proxy → :5173)
[2026-07-31T03:16:58.122Z] [INFO] → GET /api/progress
[2026-07-31T03:16:58.129Z] [INFO] ← GET / 200 (7ms)
[2026-07-31T03:16:58.132Z] [INFO] → GET /api/projects
[2026-07-31T03:16:58.135Z] [INFO] ← GET / 304 (3ms)
[2026-07-31T03:16:58.136Z] [INFO] → GET /api/providers
[2026-07-31T03:16:58.140Z] [INFO] ← GET / 200 (3ms)
[2026-07-31T03:16:58.141Z] [INFO] → GET /api/analytics
[2026-07-31T03:16:58.623Z] [INFO] ← GET / 200 (481ms)
[2026-07-31T03:17:01.023Z] [INFO] → GET /api/rag/docs
[2026-07-31T03:17:01.025Z] [INFO] ← GET /docs 200 (2ms)
[2026-07-31T03:17:01.028Z] [INFO] → GET /api/history
[2026-07-31T03:17:01.031Z] [INFO] ← GET / 200 (3ms)
[2026-07-31T03:17:12.322Z] [INFO] → GET /api/rag/docs
[2026-07-31T03:17:12.324Z] [INFO] ← GET /docs 304 (2ms)
[2026-07-31T03:17:17.392Z] [INFO] → GET /api/rag/docs
[2026-07-31T03:17:17.394Z] [INFO] ← GET /docs 304 (2ms)
[2026-07-31T03:17:17.397Z] [INFO] → GET /api/history
[2026-07-31T03:17:17.399Z] [INFO] ← GET / 304 (2ms)
[2026-07-31T03:18:54.831Z] [INFO] → GET /api/rag/docs
[2026-07-31T03:18:54.832Z] [INFO] ← GET /docs 304 (2ms)
[2026-07-31T03:19:51.279Z] [INFO] → GET /api/analytics/advanced
[2026-07-31T03:19:51.286Z] [INFO] ← GET / 200 (7ms)
[2026-07-31T03:19:51.288Z] [INFO] → GET /api/analytics/advanced/profile
[2026-07-31T03:19:51.292Z] [INFO] ← GET /profile 304 (4ms)
[2026-07-31T03:19:51.293Z] [INFO] → GET /api/analytics/advanced/recommendations
[2026-07-31T03:19:51.297Z] [INFO] ← GET /recommendations 304 (3ms)
[2026-07-31T03:20:06.540Z] [INFO] → GET /api/admin/overview
[2026-07-31T03:20:06.583Z] [INFO] FAISS index loaded (5146 vectors)
[2026-07-31T03:20:06.584Z] [INFO] ← GET /overview 200 (45ms)
[2026-07-31T03:22:03.260Z] [INFO] → GET /api/projects
[2026-07-31T03:22:03.263Z] [INFO] ← GET / 304 (5ms)
[2026-07-31T03:22:03.264Z] [INFO] → GET /api/progress
[2026-07-31T03:22:03.265Z] [INFO] ← GET / 304 (2ms)
[2026-07-31T03:22:03.266Z] [INFO] → GET /api/analytics
[2026-07-31T03:22:03.268Z] [INFO] ← GET / 200 (2ms)
[2026-07-31T03:22:03.269Z] [INFO] → GET /api/providers
[2026-07-31T03:22:03.273Z] [INFO] ← GET / 304 (3ms)
[2026-07-31T03:37:47.254Z] [INFO] StudyForge server listening on http://localhost:5174
[2026-07-31T03:37:47.255Z] [INFO] API mounted at /api   (frontend dev proxy → :5173)
[2026-07-31T03:38:03.279Z] [INFO] StudyForge server listening on http://localhost:5174
[2026-07-31T03:38:03.280Z] [INFO] API mounted at /api   (frontend dev proxy → :5173)
[2026-07-31T03:38:55.135Z] [INFO] StudyForge server listening on http://localhost:5174
[2026-07-31T03:38:55.135Z] [INFO] API mounted at /api   (frontend dev proxy → :5173)
[2026-07-31T03:39:28.320Z] [INFO] StudyForge server listening on http://localhost:5174
[2026-07-31T03:39:28.321Z] [INFO] API mounted at /api   (frontend dev proxy → :5173)
[2026-07-31T03:39:39.133Z] [INFO] StudyForge server listening on http://localhost:5174
[2026-07-31T03:39:39.134Z] [INFO] API mounted at /api   (frontend dev proxy → :5173)
[2026-07-31T03:39:46.001Z] [INFO] StudyForge server listening on http://localhost:5174
[2026-07-31T03:39:46.001Z] [INFO] API mounted at /api   (frontend dev proxy → :5173)
[2026-07-31T03:39:52.238Z] [INFO] StudyForge server listening on http://localhost:5174
[2026-07-31T03:39:52.238Z] [INFO] API mounted at /api   (frontend dev proxy → :5173)
[2026-07-31T03:40:05.615Z] [INFO] StudyForge server listening on http://localhost:5174
[2026-07-31T03:40:05.616Z] [INFO] API mounted at /api   (frontend dev proxy → :5173)
[2026-07-31T03:40:29.881Z] [INFO] StudyForge server listening on http://localhost:5174
[2026-07-31T03:40:29.881Z] [INFO] API mounted at /api   (frontend dev proxy → :5173)
[2026-07-31T03:40:37.275Z] [INFO] StudyForge server listening on http://localhost:5174
[2026-07-31T03:40:37.275Z] [INFO] API mounted at /api   (frontend dev proxy → :5173)
[2026-07-31T03:40:42.840Z] [INFO] StudyForge server listening on http://localhost:5174
[2026-07-31T03:40:42.841Z] [INFO] API mounted at /api   (frontend dev proxy → :5173)
[2026-07-31T03:40:51.796Z] [INFO] StudyForge server listening on http://localhost:5174
[2026-07-31T03:40:51.797Z] [INFO] API mounted at /api   (frontend dev proxy → :5173)
[2026-07-31T03:42:25.102Z] [INFO] StudyForge server listening on http://localhost:5174
[2026-07-31T03:42:25.103Z] [INFO] API mounted at /api   (frontend dev proxy → :5173)
[2026-07-31T03:42:53.981Z] [INFO] → GET /api/admin/overview
[2026-07-31T03:42:54.419Z] [INFO] FAISS index loaded (5146 vectors)
[2026-07-31T03:42:54.422Z] [INFO] ← GET /overview 304 (442ms)
[2026-07-31T03:43:12.135Z] [INFO] → GET /api/admin/overview
[2026-07-31T03:43:12.138Z] [INFO] ← GET /overview 304 (4ms)
[2026-07-31T03:43:30.344Z] [INFO] StudyForge server listening on http://localhost:5174
[2026-07-31T03:43:30.344Z] [INFO] API mounted at /api   (frontend dev proxy → :5173)
[2026-07-31T03:46:39.267Z] [INFO] StudyForge server listening on http://localhost:5174
[2026-07-31T03:46:39.268Z] [INFO] API mounted at /api   (frontend dev proxy → :5173)
[2026-07-31T03:46:44.654Z] [INFO] StudyForge server listening on http://localhost:5174
[2026-07-31T03:46:44.655Z] [INFO] API mounted at /api   (frontend dev proxy → :5173)
[2026-07-31T03:46:55.517Z] [INFO] StudyForge server listening on http://localhost:5174
[2026-07-31T03:46:55.517Z] [INFO] API mounted at /api   (frontend dev proxy → :5173)
[2026-07-31T03:47:35.201Z] [INFO] → GET /api/admin/overview
[2026-07-31T03:47:35.563Z] [INFO] FAISS index loaded (5146 vectors)
[2026-07-31T03:47:35.566Z] [INFO] ← GET /overview 200 (365ms)
[2026-07-31T03:57:46.873Z] [INFO] → GET /api/admin/overview
[2026-07-31T03:57:46.879Z] [INFO] ← GET /overview 304 (6ms)
[2026-07-31T03:57:51.505Z] [INFO] → GET /api/rag/docs
[2026-07-31T03:57:51.507Z] [INFO] ← GET /docs 304 (2ms)
[2026-07-31T03:57:52.743Z] [INFO] → GET /api/rag/docs
[2026-07-31T03:57:52.745Z] [INFO] ← GET /docs 304 (1ms)
[2026-07-31T03:57:52.748Z] [INFO] → GET /api/history
[2026-07-31T03:57:52.750Z] [INFO] ← GET / 304 (2ms)
[2026-07-31T03:57:54.550Z] [INFO] → GET /api/progress
[2026-07-31T03:57:54.551Z] [INFO] ← GET / 304 (2ms)
[2026-07-31T03:57:54.553Z] [INFO] → GET /api/projects
[2026-07-31T03:57:54.555Z] [INFO] ← GET / 304 (2ms)
[2026-07-31T03:57:54.557Z] [INFO] → GET /api/providers
[2026-07-31T03:57:54.561Z] [INFO] ← GET / 304 (5ms)
[2026-07-31T03:57:54.564Z] [INFO] → GET /api/analytics
[2026-07-31T03:57:54.569Z] [INFO] ← GET / 200 (5ms)
[2026-07-31T03:58:01.692Z] [INFO] → GET /api/rag/docs
[2026-07-31T03:58:01.694Z] [INFO] ← GET /docs 304 (2ms)
[2026-07-31T03:58:01.696Z] [INFO] → GET /api/history
[2026-07-31T03:58:01.698Z] [INFO] ← GET / 304 (2ms)
[2026-07-31T03:58:02.299Z] [INFO] → GET /api/analytics/advanced
[2026-07-31T03:58:02.304Z] [INFO] ← GET / 200 (4ms)
[2026-07-31T03:58:02.305Z] [INFO] → GET /api/analytics/advanced/profile
[2026-07-31T03:58:02.309Z] [INFO] ← GET /profile 304 (4ms)
[2026-07-31T03:58:02.311Z] [INFO] → GET /api/analytics/advanced/recommendations
[2026-07-31T03:58:02.312Z] [INFO] ← GET /recommendations 304 (2ms)
[2026-07-31T03:58:08.649Z] [INFO] → GET /api/progress
[2026-07-31T03:58:08.651Z] [INFO] ← GET / 304 (2ms)
[2026-07-31T03:58:08.652Z] [INFO] → GET /api/projects
[2026-07-31T03:58:08.653Z] [INFO] ← GET / 304 (2ms)
[2026-07-31T03:58:08.655Z] [INFO] → GET /api/providers
[2026-07-31T03:58:08.658Z] [INFO] ← GET / 304 (3ms)
[2026-07-31T03:58:08.660Z] [INFO] → GET /api/analytics
[2026-07-31T03:58:08.664Z] [INFO] ← GET / 304 (4ms)
[2026-07-31T03:59:06.018Z] [INFO] → GET /api/providers
[2026-07-31T03:59:06.022Z] [INFO] ← GET / 304 (3ms)
[2026-07-31T03:59:06.024Z] [INFO] → GET /api/projects
[2026-07-31T03:59:06.026Z] [INFO] ← GET / 304 (2ms)
[2026-07-31T03:59:16.820Z] [INFO] → GET /api/settings
[2026-07-31T03:59:16.822Z] [INFO] ← GET / 200 (2ms)
[2026-07-31T03:59:16.822Z] [INFO] → GET /api/providers
[2026-07-31T03:59:16.826Z] [INFO] ← GET / 304 (3ms)
[2026-07-31T04:00:24.065Z] [INFO] → PUT /api/settings
[2026-07-31T04:00:24.069Z] [INFO] ← PUT / 200 (4ms)
[2026-07-31T04:00:24.074Z] [INFO] → GET /api/settings
[2026-07-31T04:00:24.076Z] [INFO] ← GET / 200 (2ms)
[2026-07-31T04:00:24.083Z] [INFO] → GET /api/providers
[2026-07-31T04:00:24.085Z] [INFO] ← GET / 304 (3ms)
[2026-07-31T04:00:24.097Z] [INFO] → GET /api/settings
[2026-07-31T04:00:24.099Z] [INFO] ← GET / 304 (1ms)
[2026-07-31T04:00:35.024Z] [INFO] → GET /api/rag/docs
[2026-07-31T04:00:35.026Z] [INFO] ← GET /docs 304 (2ms)
[2026-07-31T04:00:35.028Z] [INFO] → GET /api/rag/folders
[2026-07-31T04:00:35.032Z] [INFO] ← GET /folders 304 (4ms)
[2026-07-31T04:00:35.034Z] [INFO] → GET /api/rag/staged
[2026-07-31T04:00:35.037Z] [INFO] ← GET /staged 304 (3ms)
[2026-07-31T04:00:35.039Z] [INFO] → GET /api/rag/folders/paths
[2026-07-31T04:00:35.041Z] [INFO] ← GET /folders/paths 304 (2ms)
[2026-07-31T04:02:50.871Z] [INFO] → GET /api/rag/docs
[2026-07-31T04:02:50.872Z] [INFO] ← GET /docs 304 (1ms)
[2026-07-31T04:02:50.874Z] [INFO] → GET /api/rag/folders
[2026-07-31T04:02:50.875Z] [INFO] ← GET /folders 304 (1ms)
[2026-07-31T04:02:50.875Z] [INFO] → GET /api/rag/staged
[2026-07-31T04:02:50.876Z] [INFO] ← GET /staged 304 (1ms)
[2026-07-31T04:02:50.877Z] [INFO] → GET /api/rag/folders/paths
[2026-07-31T04:02:50.878Z] [INFO] ← GET /folders/paths 304 (1ms)
[2026-07-31T04:03:53.983Z] [INFO] → GET /api/analytics/advanced
[2026-07-31T04:03:53.987Z] [INFO] ← GET / 304 (5ms)
[2026-07-31T04:03:53.990Z] [INFO] → GET /api/analytics/advanced/profile
[2026-07-31T04:03:53.994Z] [INFO] ← GET /profile 304 (3ms)
[2026-07-31T04:03:53.995Z] [INFO] → GET /api/analytics/advanced/recommendations
[2026-07-31T04:03:53.998Z] [INFO] ← GET /recommendations 304 (3ms)
[2026-07-31T04:04:00.266Z] [INFO] → GET /api/rag/docs
[2026-07-31T04:04:00.268Z] [INFO] ← GET /docs 304 (1ms)
[2026-07-31T04:04:04.994Z] [INFO] → GET /api/analytics/advanced
[2026-07-31T04:04:04.998Z] [INFO] ← GET / 304 (5ms)
[2026-07-31T04:04:05.000Z] [INFO] → GET /api/analytics/advanced/profile
[2026-07-31T04:04:05.003Z] [INFO] ← GET /profile 304 (3ms)
[2026-07-31T04:04:05.004Z] [INFO] → GET /api/analytics/advanced/recommendations
[2026-07-31T04:04:05.007Z] [INFO] ← GET /recommendations 304 (3ms)
[2026-07-31T04:04:06.600Z] [INFO] → GET /api/rag/docs
[2026-07-31T04:04:06.601Z] [INFO] ← GET /docs 304 (2ms)
[2026-07-31T04:04:06.603Z] [INFO] → GET /api/history
[2026-07-31T04:04:06.605Z] [INFO] ← GET / 304 (1ms)
[2026-07-31T04:04:54.129Z] [INFO] StudyForge server listening on http://localhost:5174
[2026-07-31T04:04:54.130Z] [INFO] API mounted at /api   (frontend dev proxy → :5173)
[2026-07-31T04:04:55.826Z] [INFO] → GET /api/rag/docs
[2026-07-31T04:04:56.079Z] [INFO] ← GET /docs 304 (253ms)
[2026-07-31T04:04:56.082Z] [INFO] → GET /api/history
[2026-07-31T04:04:56.084Z] [INFO] ← GET / 304 (2ms)
[2026-07-31T04:04:56.991Z] [INFO] → GET /api/progress
[2026-07-31T04:04:56.994Z] [INFO] ← GET / 304 (3ms)
[2026-07-31T04:04:56.996Z] [INFO] → GET /api/projects
[2026-07-31T04:04:56.998Z] [INFO] ← GET / 304 (3ms)
[2026-07-31T04:04:57.000Z] [INFO] → GET /api/providers
[2026-07-31T04:04:57.006Z] [INFO] ← GET / 304 (6ms)
[2026-07-31T04:04:57.007Z] [INFO] → GET /api/analytics
[2026-07-31T04:04:57.016Z] [INFO] ← GET / 304 (8ms)
[2026-07-31T04:04:58.854Z] [INFO] → GET /api/rag/docs
[2026-07-31T04:04:58.856Z] [INFO] ← GET /docs 304 (2ms)
[2026-07-31T04:04:58.858Z] [INFO] → GET /api/history
[2026-07-31T04:04:58.860Z] [INFO] ← GET / 304 (2ms)
[2026-07-31T04:04:59.219Z] [INFO] → GET /api/analytics/advanced
[2026-07-31T04:04:59.223Z] [INFO] ← GET / 304 (4ms)
[2026-07-31T04:04:59.226Z] [INFO] → GET /api/analytics/advanced/profile
[2026-07-31T04:04:59.230Z] [INFO] ← GET /profile 304 (4ms)
[2026-07-31T04:04:59.231Z] [INFO] → GET /api/analytics/advanced/recommendations
[2026-07-31T04:04:59.234Z] [INFO] ← GET /recommendations 304 (3ms)
[2026-07-31T04:05:01.431Z] [INFO] → GET /api/progress
[2026-07-31T04:05:01.432Z] [INFO] ← GET / 304 (2ms)
[2026-07-31T04:05:01.433Z] [INFO] → GET /api/projects
[2026-07-31T04:05:01.435Z] [INFO] ← GET / 304 (1ms)
[2026-07-31T04:05:01.436Z] [INFO] → GET /api/providers
[2026-07-31T04:05:01.439Z] [INFO] ← GET / 304 (3ms)
[2026-07-31T04:05:01.440Z] [INFO] → GET /api/analytics
[2026-07-31T04:05:01.445Z] [INFO] ← GET / 304 (5ms)
[2026-07-31T04:05:03.032Z] [INFO] → GET /api/analytics/advanced
[2026-07-31T04:05:03.035Z] [INFO] ← GET / 304 (3ms)
[2026-07-31T04:05:03.036Z] [INFO] → GET /api/analytics/advanced/profile
[2026-07-31T04:05:03.039Z] [INFO] ← GET /profile 304 (4ms)
[2026-07-31T04:05:03.041Z] [INFO] → GET /api/analytics/advanced/recommendations
[2026-07-31T04:05:03.045Z] [INFO] ← GET /recommendations 304 (4ms)
[2026-07-31T04:05:09.653Z] [INFO] → GET /api/rag/docs
[2026-07-31T04:05:09.655Z] [INFO] ← GET /docs 304 (2ms)
[2026-07-31T04:05:09.657Z] [INFO] → GET /api/history
[2026-07-31T04:05:09.659Z] [INFO] ← GET / 304 (1ms)
[2026-07-31T04:05:19.956Z] [INFO] → POST /api/history/draft
[2026-07-31T04:05:19.960Z] [INFO] ← POST /draft 200 (4ms)
[2026-07-31T04:05:19.977Z] [INFO] → GET /api/history/d65ea4d2-07fd-4ca6-9414-c0408c61c47c
[2026-07-31T04:05:19.979Z] [INFO] ← GET /d65ea4d2-07fd-4ca6-9414-c0408c61c47c 200 (2ms)
[2026-07-31T04:05:19.988Z] [INFO] → POST /api/study/plan
[2026-07-31T04:05:20.705Z] [WARN] Provider "Groq" does not support embeddings (404); using the local embedding model instead.
[2026-07-31T04:05:20.706Z] [INFO] Loading local embedding model (Xenova/all-MiniLM-L6-v2)…
[2026-07-31T04:05:20.952Z] [INFO] Local embedding model ready
[2026-07-31T04:05:20.984Z] [INFO] FAISS index loaded (5146 vectors)
[2026-07-31T04:05:21.988Z] [INFO] → GET /api/history/d65ea4d2-07fd-4ca6-9414-c0408c61c47c
[2026-07-31T04:05:21.990Z] [INFO] ← GET /d65ea4d2-07fd-4ca6-9414-c0408c61c47c 304 (1ms)
[2026-07-31T04:05:22.431Z] [INFO] ← POST /plan 200 (2444ms)
[2026-07-31T04:05:22.437Z] [INFO] → PATCH /api/history/d65ea4d2-07fd-4ca6-9414-c0408c61c47c
[2026-07-31T04:05:22.439Z] [INFO] ← PATCH /d65ea4d2-07fd-4ca6-9414-c0408c61c47c 200 (1ms)
[2026-07-31T04:05:22.444Z] [INFO] → GET /api/history/d65ea4d2-07fd-4ca6-9414-c0408c61c47c
[2026-07-31T04:05:22.445Z] [INFO] ← GET /d65ea4d2-07fd-4ca6-9414-c0408c61c47c 200 (1ms)
[2026-07-31T04:05:22.453Z] [INFO] → GET /api/rag/docs
[2026-07-31T04:05:22.454Z] [INFO] ← GET /docs 304 (2ms)
[2026-07-31T04:05:39.013Z] [INFO] → PATCH /api/history/d65ea4d2-07fd-4ca6-9414-c0408c61c47c
[2026-07-31T04:05:39.017Z] [INFO] ← PATCH /d65ea4d2-07fd-4ca6-9414-c0408c61c47c 200 (5ms)
[2026-07-31T04:05:39.023Z] [INFO] → GET /api/history/d65ea4d2-07fd-4ca6-9414-c0408c61c47c
[2026-07-31T04:05:39.025Z] [INFO] ← GET /d65ea4d2-07fd-4ca6-9414-c0408c61c47c 200 (2ms)
[2026-07-31T04:05:39.032Z] [INFO] → POST /api/study/notes
[2026-07-31T04:05:41.036Z] [INFO] → GET /api/history/d65ea4d2-07fd-4ca6-9414-c0408c61c47c
[2026-07-31T04:05:41.037Z] [INFO] ← GET /d65ea4d2-07fd-4ca6-9414-c0408c61c47c 304 (2ms)
[2026-07-31T04:05:41.413Z] [INFO] ✓ Notes(short-notes) validation {
  "valid": true,
  "errors": [],
  "warnings": [
    "Too many cards: 28 (recommended 3-5 for \"short\" notes)",
    "Card 1 too short: 6 words (recommended 50-150)",
    "Card 2 too short: 25 words (recommended 50-150)",
    "Card 3 too short: 19 words (recommended 50-150)",
    "Card 4 too short: 23 words (recommended 50-150)",
    "Card 5 too short: 3 words (recommended 50-150)",
    "Card 6 too short: 18 words (recommended 50-150)",
    "Card 7 too short: 19 words (recommended 50-150)",
    "Card 8 too short: 21 words (recommended 50-150)",
    "Card 9 too short: 3 words (recommended 50-150)",
    "Card 10 too short: 21 words (recommended 50-150)",
    "Card 11 too short: 18 words (recommended 50-150)",
    "Card 12 too short: 20 words (recommended 50-150)",
    "Card 13 too short: 3 words (recommended 50-150)",
    "Card 14 too short: 11 words (recommended 50-150)",
    "Card 15 too short: 21 words (recommended 50-150)",
    "Card 16 too short: 14 words (recommended 50-150)",
    "Card 17 too short: 4 words (recommended 50-150)",
    "Card 18 too short: 14 words (recommended 50-150)",
    "Card 19 too short: 18 words (recommended 50-150)",
    "Card 20 too short: 25 words (recommended 50-150)",
    "Card 21 too short: 3 words (recommended 50-150)",
    "Card 22 too short: 25 words (recommended 50-150)",
    "Card 23 too short: 23 words (recommended 50-150)",
    "Card 24 too short: 23 words (recommended 50-150)",
    "Card 25 too short: 3 words (recommended 50-150)",
    "Card 28 too short: 16 words (recommended 50-150)"
  ],
  "metrics": {
    "sectionCount": 28
  }
}
[2026-07-31T04:05:41.413Z] [WARN] ⚠️  Notes validation passed with warnings for short-notes: [
  "Too many cards: 28 (recommended 3-5 for \"short\" notes)",
  "Card 1 too short: 6 words (recommended 50-150)",
  "Card 2 too short: 25 words (recommended 50-150)",
  "Card 3 too short: 19 words (recommended 50-150)",
  "Card 4 too short: 23 words (recommended 50-150)",
  "Card 5 too short: 3 words (recommended 50-150)",
  "Card 6 too short: 18 words (recommended 50-150)",
  "Card 7 too short: 19 words (recommended 50-150)",
  "Card 8 too short: 21 words (recommended 50-150)",
  "Card 9 too short: 3 words (recommended 50-150)",
  "Card 10 too short: 21 words (recommended 50-150)",
  "Card 11 too short: 18 words (recommended 50-150)",
  "Card 12 too short: 20 words (recommended 50-150)",
  "Card 13 too short: 3 words (recommended 50-150)",
  "Card 14 too short: 11 words (recommended 50-150)",
  "Card 15 too short: 21 words (recommended 50-150)",
  "Card 16 too short: 14 words (recommended 50-150)",
  "Card 17 too short: 4 words (recommended 50-150)",
  "Card 18 too short: 14 words (recommended 50-150)",
  "Card 19 too short: 18 words (recommended 50-150)",
  "Card 20 too short: 25 words (recommended 50-150)",
  "Card 21 too short: 3 words (recommended 50-150)",
  "Card 22 too short: 25 words (recommended 50-150)",
  "Card 23 too short: 23 words (recommended 50-150)",
  "Card 24 too short: 23 words (recommended 50-150)",
  "Card 25 too short: 3 words (recommended 50-150)",
  "Card 28 too short: 16 words (recommended 50-150)"
]
[2026-07-31T04:05:41.415Z] [ACTION] [ACTION] generation.complete | {"draftId":"d65ea4d2-07fd-4ca6-9414-c0408c61c47c","type":"notes","subType":"short-notes","scope":"notes"}
[2026-07-31T04:05:41.416Z] [INFO] ← POST /notes 200 (2384ms)
[2026-07-31T04:05:41.421Z] [INFO] → GET /api/history/d65ea4d2-07fd-4ca6-9414-c0408c61c47c
[2026-07-31T04:05:41.423Z] [INFO] ← GET /d65ea4d2-07fd-4ca6-9414-c0408c61c47c 200 (2ms)
[2026-07-31T04:05:58.218Z] [INFO] → GET /api/rag/docs
[2026-07-31T04:05:58.220Z] [INFO] ← GET /docs 304 (2ms)
[2026-07-31T04:05:58.221Z] [INFO] → GET /api/history
[2026-07-31T04:05:58.223Z] [INFO] ← GET / 200 (2ms)
[2026-07-31T04:06:02.036Z] [INFO] → POST /api/history/draft
[2026-07-31T04:06:02.038Z] [INFO] ← POST /draft 200 (2ms)
[2026-07-31T04:06:02.056Z] [INFO] → GET /api/history/9fa51564-a538-4a89-87ad-c42c61fe604c
[2026-07-31T04:06:02.058Z] [INFO] ← GET /9fa51564-a538-4a89-87ad-c42c61fe604c 200 (2ms)
[2026-07-31T04:06:02.068Z] [INFO] → POST /api/study/plan
[2026-07-31T04:06:03.309Z] [INFO] ← POST /plan 200 (1241ms)
[2026-07-31T04:06:03.314Z] [INFO] → PATCH /api/history/9fa51564-a538-4a89-87ad-c42c61fe604c
[2026-07-31T04:06:03.315Z] [INFO] ← PATCH /9fa51564-a538-4a89-87ad-c42c61fe604c 200 (2ms)
[2026-07-31T04:06:03.320Z] [INFO] → GET /api/history/9fa51564-a538-4a89-87ad-c42c61fe604c
[2026-07-31T04:06:03.321Z] [INFO] ← GET /9fa51564-a538-4a89-87ad-c42c61fe604c 200 (2ms)
[2026-07-31T04:06:03.329Z] [INFO] → GET /api/rag/docs
[2026-07-31T04:06:03.330Z] [INFO] ← GET /docs 304 (1ms)
[2026-07-31T04:06:10.985Z] [INFO] → PATCH /api/history/9fa51564-a538-4a89-87ad-c42c61fe604c
[2026-07-31T04:06:10.988Z] [INFO] ← PATCH /9fa51564-a538-4a89-87ad-c42c61fe604c 200 (3ms)
[2026-07-31T04:06:10.993Z] [INFO] → GET /api/history/9fa51564-a538-4a89-87ad-c42c61fe604c
[2026-07-31T04:06:10.994Z] [INFO] ← GET /9fa51564-a538-4a89-87ad-c42c61fe604c 200 (2ms)
[2026-07-31T04:06:11.001Z] [INFO] → POST /api/study/notes
[2026-07-31T04:06:13.004Z] [INFO] → GET /api/history/9fa51564-a538-4a89-87ad-c42c61fe604c
[2026-07-31T04:06:13.005Z] [INFO] ← GET /9fa51564-a538-4a89-87ad-c42c61fe604c 304 (2ms)
[2026-07-31T04:06:15.017Z] [INFO] → GET /api/history/9fa51564-a538-4a89-87ad-c42c61fe604c
[2026-07-31T04:06:15.019Z] [INFO] ← GET /9fa51564-a538-4a89-87ad-c42c61fe604c 304 (1ms)
[2026-07-31T04:06:15.046Z] [INFO] ✗ Notes(exam-notes) validation {
  "valid": false,
  "errors": [
    "Exam notes too short: 408 words (minimum 800)"
  ],
  "warnings": [],
  "metrics": {
    "wordCount": 408
  }
}
[2026-07-31T04:06:15.046Z] [ERROR] ❌ Notes validation failed for exam-notes: [
  "Exam notes too short: 408 words (minimum 800)"
]
[2026-07-31T04:06:15.048Z] [ACTION] [ACTION] generation.complete | {"draftId":"9fa51564-a538-4a89-87ad-c42c61fe604c","type":"notes","subType":"exam-notes","scope":"notes"}
[2026-07-31T04:06:15.049Z] [INFO] ← POST /notes 200 (4048ms)
[2026-07-31T04:06:15.055Z] [INFO] → GET /api/history/9fa51564-a538-4a89-87ad-c42c61fe604c
[2026-07-31T04:06:15.056Z] [INFO] ← GET /9fa51564-a538-4a89-87ad-c42c61fe604c 200 (1ms)
[2026-07-31T04:06:42.142Z] [INFO] → GET /api/rag/docs
[2026-07-31T04:06:42.144Z] [INFO] ← GET /docs 304 (2ms)
[2026-07-31T04:06:42.145Z] [INFO] → GET /api/history
[2026-07-31T04:06:42.146Z] [INFO] ← GET / 200 (1ms)
[2026-07-31T04:07:09.997Z] [INFO] → POST /api/history/draft
[2026-07-31T04:07:10.002Z] [INFO] ← POST /draft 200 (5ms)
[2026-07-31T04:07:10.018Z] [INFO] → GET /api/history/b52d6658-194d-4041-937d-84789d6603fd
[2026-07-31T04:07:10.020Z] [INFO] ← GET /b52d6658-194d-4041-937d-84789d6603fd 200 (2ms)
[2026-07-31T04:07:10.025Z] [INFO] → POST /api/study/plan
[2026-07-31T04:07:11.424Z] [INFO] ← POST /plan 200 (1400ms)
[2026-07-31T04:07:11.430Z] [INFO] → PATCH /api/history/b52d6658-194d-4041-937d-84789d6603fd
[2026-07-31T04:07:11.431Z] [INFO] ← PATCH /b52d6658-194d-4041-937d-84789d6603fd 200 (2ms)
[2026-07-31T04:07:11.437Z] [INFO] → GET /api/history/b52d6658-194d-4041-937d-84789d6603fd
[2026-07-31T04:07:11.439Z] [INFO] ← GET /b52d6658-194d-4041-937d-84789d6603fd 200 (2ms)
[2026-07-31T04:07:11.445Z] [INFO] → GET /api/rag/docs
[2026-07-31T04:07:11.446Z] [INFO] ← GET /docs 304 (1ms)
[2026-07-31T04:07:16.601Z] [INFO] → PATCH /api/history/b52d6658-194d-4041-937d-84789d6603fd
[2026-07-31T04:07:16.605Z] [INFO] ← PATCH /b52d6658-194d-4041-937d-84789d6603fd 200 (4ms)
[2026-07-31T04:07:16.610Z] [INFO] → GET /api/history/b52d6658-194d-4041-937d-84789d6603fd
[2026-07-31T04:07:16.611Z] [INFO] ← GET /b52d6658-194d-4041-937d-84789d6603fd 200 (2ms)
[2026-07-31T04:07:16.618Z] [INFO] → POST /api/study/notes
[2026-07-31T04:07:18.619Z] [INFO] → GET /api/history/b52d6658-194d-4041-937d-84789d6603fd
[2026-07-31T04:07:18.620Z] [INFO] ← GET /b52d6658-194d-4041-937d-84789d6603fd 304 (2ms)
[2026-07-31T04:07:20.626Z] [INFO] → GET /api/history/b52d6658-194d-4041-937d-84789d6603fd
[2026-07-31T04:07:20.627Z] [INFO] ← GET /b52d6658-194d-4041-937d-84789d6603fd 304 (1ms)
[2026-07-31T04:07:21.237Z] [WARN] [Notes] 5-mark Q"What is threat intelligence and how does it contri..." answer too short (60/400 words), retrying...
[2026-07-31T04:07:22.632Z] [INFO] → GET /api/history/b52d6658-194d-4041-937d-84789d6603fd
[2026-07-31T04:07:22.633Z] [INFO] ← GET /b52d6658-194d-4041-937d-84789d6603fd 304 (1ms)
[2026-07-31T04:07:24.639Z] [INFO] → GET /api/history/b52d6658-194d-4041-937d-84789d6603fd
[2026-07-31T04:07:24.640Z] [INFO] ← GET /b52d6658-194d-4041-937d-84789d6603fd 304 (1ms)
[2026-07-31T04:07:25.139Z] [WARN] [Notes] 5-mark Q"What is threat intelligence and how does it contri..." answer too short (0/400 words), retrying...
[2026-07-31T04:07:26.647Z] [INFO] → GET /api/history/b52d6658-194d-4041-937d-84789d6603fd
[2026-07-31T04:07:26.648Z] [INFO] ← GET /b52d6658-194d-4041-937d-84789d6603fd 304 (1ms)
[2026-07-31T04:07:28.655Z] [INFO] → GET /api/history/b52d6658-194d-4041-937d-84789d6603fd
[2026-07-31T04:07:28.655Z] [INFO] ← GET /b52d6658-194d-4041-937d-84789d6603fd 304 (1ms)
[2026-07-31T04:07:28.940Z] [WARN] [Notes] 5-mark Q"What is network security and how does it contribut..." answer too short (54/400 words), retrying...
[2026-07-31T04:07:30.667Z] [INFO] → GET /api/history/b52d6658-194d-4041-937d-84789d6603fd
[2026-07-31T04:07:30.668Z] [INFO] ← GET /b52d6658-194d-4041-937d-84789d6603fd 304 (1ms)
[2026-07-31T04:07:31.651Z] [WARN] [Notes] 5-mark Q"What is network security and how does it contribut..." answer too short (0/400 words), retrying...
[2026-07-31T04:07:32.674Z] [INFO] → GET /api/history/b52d6658-194d-4041-937d-84789d6603fd
[2026-07-31T04:07:32.675Z] [INFO] ← GET /b52d6658-194d-4041-937d-84789d6603fd 304 (1ms)
[2026-07-31T04:07:34.681Z] [INFO] → GET /api/history/b52d6658-194d-4041-937d-84789d6603fd
[2026-07-31T04:07:34.682Z] [INFO] ← GET /b52d6658-194d-4041-937d-84789d6603fd 304 (1ms)
[2026-07-31T04:07:36.692Z] [INFO] → GET /api/history/b52d6658-194d-4041-937d-84789d6603fd
[2026-07-31T04:07:36.693Z] [INFO] ← GET /b52d6658-194d-4041-937d-84789d6603fd 304 (1ms)
[2026-07-31T04:07:38.702Z] [INFO] → GET /api/history/b52d6658-194d-4041-937d-84789d6603fd
[2026-07-31T04:07:38.703Z] [INFO] ← GET /b52d6658-194d-4041-937d-84789d6603fd 304 (2ms)
[2026-07-31T04:07:39.560Z] [WARN] [Notes] 5-mark Q"What is the role of machine learning in cybersecur..." answer too short (27/400 words), retrying...
[2026-07-31T04:07:40.709Z] [INFO] → GET /api/history/b52d6658-194d-4041-937d-84789d6603fd
[2026-07-31T04:07:40.710Z] [INFO] ← GET /b52d6658-194d-4041-937d-84789d6603fd 304 (1ms)
[2026-07-31T04:07:42.420Z] [WARN] [Notes] 5-mark Q"What is the role of machine learning in cybersecur..." answer too short (0/400 words), retrying...
[2026-07-31T04:07:42.716Z] [INFO] → GET /api/history/b52d6658-194d-4041-937d-84789d6603fd
[2026-07-31T04:07:42.717Z] [INFO] ← GET /b52d6658-194d-4041-937d-84789d6603fd 304 (1ms)
[2026-07-31T04:07:44.726Z] [INFO] → GET /api/history/b52d6658-194d-4041-937d-84789d6603fd
[2026-07-31T04:07:44.727Z] [INFO] ← GET /b52d6658-194d-4041-937d-84789d6603fd 304 (1ms)
[2026-07-31T04:07:45.936Z] [WARN] [Notes] 5-mark Q"What is the role of artificial intelligence in inc..." answer too short (26/400 words), retrying...
[2026-07-31T04:07:46.734Z] [INFO] → GET /api/history/b52d6658-194d-4041-937d-84789d6603fd
[2026-07-31T04:07:46.734Z] [INFO] ← GET /b52d6658-194d-4041-937d-84789d6603fd 304 (1ms)
[2026-07-31T04:07:48.745Z] [INFO] → GET /api/history/b52d6658-194d-4041-937d-84789d6603fd
[2026-07-31T04:07:48.746Z] [INFO] ← GET /b52d6658-194d-4041-937d-84789d6603fd 304 (0ms)
[2026-07-31T04:07:50.758Z] [INFO] → GET /api/history/b52d6658-194d-4041-937d-84789d6603fd
[2026-07-31T04:07:50.758Z] [INFO] ← GET /b52d6658-194d-4041-937d-84789d6603fd 304 (1ms)
[2026-07-31T04:07:50.872Z] [WARN] [Notes] 5-mark Q"What is the role of artificial intelligence in inc..." answer too short (0/400 words), retrying...
[2026-07-31T04:07:52.764Z] [INFO] → GET /api/history/b52d6658-194d-4041-937d-84789d6603fd
[2026-07-31T04:07:52.765Z] [INFO] ← GET /b52d6658-194d-4041-937d-84789d6603fd 304 (1ms)
[2026-07-31T04:07:54.771Z] [INFO] → GET /api/history/b52d6658-194d-4041-937d-84789d6603fd
[2026-07-31T04:07:54.772Z] [INFO] ← GET /b52d6658-194d-4041-937d-84789d6603fd 304 (1ms)
[2026-07-31T04:07:56.778Z] [INFO] → GET /api/history/b52d6658-194d-4041-937d-84789d6603fd
[2026-07-31T04:07:56.778Z] [INFO] ← GET /b52d6658-194d-4041-937d-84789d6603fd 304 (1ms)
[2026-07-31T04:07:58.785Z] [INFO] → GET /api/history/b52d6658-194d-4041-937d-84789d6603fd
[2026-07-31T04:07:58.786Z] [INFO] ← GET /b52d6658-194d-4041-937d-84789d6603fd 304 (0ms)
[2026-07-31T04:08:00.792Z] [INFO] → GET /api/history/b52d6658-194d-4041-937d-84789d6603fd
[2026-07-31T04:08:00.793Z] [INFO] ← GET /b52d6658-194d-4041-937d-84789d6603fd 304 (2ms)
[2026-07-31T04:08:02.799Z] [INFO] → GET /api/history/b52d6658-194d-4041-937d-84789d6603fd
[2026-07-31T04:08:02.800Z] [INFO] ← GET /b52d6658-194d-4041-937d-84789d6603fd 304 (1ms)
[2026-07-31T04:08:04.806Z] [INFO] → GET /api/history/b52d6658-194d-4041-937d-84789d6603fd
[2026-07-31T04:08:04.807Z] [INFO] ← GET /b52d6658-194d-4041-937d-84789d6603fd 304 (0ms)
[2026-07-31T04:08:17.123Z] [WARN] [Notes] 5-mark Q"What is the role of artificial intelligence in cyb..." answer too short (20/400 words), retrying...
[2026-07-31T04:08:24.057Z] [WARN] [Notes] 5-mark Q"What is the role of artificial intelligence in cyb..." answer too short (0/400 words), retrying...
[2026-07-31T04:08:26.889Z] [WARN] [Notes] 5-mark Q"What is the role of network security in cybersecur..." answer too short (22/400 words), retrying...
[2026-07-31T04:08:33.137Z] [WARN] [Notes] 5-mark Q"What is the role of network security in cybersecur..." answer too short (0/400 words), retrying...
[2026-07-31T04:08:58.814Z] [INFO] → GET /api/history/b52d6658-194d-4041-937d-84789d6603fd
[2026-07-31T04:08:58.815Z] [INFO] ← GET /b52d6658-194d-4041-937d-84789d6603fd 304 (1ms)
[2026-07-31T04:09:00.612Z] [WARN] [Notes] 5-mark Q"What is the role of artificial intelligence in net..." answer too short (22/400 words), retrying...
[2026-07-31T04:09:00.826Z] [INFO] → GET /api/history/b52d6658-194d-4041-937d-84789d6603fd
[2026-07-31T04:09:00.827Z] [INFO] ← GET /b52d6658-194d-4041-937d-84789d6603fd 304 (0ms)
[2026-07-31T04:09:02.833Z] [INFO] → GET /api/history/b52d6658-194d-4041-937d-84789d6603fd
[2026-07-31T04:09:02.834Z] [INFO] ← GET /b52d6658-194d-4041-937d-84789d6603fd 304 (1ms)
[2026-07-31T04:09:04.840Z] [INFO] → GET /api/history/b52d6658-194d-4041-937d-84789d6603fd
[2026-07-31T04:09:04.841Z] [INFO] ← GET /b52d6658-194d-4041-937d-84789d6603fd 304 (1ms)
[2026-07-31T04:09:06.848Z] [INFO] → GET /api/history/b52d6658-194d-4041-937d-84789d6603fd
[2026-07-31T04:09:06.849Z] [INFO] ← GET /b52d6658-194d-4041-937d-84789d6603fd 304 (1ms)
[2026-07-31T04:09:08.862Z] [INFO] → GET /api/history/b52d6658-194d-4041-937d-84789d6603fd
[2026-07-31T04:09:08.863Z] [INFO] ← GET /b52d6658-194d-4041-937d-84789d6603fd 304 (1ms)
[2026-07-31T04:09:10.289Z] [WARN] [Notes] 5-mark Q"What is the role of artificial intelligence in net..." answer too short (0/400 words), retrying...
[2026-07-31T04:09:10.868Z] [INFO] → GET /api/history/b52d6658-194d-4041-937d-84789d6603fd
[2026-07-31T04:09:10.869Z] [INFO] ← GET /b52d6658-194d-4041-937d-84789d6603fd 304 (1ms)
[2026-07-31T04:09:12.875Z] [INFO] → GET /api/history/b52d6658-194d-4041-937d-84789d6603fd
[2026-07-31T04:09:12.876Z] [INFO] ← GET /b52d6658-194d-4041-937d-84789d6603fd 304 (1ms)
[2026-07-31T04:09:14.881Z] [INFO] → GET /api/history/b52d6658-194d-4041-937d-84789d6603fd
[2026-07-31T04:09:14.882Z] [INFO] ← GET /b52d6658-194d-4041-937d-84789d6603fd 304 (1ms)
[2026-07-31T04:09:15.661Z] [WARN] Provider "Groq" key "dark" + model "llama-3.3-70b-versatile" hit 429 → trying next model
[2026-07-31T04:09:16.888Z] [INFO] → GET /api/history/b52d6658-194d-4041-937d-84789d6603fd
[2026-07-31T04:09:16.889Z] [INFO] ← GET /b52d6658-194d-4041-937d-84789d6603fd 304 (0ms)
[2026-07-31T04:09:18.901Z] [INFO] → GET /api/history/b52d6658-194d-4041-937d-84789d6603fd
[2026-07-31T04:09:18.902Z] [INFO] ← GET /b52d6658-194d-4041-937d-84789d6603fd 304 (1ms)
[2026-07-31T04:09:20.908Z] [INFO] → GET /api/history/b52d6658-194d-4041-937d-84789d6603fd
[2026-07-31T04:09:20.909Z] [INFO] ← GET /b52d6658-194d-4041-937d-84789d6603fd 304 (1ms)
[2026-07-31T04:09:22.919Z] [INFO] → GET /api/history/b52d6658-194d-4041-937d-84789d6603fd
[2026-07-31T04:09:22.920Z] [INFO] ← GET /b52d6658-194d-4041-937d-84789d6603fd 304 (1ms)
[2026-07-31T04:09:23.879Z] [WARN] Provider "Groq" key "veng" + model "llama-3.3-70b-versatile" hit 429 → trying next model
[2026-07-31T04:09:24.929Z] [INFO] → GET /api/history/b52d6658-194d-4041-937d-84789d6603fd
[2026-07-31T04:09:24.930Z] [INFO] ← GET /b52d6658-194d-4041-937d-84789d6603fd 304 (0ms)
[2026-07-31T04:09:26.937Z] [INFO] → GET /api/history/b52d6658-194d-4041-937d-84789d6603fd
[2026-07-31T04:09:26.937Z] [INFO] ← GET /b52d6658-194d-4041-937d-84789d6603fd 304 (1ms)
[2026-07-31T04:09:28.944Z] [INFO] → GET /api/history/b52d6658-194d-4041-937d-84789d6603fd
[2026-07-31T04:09:28.945Z] [INFO] ← GET /b52d6658-194d-4041-937d-84789d6603fd 304 (2ms)
[2026-07-31T04:09:30.119Z] [WARN] [Notes] 5-mark batch 5 failed: Unexpected token 'I', "[ICS/SCADA Network]" is not valid JSON
[2026-07-31T04:09:30.166Z] [WARN] Provider "Groq" key "dark" + model "llama-3.3-70b-versatile" hit 429 → trying next model
[2026-07-31T04:09:30.951Z] [INFO] → GET /api/history/b52d6658-194d-4041-937d-84789d6603fd
[2026-07-31T04:09:30.952Z] [INFO] ← GET /b52d6658-194d-4041-937d-84789d6603fd 304 (0ms)
[2026-07-31T04:09:32.964Z] [INFO] → GET /api/history/b52d6658-194d-4041-937d-84789d6603fd
[2026-07-31T04:09:32.965Z] [INFO] ← GET /b52d6658-194d-4041-937d-84789d6603fd 304 (1ms)
[2026-07-31T04:09:34.972Z] [INFO] → GET /api/history/b52d6658-194d-4041-937d-84789d6603fd
[2026-07-31T04:09:34.974Z] [INFO] ← GET /b52d6658-194d-4041-937d-84789d6603fd 304 (1ms)
[2026-07-31T04:09:36.984Z] [INFO] → GET /api/history/b52d6658-194d-4041-937d-84789d6603fd
[2026-07-31T04:09:36.985Z] [INFO] ← GET /b52d6658-194d-4041-937d-84789d6603fd 304 (1ms)
[2026-07-31T04:09:38.991Z] [INFO] → GET /api/history/b52d6658-194d-4041-937d-84789d6603fd
[2026-07-31T04:09:38.992Z] [INFO] ← GET /b52d6658-194d-4041-937d-84789d6603fd 304 (1ms)
[2026-07-31T04:09:40.998Z] [INFO] → GET /api/history/b52d6658-194d-4041-937d-84789d6603fd
[2026-07-31T04:09:40.999Z] [INFO] ← GET /b52d6658-194d-4041-937d-84789d6603fd 304 (1ms)
[2026-07-31T04:09:43.007Z] [INFO] → GET /api/history/b52d6658-194d-4041-937d-84789d6603fd
[2026-07-31T04:09:43.008Z] [INFO] ← GET /b52d6658-194d-4041-937d-84789d6603fd 304 (1ms)
[2026-07-31T04:09:45.014Z] [INFO] → GET /api/history/b52d6658-194d-4041-937d-84789d6603fd
[2026-07-31T04:09:45.015Z] [INFO] ← GET /b52d6658-194d-4041-937d-84789d6603fd 304 (1ms)
[2026-07-31T04:09:47.026Z] [INFO] → GET /api/history/b52d6658-194d-4041-937d-84789d6603fd
[2026-07-31T04:09:47.027Z] [INFO] ← GET /b52d6658-194d-4041-937d-84789d6603fd 304 (1ms)
[2026-07-31T04:09:49.033Z] [INFO] → GET /api/history/b52d6658-194d-4041-937d-84789d6603fd
[2026-07-31T04:09:49.034Z] [INFO] ← GET /b52d6658-194d-4041-937d-84789d6603fd 304 (1ms)
[2026-07-31T04:09:51.039Z] [INFO] → GET /api/history/b52d6658-194d-4041-937d-84789d6603fd
[2026-07-31T04:09:51.040Z] [INFO] ← GET /b52d6658-194d-4041-937d-84789d6603fd 304 (1ms)
[2026-07-31T04:09:53.046Z] [INFO] → GET /api/history/b52d6658-194d-4041-937d-84789d6603fd
[2026-07-31T04:09:53.047Z] [INFO] ← GET /b52d6658-194d-4041-937d-84789d6603fd 304 (0ms)
[2026-07-31T04:09:55.053Z] [INFO] → GET /api/history/b52d6658-194d-4041-937d-84789d6603fd
[2026-07-31T04:09:55.054Z] [INFO] ← GET /b52d6658-194d-4041-937d-84789d6603fd 304 (0ms)
[2026-07-31T04:09:57.060Z] [INFO] → GET /api/history/b52d6658-194d-4041-937d-84789d6603fd
[2026-07-31T04:09:57.061Z] [INFO] ← GET /b52d6658-194d-4041-937d-84789d6603fd 304 (2ms)
[2026-07-31T04:09:57.260Z] [INFO] → GET /api/rag/docs
[2026-07-31T04:09:57.261Z] [INFO] ← GET /docs 304 (1ms)
[2026-07-31T04:09:57.263Z] [INFO] → GET /api/history
[2026-07-31T04:09:57.265Z] [INFO] ← GET / 200 (2ms)
[2026-07-31T04:10:24.865Z] [WARN] Provider "Groq" key "veng" + model "llama-3.3-70b-versatile" hit 429 → trying next model
[2026-07-31T04:10:33.028Z] [WARN] [Notes] 5-mark batch 6 failed: Unexpected token '.', ..."topics": [...],
    "... is not valid JSON
[2026-07-31T04:10:33.074Z] [WARN] Provider "Groq" key "dark" + model "llama-3.3-70b-versatile" hit 429 → trying next model
[2026-07-31T04:11:25.375Z] [WARN] Provider "Groq" key "veng" + model "llama-3.3-70b-versatile" hit 429 → trying next model
[2026-07-31T04:11:32.249Z] [WARN] [Notes] 5-mark batch 7 failed: Unexpected token 'T', "[Target Sys"... is not valid JSON
[2026-07-31T04:11:32.299Z] [WARN] Provider "Groq" key "dark" + model "llama-3.3-70b-versatile" hit 429 → trying next model
[2026-07-31T04:12:16.826Z] [WARN] Provider "Groq" key "veng" + model "llama-3.3-70b-versatile" hit 429 → trying next model
[2026-07-31T04:12:32.236Z] [WARN] [Notes] 5-mark batch 8 failed: Unexpected token 'A', "[Adversaria"... is not valid JSON
[2026-07-31T04:12:32.280Z] [WARN] Provider "Groq" key "dark" + model "llama-3.3-70b-versatile" hit 429 → trying next model
[2026-07-31T04:13:08.642Z] [WARN] Provider "Groq" key "veng" + model "llama-3.3-70b-versatile" hit 429 → trying next model
[2026-07-31T04:13:19.940Z] [WARN] [Notes] 5-mark batch 9 failed: Unexpected token 'A', "[AI Reconna"... is not valid JSON
[2026-07-31T04:13:19.985Z] [WARN] Provider "Groq" key "dark" + model "llama-3.3-70b-versatile" hit 429 → trying next model
[2026-07-31T04:14:09.359Z] [WARN] Provider "Groq" key "veng" + model "llama-3.3-70b-versatile" hit 429 → trying next model
[2026-07-31T04:14:17.521Z] [WARN] [Notes] 5-mark batch 10 failed: Unexpected token 'A', "[AI Reconna"... is not valid JSON
[2026-07-31T04:14:17.566Z] [WARN] Provider "Groq" key "dark" + model "llama-3.3-70b-versatile" hit 429 → trying next model
[2026-07-31T04:15:01.050Z] [WARN] Provider "Groq" key "veng" + model "llama-3.3-70b-versatile" hit 429 → trying next model
[2026-07-31T04:15:09.220Z] [WARN] [Notes] 5-mark batch 11 failed: Unexpected token 'A', "[Adversaria"... is not valid JSON
[2026-07-31T04:15:09.274Z] [WARN] Provider "Groq" key "dark" + model "llama-3.3-70b-versatile" hit 429 → trying next model
[2026-07-31T04:15:52.605Z] [WARN] Provider "Groq" key "veng" + model "llama-3.3-70b-versatile" hit 429 → trying next model
[2026-07-31T04:15:59.315Z] [WARN] [Notes] 5-mark batch 12 failed: Unexpected token 'A', "[AI Reconna"... is not valid JSON
[2026-07-31T04:15:59.362Z] [WARN] Provider "Groq" key "dark" + model "llama-3.3-70b-versatile" hit 429 → trying next model
[2026-07-31T04:16:44.720Z] [WARN] Provider "Groq" key "veng" + model "llama-3.3-70b-versatile" hit 429 → trying next model
[2026-07-31T04:16:52.958Z] [WARN] [Notes] 5-mark batch 13 failed: Unexpected token 'A', "[Adversaria"... is not valid JSON
[2026-07-31T04:16:53.005Z] [WARN] Provider "Groq" key "dark" + model "llama-3.3-70b-versatile" hit 429 → trying next model
[2026-07-31T04:17:36.274Z] [WARN] Provider "Groq" key "veng" + model "llama-3.3-70b-versatile" hit 429 → trying next model
[2026-07-31T04:17:44.394Z] [WARN] [Notes] 5-mark batch 14 failed: Unexpected token 'A', "[AI Asset Discovery]" is not valid JSON
[2026-07-31T04:17:44.440Z] [WARN] Provider "Groq" key "dark" + model "llama-3.3-70b-versatile" hit 429 → trying next model
[2026-07-31T04:18:28.743Z] [WARN] Provider "Groq" key "veng" + model "llama-3.3-70b-versatile" hit 429 → trying next model
[2026-07-31T04:18:36.924Z] [WARN] [Notes] 5-mark batch 15 failed: Unexpected token 'A', "[Asset Disc"... is not valid JSON
[2026-07-31T04:18:36.968Z] [WARN] Provider "Groq" key "dark" + model "llama-3.3-70b-versatile" hit 429 → trying next model
[2026-07-31T04:19:20.288Z] [WARN] Provider "Groq" key "veng" + model "llama-3.3-70b-versatile" hit 429 → trying next model
[2026-07-31T04:19:28.635Z] [WARN] [Notes] 5-mark batch 16 failed: Unexpected token 'A', "[Adversaria"... is not valid JSON
[2026-07-31T04:19:28.682Z] [WARN] Provider "Groq" key "dark" + model "llama-3.3-70b-versatile" hit 429 → trying next model
[2026-07-31T04:20:12.606Z] [WARN] Provider "Groq" key "veng" + model "llama-3.3-70b-versatile" hit 429 → trying next model
[2026-07-31T04:20:20.939Z] [INFO] ✗ Notes(5-mark) validation {
  "valid": false,
  "errors": [
    "Question 1: Missing answer",
    "Question 2: Missing answer",
    "Question 3: Missing answer",
    "Question 4: Missing answer",
    "Question 5: Missing answer",
    "Question 6: Missing answer",
    "Question 7: Missing answer"
  ],
  "warnings": [],
  "metrics": {
    "wordCount": 0
  }
}
[2026-07-31T04:20:20.940Z] [ERROR] ❌ Notes validation failed for 5-mark: [
  "Question 1: Missing answer",
  "Question 2: Missing answer",
  "Question 3: Missing answer",
  "Question 4: Missing answer",
  "Question 5: Missing answer",
  "Question 6: Missing answer",
  "Question 7: Missing answer"
]
[2026-07-31T04:20:20.942Z] [ACTION] [ACTION] generation.complete | {"draftId":"b52d6658-194d-4041-937d-84789d6603fd","type":"notes","subType":"5-mark","scope":"notes"}
[2026-07-31T04:20:20.943Z] [INFO] ← POST /notes 200 (784325ms)
[2026-07-31T04:24:59.438Z] [INFO] StudyForge server listening on http://localhost:5174
[2026-07-31T04:24:59.439Z] [INFO] API mounted at /api   (frontend dev proxy → :5173)
[2026-07-31T04:26:52.658Z] [INFO] StudyForge server listening on http://localhost:5174
[2026-07-31T04:26:52.658Z] [INFO] API mounted at /api   (frontend dev proxy → :5173)
[2026-07-31T04:27:03.458Z] [INFO] StudyForge server listening on http://localhost:5174
[2026-07-31T04:27:03.458Z] [INFO] API mounted at /api   (frontend dev proxy → :5173)
[2026-07-31T04:27:09.599Z] [INFO] StudyForge server listening on http://localhost:5174
[2026-07-31T04:27:09.600Z] [INFO] API mounted at /api   (frontend dev proxy → :5173)
[2026-07-31T04:29:20.165Z] [INFO] StudyForge server listening on http://localhost:5174
[2026-07-31T04:29:20.166Z] [INFO] API mounted at /api   (frontend dev proxy → :5173)
[2026-07-31T04:29:33.209Z] [INFO] StudyForge server listening on http://localhost:5174
[2026-07-31T04:29:33.210Z] [INFO] API mounted at /api   (frontend dev proxy → :5173)
[2026-07-31T04:37:31.731Z] [INFO] StudyForge server listening on http://localhost:5174
[2026-07-31T04:37:31.732Z] [INFO] API mounted at /api   (frontend dev proxy → :5173)
[2026-07-31T04:37:39.914Z] [INFO] StudyForge server listening on http://localhost:5174
[2026-07-31T04:37:39.915Z] [INFO] API mounted at /api   (frontend dev proxy → :5173)
[2026-07-31T04:38:28.718Z] [INFO] StudyForge server listening on http://localhost:5174
[2026-07-31T04:38:28.718Z] [INFO] API mounted at /api   (frontend dev proxy → :5173)
[2026-07-31T04:39:06.713Z] [INFO] StudyForge server listening on http://localhost:5174
[2026-07-31T04:39:06.714Z] [INFO] API mounted at /api   (frontend dev proxy → :5173)
[2026-07-31T04:39:13.203Z] [INFO] StudyForge server listening on http://localhost:5174
[2026-07-31T04:39:13.203Z] [INFO] API mounted at /api   (frontend dev proxy → :5173)
[2026-07-31T04:39:22.262Z] [INFO] StudyForge server listening on http://localhost:5174
[2026-07-31T04:39:22.262Z] [INFO] API mounted at /api   (frontend dev proxy → :5173)
[2026-07-31T04:39:42.048Z] [INFO] StudyForge server listening on http://localhost:5174
[2026-07-31T04:39:42.049Z] [INFO] API mounted at /api   (frontend dev proxy → :5173)
[2026-07-31T04:39:49.761Z] [INFO] StudyForge server listening on http://localhost:5174
[2026-07-31T04:39:49.762Z] [INFO] API mounted at /api   (frontend dev proxy → :5173)
[2026-07-31T04:40:13.041Z] [INFO] StudyForge server listening on http://localhost:5174
[2026-07-31T04:40:13.042Z] [INFO] API mounted at /api   (frontend dev proxy → :5173)
[2026-07-31T04:40:29.599Z] [INFO] StudyForge server listening on http://localhost:5174
[2026-07-31T04:40:29.600Z] [INFO] API mounted at /api   (frontend dev proxy → :5173)
[2026-07-31T04:40:44.003Z] [INFO] StudyForge server listening on http://localhost:5174
[2026-07-31T04:40:44.004Z] [INFO] API mounted at /api   (frontend dev proxy → :5173)
[2026-07-31T04:41:13.536Z] [INFO] StudyForge server listening on http://localhost:5174
[2026-07-31T04:41:13.537Z] [INFO] API mounted at /api   (frontend dev proxy → :5173)
[2026-07-31T04:41:55.860Z] [INFO] → GET /api/rag/docs
[2026-07-31T04:41:56.249Z] [INFO] ← GET /docs 304 (389ms)
[2026-07-31T04:41:56.253Z] [INFO] → GET /api/history
[2026-07-31T04:41:56.256Z] [INFO] ← GET / 200 (3ms)
[2026-07-31T04:53:04.631Z] [INFO] → GET /api/providers
[2026-07-31T04:53:04.636Z] [INFO] ← GET / 200 (4ms)
[2026-07-31T04:53:12.986Z] [INFO] → POST /api/study/plan
[2026-07-31T04:53:13.357Z] [WARN] Provider "Groq" does not support embeddings (404); using the local embedding model instead.
[2026-07-31T04:53:13.358Z] [INFO] Loading local embedding model (Xenova/all-MiniLM-L6-v2)…
[2026-07-31T04:53:13.583Z] [INFO] Local embedding model ready
[2026-07-31T04:53:13.621Z] [INFO] FAISS index loaded (5146 vectors)
[2026-07-31T04:53:16.175Z] [INFO] ← POST /plan 200 (3190ms)
[2026-07-31T04:53:25.673Z] [INFO] → POST /api/study/plan
[2026-07-31T04:53:26.109Z] [WARN] Provider "Groq" key "veng" + model "llama-3.3-70b-versatile" rate-limit → trying next model
[2026-07-31T04:53:28.396Z] [WARN] Plan narrative was unparseable; using the blueprint alone
[2026-07-31T04:53:28.398Z] [INFO] ← POST /plan 200 (2725ms)
[2026-07-31T04:54:28.592Z] [INFO] StudyForge server listening on http://localhost:5174
[2026-07-31T04:54:28.592Z] [INFO] API mounted at /api   (frontend dev proxy → :5173)
[2026-07-31T04:54:38.870Z] [INFO] StudyForge server listening on http://localhost:5174
[2026-07-31T04:54:38.870Z] [INFO] API mounted at /api   (frontend dev proxy → :5173)
[2026-07-31T04:54:44.696Z] [INFO] StudyForge server listening on http://localhost:5174
[2026-07-31T04:54:44.697Z] [INFO] API mounted at /api   (frontend dev proxy → :5173)
[2026-07-31T04:54:51.851Z] [INFO] → GET /api/rag/docs
[2026-07-31T04:54:52.215Z] [INFO] ← GET /docs 304 (364ms)
[2026-07-31T04:54:52.219Z] [INFO] → GET /api/history
[2026-07-31T04:54:52.221Z] [INFO] ← GET / 304 (3ms)
[2026-07-31T04:55:14.054Z] [INFO] → POST /api/study/notes
[2026-07-31T04:55:14.676Z] [WARN] Provider "Groq" does not support embeddings (404); using the local embedding model instead.
[2026-07-31T04:55:14.676Z] [INFO] Loading local embedding model (Xenova/all-MiniLM-L6-v2)…
[2026-07-31T04:55:14.840Z] [INFO] Local embedding model ready
[2026-07-31T04:55:14.863Z] [INFO] FAISS index loaded (5146 vectors)
[2026-07-31T04:55:15.283Z] [INFO] [Notes] 1678 chars of source material for "artificial intelligence in cybersecurity"
[2026-07-31T04:55:15.284Z] [INFO] [Notes] 5-mark: 9 question(s) planned (~4320 words) [approved plan]
[2026-07-31T04:55:15.287Z] [INFO] [notes:5-mark] 24 lane(s) available: Groq(dark), Openrouter(primary), Groq(veng)
[2026-07-31T04:55:15.346Z] [WARN] [notes:5-mark] Groq/dark/llama-3.3-70b-versatile rate limited → cooling 90000ms
[2026-07-31T04:55:15.366Z] [WARN] [notes:5-mark] Groq/veng/llama-3.3-70b-versatile rate limited → cooling 90000ms
[2026-07-31T04:55:28.567Z] [WARN] [Notes] 5-mark "How does artificial intelligence help in identifyi" is 281/380 words — expanding (attempt 1)
[2026-07-31T04:55:28.789Z] [WARN] [notes:5-mark] Openrouter/primary/google/gemma-4-31b-it:free rate limited → cooling 800ms
[2026-07-31T04:55:53.563Z] [WARN] [Notes] 5-mark unit "Explain the concept of known vulnerability searchi" produced no item
[2026-07-31T04:55:57.685Z] [WARN] [Notes] 5-mark expansion did not add content — keeping the 281-word version
[2026-07-31T04:55:57.686Z] [WARN] [Notes] 5-mark "How does artificial intelligence help in identifyi" finished at 281/380 words
[2026-07-31T04:56:03.390Z] [WARN] [Notes] 5-mark "What are the applications of artificial intelligen" is 241/380 words — expanding (attempt 1)
[2026-07-31T04:56:58.888Z] [WARN] [Notes] 5-mark unit "Discuss the role of artificial intelligence in soc" produced no item
[2026-07-31T04:59:15.762Z] [INFO] StudyForge server listening on http://localhost:5174
[2026-07-31T04:59:15.763Z] [INFO] API mounted at /api   (frontend dev proxy → :5173)
[2026-07-31T04:59:22.322Z] [INFO] StudyForge server listening on http://localhost:5174
[2026-07-31T04:59:22.323Z] [INFO] API mounted at /api   (frontend dev proxy → :5173)
[2026-07-31T04:59:45.403Z] [INFO] StudyForge server listening on http://localhost:5174
[2026-07-31T04:59:45.403Z] [INFO] API mounted at /api   (frontend dev proxy → :5173)
[2026-07-31T04:59:59.809Z] [INFO] StudyForge server listening on http://localhost:5174
[2026-07-31T04:59:59.810Z] [INFO] API mounted at /api   (frontend dev proxy → :5173)
[2026-07-31T09:48:48.910Z] [INFO] → POST /api/study/notes
[2026-07-31T09:48:49.427Z] [WARN] Provider "Groq" does not support embeddings (404); using the local embedding model instead.
[2026-07-31T09:48:49.428Z] [INFO] Loading local embedding model (Xenova/all-MiniLM-L6-v2)…
[2026-07-31T09:48:49.662Z] [INFO] Local embedding model ready
[2026-07-31T09:48:49.708Z] [INFO] FAISS index loaded (5146 vectors)
[2026-07-31T09:48:50.480Z] [INFO] [Notes] 1678 chars of source material for "artificial intelligence in cybersecurity"
[2026-07-31T09:48:50.481Z] [INFO] [Notes] 5-mark: 9 question(s) planned (~4320 words) [approved plan]
[2026-07-31T09:48:50.485Z] [INFO] [notes:5-mark] 24 lane(s) available: Groq(dark), Openrouter(primary), Groq(veng)
[2026-07-31T09:48:59.320Z] [WARN] [Notes] 5-mark "Explain the concept of known vulnerability searchi" is 13/380 words — rewrite pass
[2026-07-31T09:49:01.422Z] [WARN] [Notes] 5-mark "Explain the concept of known vulnerability searchi" is 29/380 words — continue pass
[2026-07-31T09:49:07.016Z] [WARN] [notes:5-mark] Openrouter/primary/google/gemma-4-31b-it:free rate limited → cooling 800ms
[2026-07-31T09:49:07.858Z] [WARN] [Notes] 5-mark "Explain the concept of known vulnerability searchi" finished at 53/380 words
[2026-07-31T09:49:12.521Z] [WARN] [Notes] 5-mark "What are the applications of artificial intelligen" is 299/380 words — rewrite pass
[2026-07-31T09:49:44.127Z] [WARN] [Notes] 5-mark "Discuss the importance of querying cybersecurity j" is 308/380 words — rewrite pass
[2026-07-31T09:51:14.319Z] [WARN] [Notes] 5-mark rewrite pass added nothing — keeping the 299-word version
[2026-07-31T09:51:14.320Z] [WARN] [Notes] 5-mark "What are the applications of artificial intelligen" is 299/380 words — continue pass
[2026-07-31T09:53:06.253Z] [INFO] [Notes] 5-mark: 3/9 question(s) written in 255.8s across 24 lane(s) — 6 call(s) failed
[2026-07-31T09:53:06.256Z] [INFO] ✗ Notes(5-mark) validation {
  "valid": false,
  "errors": [
    "Question 3: Answer too short: 53 words (minimum 400)"
  ],
  "warnings": [
    "Question 1: Answer very long: 1247 words (recommended 400-550)",
    "Question 1: Should have at least 2 examples",
    "Question 1: Should have at least 4 key points",
    "Question 2: Answer very long: 1636 words (recommended 400-550)",
    "Question 2: Should have at least 2 examples",
    "Question 2: Should have at least 4 key points",
    "Question 3: Should have at least 2 examples",
    "Question 3: Should have at least 4 key points"
  ],
  "metrics": {
    "wordCount": 1247
  }
}
[2026-07-31T09:53:06.257Z] [WARN] Notes validation issues for 5-mark: [
  "Question 3: Answer too short: 53 words (minimum 400)"
]
[2026-07-31T09:53:06.259Z] [ACTION] [ACTION] generation.create | {"historyId":"2ecfd93f-d444-4ab7-be19-fa74d2a99fc4","type":"notes","subType":"5-mark","scope":"notes"}
[2026-07-31T09:53:06.262Z] [INFO] ← POST /notes 200 (257355ms)
[2026-07-31T10:04:04.318Z] [INFO] StudyForge server listening on http://localhost:5174
[2026-07-31T10:04:04.319Z] [INFO] API mounted at /api   (frontend dev proxy → :5173)
[2026-07-31T10:05:17.392Z] [INFO] StudyForge server listening on http://localhost:5174
[2026-07-31T10:05:17.393Z] [INFO] API mounted at /api   (frontend dev proxy → :5173)
[2026-07-31T10:05:30.440Z] [INFO] StudyForge server listening on http://localhost:5174
[2026-07-31T10:05:30.440Z] [INFO] API mounted at /api   (frontend dev proxy → :5173)
[2026-07-31T10:05:46.348Z] [INFO] StudyForge server listening on http://localhost:5174
[2026-07-31T10:05:46.349Z] [INFO] API mounted at /api   (frontend dev proxy → :5173)
[2026-07-31T10:05:55.005Z] [INFO] StudyForge server listening on http://localhost:5174
[2026-07-31T10:05:55.005Z] [INFO] API mounted at /api   (frontend dev proxy → :5173)
[2026-07-31T10:06:10.960Z] [INFO] StudyForge server listening on http://localhost:5174
[2026-07-31T10:06:10.961Z] [INFO] API mounted at /api   (frontend dev proxy → :5173)
[2026-07-31T10:06:33.392Z] [INFO] StudyForge server listening on http://localhost:5174
[2026-07-31T10:06:33.392Z] [INFO] API mounted at /api   (frontend dev proxy → :5173)
[2026-07-31T10:07:04.281Z] [INFO] → POST /api/study/notes
[2026-07-31T10:07:04.687Z] [WARN] Provider "Groq" does not support embeddings (404); using the local embedding model instead.
[2026-07-31T10:07:04.688Z] [INFO] Loading local embedding model (Xenova/all-MiniLM-L6-v2)…
[2026-07-31T10:07:04.822Z] [INFO] Local embedding model ready
[2026-07-31T10:07:04.842Z] [INFO] FAISS index loaded (5146 vectors)
[2026-07-31T10:07:05.472Z] [INFO] [Notes] 736 chars of source material for "artificial intelligence in cybersecurity"
[2026-07-31T10:07:05.473Z] [INFO] [Notes] 5-mark: 9 question(s) planned (~4320 words) [approved plan]
[2026-07-31T10:07:05.476Z] [INFO] [notes:5-mark] 24 lane(s) available: Groq(dark), Openrouter(primary), Groq(veng)
[2026-07-31T10:07:06.813Z] [WARN] [Notes] 5-mark "What is the role of artificial intelligence in enh" is 145/380 words — rewrite pass
[2026-07-31T10:07:07.364Z] [WARN] [Notes] 5-mark "Explain the concept of penetration testing and its" is 160/380 words — rewrite pass
[2026-07-31T10:07:08.070Z] [WARN] [Notes] 5-mark expansion failed, keeping 145-word version: 404 No endpoints found for poolside/laguna-m.1:free.
[2026-07-31T10:07:08.070Z] [WARN] [Notes] 5-mark "What is the role of artificial intelligence in enh" finished at 145/380 words
[2026-07-31T10:07:12.231Z] [WARN] [Notes] 5-mark "Discuss the importance of querying cybersecurity j" is 0/380 words — continue pass
[2026-07-31T10:07:12.517Z] [WARN] [Notes] 5-mark rewrite pass added nothing — keeping the 160-word version
[2026-07-31T10:07:12.518Z] [WARN] [Notes] 5-mark "Explain the concept of penetration testing and its" is 160/380 words — continue pass
[2026-07-31T10:07:14.024Z] [WARN] [Notes] 5-mark "Explain the concept of penetration testing and its" finished at 183/380 words
[2026-07-31T10:07:22.225Z] [WARN] [notes:5-mark] Openrouter/primary/google/gemma-4-31b-it:free rate limited → cooling 800ms
[2026-07-31T10:07:38.913Z] [INFO] → POST /api/study/plan
[2026-07-31T10:07:38.915Z] [WARN] ← POST /plan 400 (2ms)
[2026-07-31T10:07:43.706Z] [WARN] [Notes] 5-mark "What are the applications of artificial intelligen" is 0/380 words — continue pass
[2026-07-31T10:07:58.550Z] [INFO] → POST /api/study/plan
[2026-07-31T10:08:01.093Z] [INFO] ← POST /plan 200 (2543ms)
[2026-07-31T10:08:59.854Z] [INFO] StudyForge server listening on http://localhost:5174
[2026-07-31T10:08:59.855Z] [INFO] API mounted at /api   (frontend dev proxy → :5173)
[2026-07-31T10:09:25.413Z] [INFO] StudyForge server listening on http://localhost:5174
[2026-07-31T10:09:25.413Z] [INFO] API mounted at /api   (frontend dev proxy → :5173)
[2026-07-31T10:09:36.244Z] [INFO] StudyForge server listening on http://localhost:5174
[2026-07-31T10:09:36.245Z] [INFO] API mounted at /api   (frontend dev proxy → :5173)
[2026-07-31T10:09:44.913Z] [INFO] StudyForge server listening on http://localhost:5174
[2026-07-31T10:09:44.913Z] [INFO] API mounted at /api   (frontend dev proxy → :5173)
[2026-07-31T10:09:53.146Z] [INFO] StudyForge server listening on http://localhost:5174
[2026-07-31T10:09:53.147Z] [INFO] API mounted at /api   (frontend dev proxy → :5173)
[2026-07-31T10:10:08.005Z] [INFO] StudyForge server listening on http://localhost:5174
[2026-07-31T10:10:08.006Z] [INFO] API mounted at /api   (frontend dev proxy → :5173)
[2026-07-31T10:11:24.379Z] [INFO] StudyForge server listening on http://localhost:5174
[2026-07-31T10:11:24.379Z] [INFO] API mounted at /api   (frontend dev proxy → :5173)
[2026-07-31T10:11:45.398Z] [INFO] StudyForge server listening on http://localhost:5174
[2026-07-31T10:11:45.399Z] [INFO] API mounted at /api   (frontend dev proxy → :5173)
[2026-07-31T10:11:53.409Z] [INFO] StudyForge server listening on http://localhost:5174
[2026-07-31T10:11:53.410Z] [INFO] API mounted at /api   (frontend dev proxy → :5173)
[2026-07-31T10:12:13.452Z] [INFO] → POST /api/study/notes
[2026-07-31T10:12:13.863Z] [WARN] Provider "Groq" does not support embeddings (404); using the local embedding model instead.
[2026-07-31T10:12:13.864Z] [INFO] Loading local embedding model (Xenova/all-MiniLM-L6-v2)…
[2026-07-31T10:12:13.999Z] [INFO] Local embedding model ready
[2026-07-31T10:12:14.020Z] [INFO] FAISS index loaded (5146 vectors)
[2026-07-31T10:12:14.696Z] [INFO] [Notes] 736 chars of source material for "artificial intelligence in cybersecurity"
[2026-07-31T10:12:14.697Z] [INFO] [Notes] 5-mark: 9 question(s) planned (~4320 words) [approved plan]
[2026-07-31T10:12:14.700Z] [INFO] [notes:5-mark] 24 lane(s) available: Groq(dark), Openrouter(primary), Groq(veng)
[2026-07-31T10:12:18.306Z] [WARN] [Notes] 5-mark "How does artificial intelligence contribute to thr" is 160/380 words — rewrite pass
[2026-07-31T10:12:20.302Z] [WARN] [Notes] 5-mark "Explain the concept of penetration testing and its" is 290/380 words — rewrite pass
[2026-07-31T10:12:20.391Z] [WARN] [notes:5-mark] Openrouter/primary/google/gemma-4-31b-it:free rate limited → cooling 800ms
[2026-07-31T10:12:21.469Z] [WARN] [Notes] 5-mark unit "How does artificial intelligence help in identifyi" produced no item
[2026-07-31T10:12:21.973Z] [WARN] [Notes] 5-mark unit "What are the applications of artificial intelligen" produced no item
[2026-07-31T10:12:40.532Z] [WARN] [Notes] 5-mark "Discuss the importance of querying cybersecurity j" is 239/380 words — rewrite pass
[2026-07-31T10:12:41.243Z] [WARN] [notes:5-mark] Openrouter rejected model "poolside/laguna-m.1:free": 404 No endpoints found for poolside/laguna-m.1:free.
[2026-07-31T10:12:43.437Z] [WARN] [Notes] 5-mark rewrite pass added nothing — keeping the 290-word version
[2026-07-31T10:12:43.438Z] [WARN] [Notes] 5-mark "Explain the concept of penetration testing and its" is 290/380 words — continue pass
[2026-07-31T10:12:46.407Z] [WARN] [Notes] 5-mark "What is the role of artificial intelligence in enh" is 199/380 words — rewrite pass
[2026-07-31T10:14:10.019Z] [INFO] StudyForge server listening on http://localhost:5174
[2026-07-31T10:14:10.020Z] [INFO] API mounted at /api   (frontend dev proxy → :5173)
[2026-07-31T10:14:13.427Z] [INFO] → GET /api/progress
[2026-07-31T10:14:13.432Z] [INFO] ← GET / 200 (5ms)
[2026-07-31T10:14:13.433Z] [INFO] → GET /api/projects
[2026-07-31T10:14:13.434Z] [INFO] ← GET / 200 (2ms)
[2026-07-31T10:14:13.436Z] [INFO] → GET /api/providers
[2026-07-31T10:14:13.437Z] [INFO] ← GET / 200 (2ms)
[2026-07-31T10:14:13.438Z] [INFO] → GET /api/analytics
[2026-07-31T10:14:13.758Z] [INFO] ← GET / 200 (319ms)
[2026-07-31T10:14:15.930Z] [INFO] → GET /api/rag/docs
[2026-07-31T10:14:15.932Z] [INFO] ← GET /docs 200 (2ms)
[2026-07-31T10:14:17.616Z] [INFO] → GET /api/rag/docs
[2026-07-31T10:14:17.618Z] [INFO] ← GET /docs 304 (2ms)
[2026-07-31T10:14:17.621Z] [INFO] → GET /api/history
[2026-07-31T10:14:17.624Z] [INFO] ← GET / 200 (2ms)
[2026-07-31T10:14:22.654Z] [INFO] → GET /api/history/2ecfd93f-d444-4ab7-be19-fa74d2a99fc4
[2026-07-31T10:14:22.656Z] [INFO] ← GET /2ecfd93f-d444-4ab7-be19-fa74d2a99fc4 200 (3ms)
[2026-07-31T10:14:27.959Z] [INFO] → GET /api/rag/docs
[2026-07-31T10:14:27.961Z] [INFO] ← GET /docs 304 (2ms)
[2026-07-31T10:14:27.962Z] [INFO] → GET /api/history
[2026-07-31T10:14:27.964Z] [INFO] ← GET / 304 (1ms)
[2026-07-31T10:14:37.200Z] [INFO] → POST /api/history/draft
[2026-07-31T10:14:37.205Z] [INFO] ← POST /draft 200 (4ms)
[2026-07-31T10:14:37.211Z] [INFO] → GET /api/history/a752907e-a2a1-4539-9426-3b5573abdd51
[2026-07-31T10:14:37.212Z] [INFO] ← GET /a752907e-a2a1-4539-9426-3b5573abdd51 200 (1ms)
[2026-07-31T10:14:37.220Z] [INFO] → POST /api/study/plan
[2026-07-31T10:14:37.565Z] [WARN] Provider "Groq" does not support embeddings (404); using the local embedding model instead.
[2026-07-31T10:14:37.566Z] [INFO] Loading local embedding model (Xenova/all-MiniLM-L6-v2)…
[2026-07-31T10:14:37.733Z] [INFO] Local embedding model ready
[2026-07-31T10:14:37.757Z] [INFO] FAISS index loaded (5146 vectors)
[2026-07-31T10:14:39.220Z] [INFO] → GET /api/history/a752907e-a2a1-4539-9426-3b5573abdd51
[2026-07-31T10:14:39.220Z] [INFO] ← GET /a752907e-a2a1-4539-9426-3b5573abdd51 304 (1ms)
[2026-07-31T10:14:39.373Z] [INFO] ← POST /plan 200 (2154ms)
[2026-07-31T10:14:39.378Z] [INFO] → PATCH /api/history/a752907e-a2a1-4539-9426-3b5573abdd51
[2026-07-31T10:14:39.380Z] [INFO] ← PATCH /a752907e-a2a1-4539-9426-3b5573abdd51 200 (2ms)
[2026-07-31T10:14:39.384Z] [INFO] → GET /api/history/a752907e-a2a1-4539-9426-3b5573abdd51
[2026-07-31T10:14:39.385Z] [INFO] ← GET /a752907e-a2a1-4539-9426-3b5573abdd51 200 (1ms)
[2026-07-31T10:14:39.392Z] [INFO] → GET /api/rag/docs
[2026-07-31T10:14:39.393Z] [INFO] ← GET /docs 304 (1ms)
[2026-07-31T10:14:48.598Z] [INFO] → PATCH /api/history/a752907e-a2a1-4539-9426-3b5573abdd51
[2026-07-31T10:14:48.601Z] [INFO] ← PATCH /a752907e-a2a1-4539-9426-3b5573abdd51 200 (4ms)
[2026-07-31T10:14:48.606Z] [INFO] → GET /api/history/a752907e-a2a1-4539-9426-3b5573abdd51
[2026-07-31T10:14:48.607Z] [INFO] ← GET /a752907e-a2a1-4539-9426-3b5573abdd51 200 (2ms)
[2026-07-31T10:14:48.614Z] [INFO] → POST /api/study/notes
[2026-07-31T10:14:48.958Z] [INFO] [Notes] 30067 chars of source material for "cyberops"
[2026-07-31T10:14:48.959Z] [INFO] [Notes] short-notes: 7 card(s) planned (~630 words) [approved plan]
[2026-07-31T10:14:48.962Z] [INFO] [notes:short-notes] 24 lane(s) available: Groq(dark), Openrouter(primary), Groq(veng)
[2026-07-31T10:14:49.376Z] [WARN] [notes:short-notes] Groq/veng/llama-3.3-70b-versatile rate limited → cooling 90000ms
[2026-07-31T10:14:50.615Z] [INFO] → GET /api/history/a752907e-a2a1-4539-9426-3b5573abdd51
[2026-07-31T10:14:50.616Z] [INFO] ← GET /a752907e-a2a1-4539-9426-3b5573abdd51 304 (1ms)
[2026-07-31T10:14:52.622Z] [INFO] → GET /api/history/a752907e-a2a1-4539-9426-3b5573abdd51
[2026-07-31T10:14:52.623Z] [INFO] ← GET /a752907e-a2a1-4539-9426-3b5573abdd51 304 (1ms)
[2026-07-31T10:14:54.628Z] [INFO] → GET /api/history/a752907e-a2a1-4539-9426-3b5573abdd51
[2026-07-31T10:14:54.630Z] [INFO] ← GET /a752907e-a2a1-4539-9426-3b5573abdd51 304 (1ms)
[2026-07-31T10:14:54.908Z] [WARN] [Notes] short-notes unit "Rapid Testing and Pivoting" produced no item
[2026-07-31T10:14:54.908Z] [WARN] [Notes] short-notes: retrying 1 missing card(s) individually
[2026-07-31T10:14:56.636Z] [INFO] → GET /api/history/a752907e-a2a1-4539-9426-3b5573abdd51
[2026-07-31T10:14:56.637Z] [INFO] ← GET /a752907e-a2a1-4539-9426-3b5573abdd51 304 (1ms)
[2026-07-31T10:14:58.643Z] [INFO] → GET /api/history/a752907e-a2a1-4539-9426-3b5573abdd51
[2026-07-31T10:14:58.644Z] [INFO] ← GET /a752907e-a2a1-4539-9426-3b5573abdd51 304 (1ms)
[2026-07-31T10:15:00.505Z] [WARN] [notes:short-notes] Openrouter/primary/google/gemma-4-31b-it:free rate limited → cooling 800ms
[2026-07-31T10:15:00.650Z] [INFO] → GET /api/history/a752907e-a2a1-4539-9426-3b5573abdd51
[2026-07-31T10:15:00.651Z] [INFO] ← GET /a752907e-a2a1-4539-9426-3b5573abdd51 304 (1ms)
[2026-07-31T10:15:02.657Z] [INFO] → GET /api/history/a752907e-a2a1-4539-9426-3b5573abdd51
[2026-07-31T10:15:02.657Z] [INFO] ← GET /a752907e-a2a1-4539-9426-3b5573abdd51 304 (1ms)
[2026-07-31T10:15:03.467Z] [INFO] → GET /api/progress
[2026-07-31T10:15:03.469Z] [INFO] ← GET / 304 (2ms)
[2026-07-31T10:15:03.470Z] [INFO] → GET /api/projects
[2026-07-31T10:15:03.472Z] [INFO] ← GET / 304 (2ms)
[2026-07-31T10:15:03.473Z] [INFO] → GET /api/providers
[2026-07-31T10:15:03.477Z] [INFO] ← GET / 304 (3ms)
[2026-07-31T10:15:03.478Z] [INFO] → GET /api/analytics
[2026-07-31T10:15:03.484Z] [INFO] ← GET / 200 (5ms)
[2026-07-31T10:15:04.777Z] [INFO] → GET /api/settings
[2026-07-31T10:15:04.778Z] [INFO] ← GET / 200 (2ms)
[2026-07-31T10:15:04.780Z] [INFO] → GET /api/providers
[2026-07-31T10:15:04.783Z] [INFO] ← GET / 304 (4ms)
[2026-07-31T10:15:08.646Z] [INFO] [Notes] short-notes: 7/7 card(s) written in 19.7s across 24 lane(s)
[2026-07-31T10:15:08.649Z] [INFO] ✓ Notes(short-notes) validation {
  "valid": true,
  "errors": [],
  "warnings": [],
  "metrics": {
    "sectionCount": 7
  }
}
[2026-07-31T10:15:08.650Z] [INFO] Notes validation passed for short-notes
[2026-07-31T10:15:08.652Z] [ACTION] [ACTION] generation.complete | {"draftId":"a752907e-a2a1-4539-9426-3b5573abdd51","type":"notes","subType":"short-notes","scope":"notes"}
[2026-07-31T10:15:08.653Z] [INFO] ← POST /notes 200 (20040ms)
[2026-07-31T10:15:08.658Z] [INFO] → GET /api/history/a752907e-a2a1-4539-9426-3b5573abdd51
[2026-07-31T10:15:08.659Z] [INFO] ← GET /a752907e-a2a1-4539-9426-3b5573abdd51 200 (1ms)
[2026-07-31T10:15:23.302Z] [INFO] → GET /api/rag/docs
[2026-07-31T10:15:23.304Z] [INFO] ← GET /docs 304 (2ms)
[2026-07-31T10:15:23.306Z] [INFO] → GET /api/history
[2026-07-31T10:15:23.309Z] [INFO] ← GET / 200 (3ms)
[2026-07-31T10:15:39.918Z] [INFO] → POST /api/history/draft
[2026-07-31T10:15:39.922Z] [INFO] ← POST /draft 200 (5ms)
[2026-07-31T10:15:39.929Z] [INFO] → GET /api/history/585fa25c-c719-496b-a8df-99a9e4643fff
[2026-07-31T10:15:39.930Z] [INFO] ← GET /585fa25c-c719-496b-a8df-99a9e4643fff 200 (2ms)
[2026-07-31T10:15:39.936Z] [INFO] → POST /api/study/plan
[2026-07-31T10:15:41.372Z] [WARN] Provider "Groq" key "veng" + model "llama-3.3-70b-versatile" rate-limit → trying next model
[2026-07-31T10:15:41.936Z] [INFO] → GET /api/history/585fa25c-c719-496b-a8df-99a9e4643fff
[2026-07-31T10:15:41.937Z] [INFO] ← GET /585fa25c-c719-496b-a8df-99a9e4643fff 304 (1ms)
[2026-07-31T10:15:44.120Z] [INFO] → GET /api/analytics/advanced
[2026-07-31T10:15:44.124Z] [INFO] ← GET / 200 (4ms)
[2026-07-31T10:15:44.125Z] [INFO] → GET /api/analytics/advanced/profile
[2026-07-31T10:15:44.130Z] [INFO] ← GET /profile 200 (4ms)
[2026-07-31T10:15:44.131Z] [INFO] → GET /api/analytics/advanced/recommendations
[2026-07-31T10:15:44.134Z] [INFO] ← GET /recommendations 200 (2ms)
[2026-07-31T10:15:46.607Z] [WARN] [Blueprint] planning failed for exam-notes — using default structure: planner returned no units
[2026-07-31T10:15:46.608Z] [INFO] ← POST /plan 200 (6673ms)
[2026-07-31T10:15:46.612Z] [INFO] → PATCH /api/history/585fa25c-c719-496b-a8df-99a9e4643fff
[2026-07-31T10:15:46.613Z] [INFO] ← PATCH /585fa25c-c719-496b-a8df-99a9e4643fff 200 (1ms)
[2026-07-31T10:15:46.617Z] [INFO] → GET /api/history/585fa25c-c719-496b-a8df-99a9e4643fff
[2026-07-31T10:15:46.618Z] [INFO] ← GET /585fa25c-c719-496b-a8df-99a9e4643fff 200 (1ms)
[2026-07-31T10:15:46.622Z] [INFO] → POST /api/study/notes
[2026-07-31T10:15:47.214Z] [INFO] [Notes] 30067 chars of source material for "infosec"
[2026-07-31T10:15:47.215Z] [INFO] [Notes] exam-notes: 7 section(s) planned (~1330 words) [approved plan]
[2026-07-31T10:15:47.217Z] [INFO] [notes:exam-notes] 24 lane(s) available: Groq(dark), Openrouter(primary), Groq(veng)
[2026-07-31T10:15:47.389Z] [WARN] [notes:exam-notes] Groq/dark/llama-3.3-70b-versatile rate limited → cooling 90000ms
[2026-07-31T10:15:47.667Z] [WARN] [notes:exam-notes] Groq/veng/llama-3.3-70b-versatile rate limited → cooling 90000ms
[2026-07-31T10:15:48.623Z] [INFO] → GET /api/history/585fa25c-c719-496b-a8df-99a9e4643fff
[2026-07-31T10:15:48.624Z] [INFO] ← GET /585fa25c-c719-496b-a8df-99a9e4643fff 304 (1ms)
[2026-07-31T10:15:50.630Z] [INFO] → GET /api/history/585fa25c-c719-496b-a8df-99a9e4643fff
[2026-07-31T10:15:50.631Z] [INFO] ← GET /585fa25c-c719-496b-a8df-99a9e4643fff 304 (1ms)
[2026-07-31T10:15:52.216Z] [WARN] [notes:exam-notes] Openrouter/primary/google/gemma-4-31b-it:free rate limited → cooling 800ms
[2026-07-31T10:15:52.637Z] [INFO] → GET /api/history/585fa25c-c719-496b-a8df-99a9e4643fff
[2026-07-31T10:15:52.637Z] [INFO] ← GET /585fa25c-c719-496b-a8df-99a9e4643fff 304 (1ms)
[2026-07-31T10:15:54.644Z] [INFO] → GET /api/history/585fa25c-c719-496b-a8df-99a9e4643fff
[2026-07-31T10:15:54.645Z] [INFO] ← GET /585fa25c-c719-496b-a8df-99a9e4643fff 304 (1ms)
[2026-07-31T10:15:56.651Z] [INFO] → GET /api/history/585fa25c-c719-496b-a8df-99a9e4643fff
[2026-07-31T10:15:56.652Z] [INFO] ← GET /585fa25c-c719-496b-a8df-99a9e4643fff 304 (1ms)
[2026-07-31T10:15:58.658Z] [INFO] → GET /api/history/585fa25c-c719-496b-a8df-99a9e4643fff
[2026-07-31T10:15:58.659Z] [INFO] ← GET /585fa25c-c719-496b-a8df-99a9e4643fff 304 (1ms)
[2026-07-31T10:16:00.664Z] [INFO] → GET /api/history/585fa25c-c719-496b-a8df-99a9e4643fff
[2026-07-31T10:16:00.665Z] [INFO] ← GET /585fa25c-c719-496b-a8df-99a9e4643fff 304 (0ms)
[2026-07-31T10:16:02.670Z] [INFO] → GET /api/history/585fa25c-c719-496b-a8df-99a9e4643fff
[2026-07-31T10:16:02.671Z] [INFO] ← GET /585fa25c-c719-496b-a8df-99a9e4643fff 304 (1ms)
[2026-07-31T10:16:04.678Z] [INFO] → GET /api/history/585fa25c-c719-496b-a8df-99a9e4643fff
[2026-07-31T10:16:04.679Z] [INFO] ← GET /585fa25c-c719-496b-a8df-99a9e4643fff 304 (1ms)
[2026-07-31T10:16:06.685Z] [INFO] → GET /api/history/585fa25c-c719-496b-a8df-99a9e4643fff
[2026-07-31T10:16:06.686Z] [INFO] ← GET /585fa25c-c719-496b-a8df-99a9e4643fff 304 (1ms)
[2026-07-31T10:16:08.601Z] [WARN] [Notes] exam-notes unit "Core concepts and definitions" produced no item
[2026-07-31T10:16:08.692Z] [INFO] → GET /api/history/585fa25c-c719-496b-a8df-99a9e4643fff
[2026-07-31T10:16:08.693Z] [INFO] ← GET /585fa25c-c719-496b-a8df-99a9e4643fff 304 (1ms)
[2026-07-31T10:16:10.699Z] [INFO] → GET /api/history/585fa25c-c719-496b-a8df-99a9e4643fff
[2026-07-31T10:16:10.700Z] [INFO] ← GET /585fa25c-c719-496b-a8df-99a9e4643fff 304 (1ms)
[2026-07-31T10:16:12.706Z] [INFO] → GET /api/history/585fa25c-c719-496b-a8df-99a9e4643fff
[2026-07-31T10:16:12.707Z] [INFO] ← GET /585fa25c-c719-496b-a8df-99a9e4643fff 304 (1ms)
[2026-07-31T10:16:14.713Z] [INFO] → GET /api/history/585fa25c-c719-496b-a8df-99a9e4643fff
[2026-07-31T10:16:14.713Z] [INFO] ← GET /585fa25c-c719-496b-a8df-99a9e4643fff 304 (1ms)
[2026-07-31T10:16:16.720Z] [INFO] → GET /api/history/585fa25c-c719-496b-a8df-99a9e4643fff
[2026-07-31T10:16:16.721Z] [INFO] ← GET /585fa25c-c719-496b-a8df-99a9e4643fff 304 (1ms)
[2026-07-31T10:16:18.727Z] [INFO] → GET /api/history/585fa25c-c719-496b-a8df-99a9e4643fff
[2026-07-31T10:16:18.728Z] [INFO] ← GET /585fa25c-c719-496b-a8df-99a9e4643fff 304 (1ms)
[2026-07-31T10:16:20.733Z] [INFO] → GET /api/history/585fa25c-c719-496b-a8df-99a9e4643fff
[2026-07-31T10:16:20.734Z] [INFO] ← GET /585fa25c-c719-496b-a8df-99a9e4643fff 304 (1ms)
[2026-07-31T10:16:22.740Z] [INFO] → GET /api/history/585fa25c-c719-496b-a8df-99a9e4643fff
[2026-07-31T10:16:22.741Z] [INFO] ← GET /585fa25c-c719-496b-a8df-99a9e4643fff 304 (1ms)
[2026-07-31T10:16:24.748Z] [INFO] → GET /api/history/585fa25c-c719-496b-a8df-99a9e4643fff
[2026-07-31T10:16:24.749Z] [INFO] ← GET /585fa25c-c719-496b-a8df-99a9e4643fff 304 (1ms)
[2026-07-31T10:16:26.756Z] [INFO] → GET /api/history/585fa25c-c719-496b-a8df-99a9e4643fff
[2026-07-31T10:16:26.757Z] [INFO] ← GET /585fa25c-c719-496b-a8df-99a9e4643fff 304 (1ms)
[2026-07-31T10:16:28.762Z] [INFO] → GET /api/history/585fa25c-c719-496b-a8df-99a9e4643fff
[2026-07-31T10:16:28.763Z] [INFO] ← GET /585fa25c-c719-496b-a8df-99a9e4643fff 304 (1ms)
[2026-07-31T10:16:30.489Z] [INFO] → GET /advanced
[2026-07-31T10:16:30.496Z] [INFO] ← GET /advanced 200 (8ms)
[2026-07-31T10:16:30.500Z] [INFO] → GET /assets/index-5LxgwQRA.js
[2026-07-31T10:16:30.501Z] [INFO] → GET /assets/index-Bcewc09a.css
[2026-07-31T10:16:30.505Z] [INFO] ← GET /assets/index-Bcewc09a.css 200 (4ms)
[2026-07-31T10:16:30.511Z] [INFO] ← GET /assets/index-5LxgwQRA.js 200 (11ms)
[2026-07-31T10:16:30.566Z] [INFO] → GET /api/settings
[2026-07-31T10:16:30.567Z] [INFO] ← GET / 304 (2ms)
[2026-07-31T10:16:30.568Z] [INFO] → GET /api/providers
[2026-07-31T10:16:30.570Z] [INFO] ← GET / 304 (3ms)
[2026-07-31T10:16:33.572Z] [INFO] → GET /api/rag/docs
[2026-07-31T10:16:33.574Z] [INFO] ← GET /docs 200 (2ms)
[2026-07-31T10:16:38.769Z] [INFO] → GET /api/history/585fa25c-c719-496b-a8df-99a9e4643fff
[2026-07-31T10:16:38.769Z] [INFO] ← GET /585fa25c-c719-496b-a8df-99a9e4643fff 304 (1ms)
[2026-07-31T10:16:40.260Z] [WARN] [Notes] exam-notes group failed: Unexpected token 'I', "[Information Asset]" is not valid JSON
[2026-07-31T10:16:40.261Z] [WARN] [Notes] exam-notes group failed: No JSON found in response
[2026-07-31T10:16:40.261Z] [WARN] [Notes] exam-notes group failed: No JSON found in response
[2026-07-31T10:16:40.262Z] [WARN] [Notes] exam-notes group failed: Expected ',' or '}' after property value in JSON at position 266 (line 7 column 7)
[2026-07-31T10:16:40.263Z] [WARN] [Notes] exam-notes group failed: Unexpected token 'S', "[Symptom]" is not valid JSON
[2026-07-31T10:16:40.263Z] [WARN] [Notes] exam-notes: retrying 6 missing section(s) individually
[2026-07-31T10:16:40.775Z] [INFO] → GET /api/history/585fa25c-c719-496b-a8df-99a9e4643fff
[2026-07-31T10:16:40.776Z] [INFO] ← GET /585fa25c-c719-496b-a8df-99a9e4643fff 304 (1ms)
[2026-07-31T10:16:41.483Z] [WARN] [notes:exam-notes] Openrouter rejected model "poolside/laguna-m.1:free": 404 No endpoints found for poolside/laguna-m.1:free.
[2026-07-31T10:16:42.782Z] [INFO] → GET /api/history/585fa25c-c719-496b-a8df-99a9e4643fff
[2026-07-31T10:16:42.783Z] [INFO] ← GET /585fa25c-c719-496b-a8df-99a9e4643fff 304 (1ms)
[2026-07-31T10:16:44.788Z] [INFO] → GET /api/history/585fa25c-c719-496b-a8df-99a9e4643fff
[2026-07-31T10:16:44.789Z] [INFO] ← GET /585fa25c-c719-496b-a8df-99a9e4643fff 304 (1ms)
[2026-07-31T10:16:46.795Z] [INFO] → GET /api/history/585fa25c-c719-496b-a8df-99a9e4643fff
[2026-07-31T10:16:46.796Z] [INFO] ← GET /585fa25c-c719-496b-a8df-99a9e4643fff 304 (1ms)
[2026-07-31T10:16:48.803Z] [INFO] → GET /api/history/585fa25c-c719-496b-a8df-99a9e4643fff
[2026-07-31T10:16:48.803Z] [INFO] ← GET /585fa25c-c719-496b-a8df-99a9e4643fff 304 (1ms)
[2026-07-31T10:16:50.809Z] [INFO] → GET /api/history/585fa25c-c719-496b-a8df-99a9e4643fff
[2026-07-31T10:16:50.810Z] [INFO] ← GET /585fa25c-c719-496b-a8df-99a9e4643fff 304 (1ms)
[2026-07-31T10:16:52.816Z] [INFO] → GET /api/history/585fa25c-c719-496b-a8df-99a9e4643fff
[2026-07-31T10:16:52.817Z] [INFO] ← GET /585fa25c-c719-496b-a8df-99a9e4643fff 304 (0ms)
[2026-07-31T10:16:54.823Z] [INFO] → GET /api/history/585fa25c-c719-496b-a8df-99a9e4643fff
[2026-07-31T10:16:54.824Z] [INFO] ← GET /585fa25c-c719-496b-a8df-99a9e4643fff 304 (0ms)
[2026-07-31T10:16:56.830Z] [INFO] → GET /api/history/585fa25c-c719-496b-a8df-99a9e4643fff
[2026-07-31T10:16:56.831Z] [INFO] ← GET /585fa25c-c719-496b-a8df-99a9e4643fff 304 (1ms)
[2026-07-31T10:16:58.837Z] [INFO] → GET /api/history/585fa25c-c719-496b-a8df-99a9e4643fff
[2026-07-31T10:16:58.838Z] [INFO] ← GET /585fa25c-c719-496b-a8df-99a9e4643fff 304 (1ms)
[2026-07-31T10:17:00.844Z] [INFO] → GET /api/history/585fa25c-c719-496b-a8df-99a9e4643fff
[2026-07-31T10:17:00.845Z] [INFO] ← GET /585fa25c-c719-496b-a8df-99a9e4643fff 304 (1ms)
[2026-07-31T10:17:02.851Z] [INFO] → GET /api/history/585fa25c-c719-496b-a8df-99a9e4643fff
[2026-07-31T10:17:02.852Z] [INFO] ← GET /585fa25c-c719-496b-a8df-99a9e4643fff 304 (0ms)
[2026-07-31T10:17:03.965Z] [WARN] [Notes] exam-notes unit "Common exam traps and mistakes" produced no item
[2026-07-31T10:17:04.858Z] [INFO] → GET /api/history/585fa25c-c719-496b-a8df-99a9e4643fff
[2026-07-31T10:17:04.858Z] [INFO] ← GET /585fa25c-c719-496b-a8df-99a9e4643fff 304 (1ms)
[2026-07-31T10:17:06.865Z] [INFO] → GET /api/history/585fa25c-c719-496b-a8df-99a9e4643fff
[2026-07-31T10:17:06.865Z] [INFO] ← GET /585fa25c-c719-496b-a8df-99a9e4643fff 304 (1ms)
[2026-07-31T10:17:08.871Z] [INFO] → GET /api/history/585fa25c-c719-496b-a8df-99a9e4643fff
[2026-07-31T10:17:08.872Z] [INFO] ← GET /585fa25c-c719-496b-a8df-99a9e4643fff 304 (1ms)
[2026-07-31T10:17:10.879Z] [INFO] → GET /api/history/585fa25c-c719-496b-a8df-99a9e4643fff
[2026-07-31T10:17:10.879Z] [INFO] ← GET /585fa25c-c719-496b-a8df-99a9e4643fff 304 (1ms)
[2026-07-31T10:17:12.885Z] [INFO] → GET /api/history/585fa25c-c719-496b-a8df-99a9e4643fff
[2026-07-31T10:17:12.885Z] [INFO] ← GET /585fa25c-c719-496b-a8df-99a9e4643fff 304 (1ms)
[2026-07-31T10:17:14.894Z] [INFO] → GET /api/history/585fa25c-c719-496b-a8df-99a9e4643fff
[2026-07-31T10:17:14.895Z] [INFO] ← GET /585fa25c-c719-496b-a8df-99a9e4643fff 304 (1ms)
[2026-07-31T10:17:16.899Z] [INFO] → GET /api/history/585fa25c-c719-496b-a8df-99a9e4643fff
[2026-07-31T10:17:16.899Z] [INFO] ← GET /585fa25c-c719-496b-a8df-99a9e4643fff 304 (1ms)
[2026-07-31T10:17:18.906Z] [INFO] → GET /api/history/585fa25c-c719-496b-a8df-99a9e4643fff
[2026-07-31T10:17:18.907Z] [INFO] ← GET /585fa25c-c719-496b-a8df-99a9e4643fff 304 (0ms)
[2026-07-31T10:17:20.913Z] [INFO] → GET /api/history/585fa25c-c719-496b-a8df-99a9e4643fff
[2026-07-31T10:17:20.914Z] [INFO] ← GET /585fa25c-c719-496b-a8df-99a9e4643fff 304 (0ms)
[2026-07-31T10:17:22.920Z] [INFO] → GET /api/history/585fa25c-c719-496b-a8df-99a9e4643fff
[2026-07-31T10:17:22.920Z] [INFO] ← GET /585fa25c-c719-496b-a8df-99a9e4643fff 304 (1ms)
[2026-07-31T10:17:24.926Z] [INFO] → GET /api/history/585fa25c-c719-496b-a8df-99a9e4643fff
[2026-07-31T10:17:24.926Z] [INFO] ← GET /585fa25c-c719-496b-a8df-99a9e4643fff 304 (1ms)
[2026-07-31T10:17:26.933Z] [INFO] → GET /api/history/585fa25c-c719-496b-a8df-99a9e4643fff
[2026-07-31T10:17:26.934Z] [INFO] ← GET /585fa25c-c719-496b-a8df-99a9e4643fff 304 (1ms)
[2026-07-31T10:17:28.942Z] [INFO] → GET /api/history/585fa25c-c719-496b-a8df-99a9e4643fff
[2026-07-31T10:17:28.942Z] [INFO] ← GET /585fa25c-c719-496b-a8df-99a9e4643fff 304 (1ms)
[2026-07-31T10:17:30.957Z] [INFO] → GET /api/history/585fa25c-c719-496b-a8df-99a9e4643fff
[2026-07-31T10:17:30.958Z] [INFO] ← GET /585fa25c-c719-496b-a8df-99a9e4643fff 304 (1ms)
[2026-07-31T10:17:32.968Z] [INFO] → GET /api/history/585fa25c-c719-496b-a8df-99a9e4643fff
[2026-07-31T10:17:32.968Z] [INFO] ← GET /585fa25c-c719-496b-a8df-99a9e4643fff 304 (1ms)
[2026-07-31T10:17:34.975Z] [INFO] → GET /api/history/585fa25c-c719-496b-a8df-99a9e4643fff
[2026-07-31T10:17:34.976Z] [INFO] ← GET /585fa25c-c719-496b-a8df-99a9e4643fff 304 (1ms)
[2026-07-31T10:17:36.981Z] [INFO] → GET /api/history/585fa25c-c719-496b-a8df-99a9e4643fff
[2026-07-31T10:17:36.981Z] [INFO] ← GET /585fa25c-c719-496b-a8df-99a9e4643fff 304 (1ms)
[2026-07-31T10:17:38.988Z] [INFO] → GET /api/history/585fa25c-c719-496b-a8df-99a9e4643fff
[2026-07-31T10:17:38.989Z] [INFO] ← GET /585fa25c-c719-496b-a8df-99a9e4643fff 304 (2ms)
[2026-07-31T10:17:40.996Z] [INFO] → GET /api/history/585fa25c-c719-496b-a8df-99a9e4643fff
[2026-07-31T10:17:40.996Z] [INFO] ← GET /585fa25c-c719-496b-a8df-99a9e4643fff 304 (1ms)
[2026-07-31T10:17:43.002Z] [INFO] → GET /api/history/585fa25c-c719-496b-a8df-99a9e4643fff
[2026-07-31T10:17:43.003Z] [INFO] ← GET /585fa25c-c719-496b-a8df-99a9e4643fff 304 (1ms)
[2026-07-31T10:17:45.008Z] [INFO] → GET /api/history/585fa25c-c719-496b-a8df-99a9e4643fff
[2026-07-31T10:17:45.010Z] [INFO] ← GET /585fa25c-c719-496b-a8df-99a9e4643fff 304 (1ms)
[2026-07-31T10:17:47.018Z] [INFO] → GET /api/history/585fa25c-c719-496b-a8df-99a9e4643fff
[2026-07-31T10:17:47.019Z] [INFO] ← GET /585fa25c-c719-496b-a8df-99a9e4643fff 304 (1ms)
[2026-07-31T10:17:49.026Z] [INFO] → GET /api/history/585fa25c-c719-496b-a8df-99a9e4643fff
[2026-07-31T10:17:49.027Z] [INFO] ← GET /585fa25c-c719-496b-a8df-99a9e4643fff 304 (2ms)
[2026-07-31T10:17:51.036Z] [INFO] → GET /api/history/585fa25c-c719-496b-a8df-99a9e4643fff
[2026-07-31T10:17:51.037Z] [INFO] ← GET /585fa25c-c719-496b-a8df-99a9e4643fff 304 (1ms)
[2026-07-31T10:17:53.043Z] [INFO] → GET /api/history/585fa25c-c719-496b-a8df-99a9e4643fff
[2026-07-31T10:17:53.044Z] [INFO] ← GET /585fa25c-c719-496b-a8df-99a9e4643fff 304 (1ms)
[2026-07-31T10:17:55.050Z] [INFO] → GET /api/history/585fa25c-c719-496b-a8df-99a9e4643fff
[2026-07-31T10:17:55.051Z] [INFO] ← GET /585fa25c-c719-496b-a8df-99a9e4643fff 304 (1ms)
[2026-07-31T10:17:57.056Z] [INFO] → GET /api/history/585fa25c-c719-496b-a8df-99a9e4643fff
[2026-07-31T10:17:57.057Z] [INFO] ← GET /585fa25c-c719-496b-a8df-99a9e4643fff 304 (1ms)
[2026-07-31T10:17:58.613Z] [WARN] [Notes] exam-notes retry failed: Unexpected token 'C', "[Confidentiality]" is not valid JSON
[2026-07-31T10:17:58.614Z] [INFO] [Notes] exam-notes: 5/7 section(s) written in 131.4s across 24 lane(s)
[2026-07-31T10:17:58.615Z] [INFO] ✓ Notes(exam-notes) validation {
  "valid": true,
  "errors": [],
  "warnings": [],
  "metrics": {
    "wordCount": 1320
  }
}
[2026-07-31T10:17:58.615Z] [INFO] Notes validation passed for exam-notes
[2026-07-31T10:17:58.617Z] [ACTION] [ACTION] generation.complete | {"draftId":"585fa25c-c719-496b-a8df-99a9e4643fff","type":"notes","subType":"exam-notes","scope":"notes"}
[2026-07-31T10:17:58.618Z] [INFO] ← POST /notes 200 (131995ms)
[2026-07-31T10:17:58.622Z] [INFO] → GET /api/history/585fa25c-c719-496b-a8df-99a9e4643fff
[2026-07-31T10:17:58.623Z] [INFO] ← GET /585fa25c-c719-496b-a8df-99a9e4643fff 200 (0ms)
[2026-07-31T10:19:00.229Z] [INFO] → GET /api/rag/docs
[2026-07-31T10:19:00.231Z] [INFO] ← GET /docs 304 (2ms)
[2026-07-31T10:19:00.232Z] [INFO] → GET /api/history
[2026-07-31T10:19:00.235Z] [INFO] ← GET / 200 (2ms)
[2026-07-31T10:19:12.455Z] [INFO] → POST /api/history/draft
[2026-07-31T10:19:12.460Z] [INFO] ← POST /draft 200 (6ms)
[2026-07-31T10:19:12.465Z] [INFO] → GET /api/history/21bc552d-5962-4de3-b420-a420d59bb93d
[2026-07-31T10:19:12.466Z] [INFO] ← GET /21bc552d-5962-4de3-b420-a420d59bb93d 200 (1ms)
[2026-07-31T10:19:12.471Z] [INFO] → POST /api/study/plan
[2026-07-31T10:19:12.885Z] [WARN] Provider "Groq" key "veng" + model "llama-3.3-70b-versatile" rate-limit → trying next model
[2026-07-31T10:19:12.943Z] [WARN] Provider "Groq" key "dark" + model "llama-3.3-70b-versatile" rate-limit → trying next model
[2026-07-31T10:19:14.565Z] [INFO] → GET /api/history/21bc552d-5962-4de3-b420-a420d59bb93d
[2026-07-31T10:19:14.567Z] [INFO] ← GET /21bc552d-5962-4de3-b420-a420d59bb93d 304 (2ms)
[2026-07-31T10:19:16.577Z] [INFO] → GET /api/history/21bc552d-5962-4de3-b420-a420d59bb93d
[2026-07-31T10:19:16.577Z] [INFO] ← GET /21bc552d-5962-4de3-b420-a420d59bb93d 304 (1ms)
[2026-07-31T10:19:17.690Z] [WARN] [Blueprint] planning failed for 5-mark — using default structure: Unexpected token 's', ..."pproach": string,
  "... is not valid JSON
[2026-07-31T10:19:17.691Z] [INFO] ← POST /plan 200 (5221ms)
[2026-07-31T10:19:17.696Z] [INFO] → PATCH /api/history/21bc552d-5962-4de3-b420-a420d59bb93d
[2026-07-31T10:19:17.697Z] [INFO] ← PATCH /21bc552d-5962-4de3-b420-a420d59bb93d 200 (2ms)
[2026-07-31T10:19:17.701Z] [INFO] → GET /api/history/21bc552d-5962-4de3-b420-a420d59bb93d
[2026-07-31T10:19:17.702Z] [INFO] ← GET /21bc552d-5962-4de3-b420-a420d59bb93d 200 (1ms)
[2026-07-31T10:19:17.707Z] [INFO] → POST /api/study/notes
[2026-07-31T10:19:18.002Z] [INFO] [Notes] 30067 chars of source material for "cyber ml"
[2026-07-31T10:19:18.003Z] [INFO] [Notes] 5-mark: 9 question(s) planned (~4320 words) [approved plan]
[2026-07-31T10:19:18.005Z] [INFO] [notes:5-mark] 24 lane(s) available: Groq(dark), Openrouter(primary), Groq(veng)
[2026-07-31T10:19:18.084Z] [WARN] [notes:5-mark] Groq/dark/llama-3.3-70b-versatile rate limited → cooling 90000ms
[2026-07-31T10:19:18.086Z] [WARN] [notes:5-mark] Groq/veng/llama-3.3-70b-versatile rate limited → cooling 1000ms
[2026-07-31T10:19:19.709Z] [INFO] → GET /api/history/21bc552d-5962-4de3-b420-a420d59bb93d
[2026-07-31T10:19:19.710Z] [INFO] ← GET /21bc552d-5962-4de3-b420-a420d59bb93d 304 (1ms)
[2026-07-31T10:19:21.716Z] [INFO] → GET /api/history/21bc552d-5962-4de3-b420-a420d59bb93d
[2026-07-31T10:19:21.716Z] [INFO] ← GET /21bc552d-5962-4de3-b420-a420d59bb93d 304 (1ms)
[2026-07-31T10:19:22.785Z] [WARN] [Notes] 5-mark "Discuss an important aspect of cyber ml (aspect 1)" is 241/380 words — rewrite pass
[2026-07-31T10:19:23.290Z] [WARN] [Notes] 5-mark unit "Discuss an important aspect of cyber ml (aspect 4)" produced no item
[2026-07-31T10:19:23.723Z] [INFO] → GET /api/history/21bc552d-5962-4de3-b420-a420d59bb93d
[2026-07-31T10:19:23.723Z] [INFO] ← GET /21bc552d-5962-4de3-b420-a420d59bb93d 304 (1ms)
[2026-07-31T10:19:23.748Z] [WARN] [Notes] 5-mark "Discuss an important aspect of cyber ml (aspect 2)" is 253/380 words — rewrite pass
[2026-07-31T10:19:23.882Z] [WARN] [notes:5-mark] Openrouter/primary/google/gemma-4-31b-it:free rate limited → cooling 800ms
[2026-07-31T10:19:24.747Z] [WARN] [Notes] 5-mark "Discuss an important aspect of cyber ml (aspect 7)" is 342/380 words — rewrite pass
[2026-07-31T10:19:25.467Z] [WARN] [notes:5-mark] Openrouter rejected model "poolside/laguna-m.1:free": 404 No endpoints found for poolside/laguna-m.1:free.
[2026-07-31T10:19:25.730Z] [INFO] → GET /api/history/21bc552d-5962-4de3-b420-a420d59bb93d
[2026-07-31T10:19:25.731Z] [INFO] ← GET /21bc552d-5962-4de3-b420-a420d59bb93d 304 (0ms)
[2026-07-31T10:19:27.736Z] [INFO] → GET /api/history/21bc552d-5962-4de3-b420-a420d59bb93d
[2026-07-31T10:19:27.737Z] [INFO] ← GET /21bc552d-5962-4de3-b420-a420d59bb93d 304 (1ms)
[2026-07-31T10:19:29.743Z] [INFO] → GET /api/history/21bc552d-5962-4de3-b420-a420d59bb93d
[2026-07-31T10:19:29.744Z] [INFO] ← GET /21bc552d-5962-4de3-b420-a420d59bb93d 304 (1ms)
[2026-07-31T10:19:31.751Z] [INFO] → GET /api/history/21bc552d-5962-4de3-b420-a420d59bb93d
[2026-07-31T10:19:31.751Z] [INFO] ← GET /21bc552d-5962-4de3-b420-a420d59bb93d 304 (1ms)
[2026-07-31T10:19:33.757Z] [INFO] → GET /api/history/21bc552d-5962-4de3-b420-a420d59bb93d
[2026-07-31T10:19:33.758Z] [INFO] ← GET /21bc552d-5962-4de3-b420-a420d59bb93d 304 (1ms)
[2026-07-31T10:19:35.764Z] [INFO] → GET /api/history/21bc552d-5962-4de3-b420-a420d59bb93d
[2026-07-31T10:19:35.765Z] [INFO] ← GET /21bc552d-5962-4de3-b420-a420d59bb93d 304 (0ms)
[2026-07-31T10:19:41.946Z] [WARN] [Notes] 5-mark rewrite pass added nothing — keeping the 253-word version
[2026-07-31T10:19:41.946Z] [WARN] [Notes] 5-mark "Discuss an important aspect of cyber ml (aspect 2)" is 253/380 words — continue pass
[2026-07-31T10:19:45.181Z] [WARN] [Notes] 5-mark rewrite pass added nothing — keeping the 241-word version
[2026-07-31T10:19:45.182Z] [WARN] [Notes] 5-mark "Discuss an important aspect of cyber ml (aspect 1)" is 241/380 words — continue pass
[2026-07-31T10:19:47.429Z] [WARN] [Notes] 5-mark "Discuss an important aspect of cyber ml (aspect 2)" finished at 275/380 words
[2026-07-31T10:20:10.335Z] [WARN] [notes:5-mark] Groq/veng/llama-3.3-70b-versatile rate limited → cooling 90000ms
[2026-07-31T10:20:17.758Z] [INFO] → GET /api/history/21bc552d-5962-4de3-b420-a420d59bb93d
[2026-07-31T10:20:17.759Z] [INFO] ← GET /21bc552d-5962-4de3-b420-a420d59bb93d 304 (1ms)
[2026-07-31T10:20:19.765Z] [INFO] → GET /api/history/21bc552d-5962-4de3-b420-a420d59bb93d
[2026-07-31T10:20:19.766Z] [INFO] ← GET /21bc552d-5962-4de3-b420-a420d59bb93d 304 (1ms)
[2026-07-31T10:20:21.771Z] [INFO] → GET /api/history/21bc552d-5962-4de3-b420-a420d59bb93d
[2026-07-31T10:20:21.772Z] [INFO] ← GET /21bc552d-5962-4de3-b420-a420d59bb93d 304 (1ms)
[2026-07-31T10:20:23.241Z] [WARN] [Notes] 5-mark rewrite pass added nothing — keeping the 342-word version
[2026-07-31T10:20:23.241Z] [WARN] [Notes] 5-mark "Discuss an important aspect of cyber ml (aspect 7)" is 342/380 words — continue pass
[2026-07-31T10:20:23.778Z] [INFO] → GET /api/history/21bc552d-5962-4de3-b420-a420d59bb93d
[2026-07-31T10:20:23.778Z] [INFO] ← GET /21bc552d-5962-4de3-b420-a420d59bb93d 304 (1ms)
[2026-07-31T10:20:25.785Z] [INFO] → GET /api/history/21bc552d-5962-4de3-b420-a420d59bb93d
[2026-07-31T10:20:25.785Z] [INFO] ← GET /21bc552d-5962-4de3-b420-a420d59bb93d 304 (1ms)
[2026-07-31T10:20:27.792Z] [INFO] → GET /api/history/21bc552d-5962-4de3-b420-a420d59bb93d
[2026-07-31T10:20:27.792Z] [INFO] ← GET /21bc552d-5962-4de3-b420-a420d59bb93d 304 (1ms)
[2026-07-31T10:20:29.798Z] [INFO] → GET /api/history/21bc552d-5962-4de3-b420-a420d59bb93d
[2026-07-31T10:20:29.799Z] [INFO] ← GET /21bc552d-5962-4de3-b420-a420d59bb93d 304 (1ms)
[2026-07-31T10:21:26.969Z] [WARN] [Notes] 5-mark group failed: Unexpected token 'A', "[Attacker]" is not valid JSON
[2026-07-31T10:21:26.970Z] [WARN] [Notes] 5-mark group failed: No JSON found in response
[2026-07-31T10:21:26.971Z] [WARN] [Notes] 5-mark group failed: No JSON found in response
[2026-07-31T10:21:26.972Z] [WARN] [Notes] 5-mark group failed: Unexpected token 'D', "[Data Sourc"... is not valid JSON
[2026-07-31T10:21:26.973Z] [WARN] [Notes] 5-mark group failed: Unexpected token 'D', "[Data Collection]" is not valid JSON
[2026-07-31T10:21:26.974Z] [WARN] [Notes] 5-mark: retrying 6 missing question(s) individually
[2026-07-31T10:21:27.079Z] [WARN] [notes:5-mark] Groq/dark/llama-3.3-70b-versatile rate limited → cooling 1000ms
[2026-07-31T10:21:30.532Z] [WARN] [Notes] 5-mark "Discuss an important aspect of cyber ml (aspect 8)" is 253/380 words — rewrite pass
[2026-07-31T10:21:30.997Z] [WARN] [Notes] 5-mark "Discuss an important aspect of cyber ml (aspect 9)" is 227/380 words — rewrite pass
[2026-07-31T10:21:31.058Z] [WARN] [notes:5-mark] Openrouter/primary/google/gemma-4-26b-a4b-it:free rate limited → cooling 800ms
[2026-07-31T10:21:31.392Z] [WARN] [notes:5-mark] Openrouter/primary/openai/gpt-oss-20b:free rate limited → cooling 1600ms
[2026-07-31T10:21:33.895Z] [WARN] [Notes] 5-mark "Discuss an important aspect of cyber ml (aspect 4)" is 308/380 words — rewrite pass
[2026-07-31T10:21:34.414Z] [WARN] [notes:5-mark] Openrouter/primary/nvidia/nemotron-3-nano-omni-30b-a3b-reasoning:free rate limited → cooling 1600ms
[2026-07-31T10:21:34.837Z] [WARN] [notes:5-mark] Openrouter/primary/nvidia/nemotron-3-nano-30b-a3b:free rate limited → cooling 3200ms
[2026-07-31T10:21:35.542Z] [INFO] → GET /api/history/21bc552d-5962-4de3-b420-a420d59bb93d
[2026-07-31T10:21:35.544Z] [INFO] ← GET /21bc552d-5962-4de3-b420-a420d59bb93d 304 (2ms)
[2026-07-31T10:21:37.733Z] [WARN] [notes:5-mark] Openrouter/primary/nvidia/nemotron-nano-12b-v2-vl:free rate limited → cooling 800ms
[2026-07-31T10:21:37.740Z] [WARN] [notes:5-mark] Openrouter/primary/poolside/laguna-s-2.1:free rate limited → cooling 800ms
[2026-07-31T10:21:37.747Z] [WARN] [notes:5-mark] Openrouter/primary/nvidia/nemotron-nano-9b-v2:free rate limited → cooling 3200ms
[2026-07-31T10:21:38.120Z] [WARN] [notes:5-mark] Openrouter/primary/inclusionai/ling-3.0-flash:free rate limited → cooling 6400ms
[2026-07-31T10:21:41.105Z] [WARN] [notes:5-mark] Openrouter/primary/poolside/laguna-xs-2.1:free rate limited → cooling 1600ms
[2026-07-31T10:21:41.116Z] [WARN] [notes:5-mark] Openrouter/primary/cohere/north-mini-code:free rate limited → cooling 1600ms
[2026-07-31T10:21:41.224Z] [WARN] [notes:5-mark] Groq/veng/llama-3.3-70b-versatile rate limited → cooling 90000ms
[2026-07-31T10:21:41.323Z] [WARN] [notes:5-mark] Groq/dark/llama-3.3-70b-versatile rate limited → cooling 1000ms
[2026-07-31T10:21:44.425Z] [WARN] [notes:5-mark] Openrouter/primary/google/gemma-4-31b-it:free rate limited → cooling 3200ms
[2026-07-31T10:21:46.063Z] [WARN] [notes:5-mark] Openrouter/primary/google/gemma-4-26b-a4b-it:free rate limited → cooling 800ms
[2026-07-31T10:21:51.574Z] [WARN] [Notes] 5-mark "Discuss an important aspect of cyber ml (aspect 6)" is 304/380 words — rewrite pass
[2026-07-31T10:21:55.381Z] [WARN] [notes:5-mark] Openrouter/primary/openai/gpt-oss-20b:free rate limited → cooling 800ms
[2026-07-31T10:21:57.510Z] [WARN] [Notes] 5-mark rewrite pass added nothing — keeping the 304-word version
[2026-07-31T10:21:57.511Z] [WARN] [Notes] 5-mark "Discuss an important aspect of cyber ml (aspect 6)" is 304/380 words — continue pass
[2026-07-31T10:22:05.200Z] [WARN] [Notes] 5-mark "Discuss an important aspect of cyber ml (aspect 5)" is 314/380 words — rewrite pass
[2026-07-31T10:22:06.975Z] [WARN] [Notes] 5-mark retry failed: Unexpected token 'R', "[Raw Cyber Data]" is not valid JSON
[2026-07-31T10:22:06.975Z] [INFO] [Notes] 5-mark: 8/9 question(s) written in 169.0s across 24 lane(s)
[2026-07-31T10:22:06.977Z] [INFO] ✗ Notes(5-mark) validation {
  "valid": false,
  "errors": [
    "Question 2: Answer too short: 275 words (minimum 400)",
    "Question 4: Answer too short: 396 words (minimum 400)"
  ],
  "warnings": [
    "Question 1: Should have at least 3-4 subtopics",
    "Question 1: Should have at least 2 examples",
    "Question 1: Should have at least 4 key points",
    "Question 2: Should have at least 3-4 subtopics",
    "Question 2: Should have at least 2 examples",
    "Question 2: Should have at least 4 key points",
    "Question 3: Answer very long: 931 words (recommended 400-550)",
    "Question 3: Should have at least 3-4 subtopics",
    "Question 3: Should have at least 2 examples",
    "Question 3: Should have at least 4 key points",
    "Question 4: Should have at least 3-4 subtopics",
    "Question 4: Should have at least 2 examples",
    "Question 4: Should have at least 4 key points",
    "Question 5: Answer very long: 714 words (recommended 400-550)",
    "Question 5: Should have at least 3-4 subtopics",
    "Question 5: Should have at least 2 examples",
    "Question 5: Should have at least 4 key points",
    "Question 6: Should have at least 3-4 subtopics",
    "Question 6: Should have at least 2 examples",
    "Question 6: Should have at least 4 key points",
    "Question 7: Answer very long: 1338 words (recommended 400-550)",
    "Question 7: Should have at least 3-4 subtopics",
    "Question 7: Should have at least 2 examples",
    "Question 7: Should have at least 4 key points",
    "Question 8: Answer very long: 1390 words (recommended 400-550)",
    "Question 8: Should have at least 3-4 subtopics",
    "Question 8: Should have at least 2 examples",
    "Question 8: Should have at least 4 key points"
  ],
  "metrics": {
    "wordCount": 502
  }
}
[2026-07-31T10:22:06.977Z] [WARN] Notes validation issues for 5-mark: [
  "Question 2: Answer too short: 275 words (minimum 400)",
  "Question 4: Answer too short: 396 words (minimum 400)"
]
[2026-07-31T10:22:06.979Z] [ACTION] [ACTION] generation.complete | {"draftId":"21bc552d-5962-4de3-b420-a420d59bb93d","type":"notes","subType":"5-mark","scope":"notes"}
[2026-07-31T10:22:06.980Z] [INFO] ← POST /notes 200 (169274ms)
[2026-07-31T10:22:06.986Z] [INFO] → GET /api/history/21bc552d-5962-4de3-b420-a420d59bb93d
[2026-07-31T10:22:06.987Z] [INFO] ← GET /21bc552d-5962-4de3-b420-a420d59bb93d 200 (1ms)
[2026-07-31T10:24:48.041Z] [INFO] → GET /api/rag/docs
[2026-07-31T10:24:48.043Z] [INFO] ← GET /docs 304 (3ms)
[2026-07-31T10:24:48.045Z] [INFO] → GET /api/history
[2026-07-31T10:24:48.047Z] [INFO] ← GET / 200 (2ms)
[2026-07-31T10:24:49.112Z] [INFO] → GET /api/providers
[2026-07-31T10:24:49.115Z] [INFO] ← GET / 304 (3ms)
[2026-07-31T10:24:49.116Z] [INFO] → GET /api/projects
[2026-07-31T10:24:49.118Z] [INFO] ← GET / 304 (1ms)
[2026-07-31T10:25:01.498Z] [INFO] → GET /api/settings
[2026-07-31T10:25:01.500Z] [INFO] ← GET / 304 (2ms)
[2026-07-31T10:25:01.501Z] [INFO] → GET /api/providers
[2026-07-31T10:25:01.505Z] [INFO] ← GET / 304 (3ms)
[2026-07-31T10:38:08.221Z] [INFO] → GET /api/rag/docs
[2026-07-31T10:38:08.222Z] [INFO] ← GET /docs 304 (2ms)
[2026-07-31T10:38:08.224Z] [INFO] → GET /api/history
[2026-07-31T10:38:08.226Z] [INFO] ← GET / 304 (3ms)
[2026-07-31T10:38:14.559Z] [INFO] → POST /api/history/draft
[2026-07-31T10:38:14.564Z] [INFO] ← POST /draft 200 (6ms)
[2026-07-31T10:38:14.584Z] [INFO] → GET /api/history/62bf6266-7647-43df-b566-c217b057d13a
[2026-07-31T10:38:14.585Z] [INFO] ← GET /62bf6266-7647-43df-b566-c217b057d13a 200 (2ms)
[2026-07-31T10:38:14.592Z] [INFO] → POST /api/study/plan
[2026-07-31T10:38:15.125Z] [WARN] Provider "Groq" key "veng" + model "llama-3.3-70b-versatile" rate-limit → trying next model
[2026-07-31T10:38:15.165Z] [WARN] Provider "Groq" key "dark" + model "llama-3.3-70b-versatile" rate-limit → trying next model
[2026-07-31T10:38:16.591Z] [INFO] → GET /api/history/62bf6266-7647-43df-b566-c217b057d13a
[2026-07-31T10:38:16.592Z] [INFO] ← GET /62bf6266-7647-43df-b566-c217b057d13a 304 (1ms)
[2026-07-31T10:38:18.598Z] [INFO] → GET /api/history/62bf6266-7647-43df-b566-c217b057d13a
[2026-07-31T10:38:18.599Z] [INFO] ← GET /62bf6266-7647-43df-b566-c217b057d13a 304 (1ms)
[2026-07-31T10:38:20.007Z] [WARN] [Blueprint] planning failed for 5-mark — using default structure: Unexpected token 's', ..."pproach": string,
  "... is not valid JSON
[2026-07-31T10:38:20.008Z] [INFO] ← POST /plan 200 (5416ms)
[2026-07-31T10:38:20.015Z] [INFO] → PATCH /api/history/62bf6266-7647-43df-b566-c217b057d13a
[2026-07-31T10:38:20.017Z] [INFO] ← PATCH /62bf6266-7647-43df-b566-c217b057d13a 200 (2ms)
[2026-07-31T10:38:20.022Z] [INFO] → GET /api/history/62bf6266-7647-43df-b566-c217b057d13a
[2026-07-31T10:38:20.023Z] [INFO] ← GET /62bf6266-7647-43df-b566-c217b057d13a 200 (1ms)
[2026-07-31T10:38:20.029Z] [INFO] → POST /api/study/notes
[2026-07-31T10:38:20.475Z] [INFO] [Notes] 30067 chars of source material for "aiml"
[2026-07-31T10:38:20.476Z] [INFO] [Notes] 5-mark: 9 question(s) planned (~4320 words) [approved plan]
[2026-07-31T10:38:20.478Z] [INFO] [notes:5-mark] 24 lane(s) available: Groq(dark), Openrouter(primary), Groq(veng)
[2026-07-31T10:38:20.565Z] [WARN] [notes:5-mark] Groq/veng/llama-3.3-70b-versatile rate limited → cooling 90000ms
[2026-07-31T10:38:20.864Z] [WARN] [notes:5-mark] Groq/dark/llama-3.3-70b-versatile rate limited → cooling 1000ms
[2026-07-31T10:38:22.029Z] [INFO] → GET /api/history/62bf6266-7647-43df-b566-c217b057d13a
[2026-07-31T10:38:22.030Z] [INFO] ← GET /62bf6266-7647-43df-b566-c217b057d13a 304 (1ms)
[2026-07-31T10:38:24.036Z] [INFO] → GET /api/history/62bf6266-7647-43df-b566-c217b057d13a
[2026-07-31T10:38:24.037Z] [INFO] ← GET /62bf6266-7647-43df-b566-c217b057d13a 304 (1ms)
[2026-07-31T10:38:24.293Z] [WARN] [Notes] 5-mark "Discuss an important aspect of aiml (aspect 2)." is 288/380 words — rewrite pass
[2026-07-31T10:38:24.598Z] [WARN] [notes:5-mark] Openrouter/primary/google/gemma-4-31b-it:free rate limited → cooling 800ms
[2026-07-31T10:38:24.647Z] [WARN] [notes:5-mark] Groq/dark/allam-2-7b rate limited → cooling 1600ms
[2026-07-31T10:38:24.722Z] [WARN] [notes:5-mark] Groq/veng/allam-2-7b rate limited → cooling 3200ms
[2026-07-31T10:38:25.278Z] [WARN] [notes:5-mark] Openrouter/primary/google/gemma-4-26b-a4b-it:free rate limited → cooling 800ms
[2026-07-31T10:38:25.356Z] [WARN] [Notes] 5-mark "Discuss an important aspect of aiml (aspect 1)." is 236/380 words — rewrite pass
[2026-07-31T10:38:26.059Z] [INFO] → GET /api/history/62bf6266-7647-43df-b566-c217b057d13a
[2026-07-31T10:38:26.060Z] [INFO] ← GET /62bf6266-7647-43df-b566-c217b057d13a 304 (1ms)
[2026-07-31T10:38:26.092Z] [WARN] [notes:5-mark] Openrouter rejected model "poolside/laguna-m.1:free": 404 No endpoints found for poolside/laguna-m.1:free.
[2026-07-31T10:38:26.326Z] [WARN] [notes:5-mark] Openrouter/primary/openai/gpt-oss-20b:free rate limited → cooling 800ms
[2026-07-31T10:38:28.071Z] [INFO] → GET /api/history/62bf6266-7647-43df-b566-c217b057d13a
[2026-07-31T10:38:28.072Z] [INFO] ← GET /62bf6266-7647-43df-b566-c217b057d13a 304 (1ms)
[2026-07-31T10:38:28.152Z] [WARN] [notes:5-mark] Openrouter/primary/nvidia/nemotron-3-nano-omni-30b-a3b-reasoning:free rate limited → cooling 6400ms
[2026-07-31T10:38:28.306Z] [WARN] [notes:5-mark] Openrouter/primary/nvidia/nemotron-3-nano-30b-a3b:free rate limited → cooling 800ms
[2026-07-31T10:38:28.753Z] [WARN] [notes:5-mark] Openrouter/primary/poolside/laguna-s-2.1:free rate limited → cooling 1600ms
[2026-07-31T10:38:28.826Z] [WARN] [notes:5-mark] Groq/dark/llama-3.3-70b-versatile rate limited → cooling 90000ms
[2026-07-31T10:38:29.376Z] [WARN] [notes:5-mark] Openrouter/primary/nvidia/nemotron-nano-12b-v2-vl:free rate limited → cooling 800ms
[2026-07-31T10:38:29.642Z] [WARN] [notes:5-mark] Openrouter/primary/nvidia/nemotron-nano-9b-v2:free rate limited → cooling 1600ms
[2026-07-31T10:38:30.079Z] [INFO] → GET /api/history/62bf6266-7647-43df-b566-c217b057d13a
[2026-07-31T10:38:30.080Z] [INFO] ← GET /62bf6266-7647-43df-b566-c217b057d13a 304 (1ms)
[2026-07-31T10:38:31.215Z] [WARN] [notes:5-mark] Openrouter/primary/inclusionai/ling-3.0-flash:free rate limited → cooling 800ms
[2026-07-31T10:38:31.547Z] [WARN] [notes:5-mark] Openrouter/primary/poolside/laguna-xs-2.1:free rate limited → cooling 12800ms
[2026-07-31T10:38:31.560Z] [WARN] [notes:5-mark] Openrouter/primary/cohere/north-mini-code:free rate limited → cooling 1600ms
[2026-07-31T10:38:32.091Z] [INFO] → GET /api/history/62bf6266-7647-43df-b566-c217b057d13a
[2026-07-31T10:38:32.092Z] [INFO] ← GET /62bf6266-7647-43df-b566-c217b057d13a 304 (1ms)
[2026-07-31T10:38:33.133Z] [WARN] [notes:5-mark] Openrouter/primary/google/gemma-4-31b-it:free rate limited → cooling 3200ms
[2026-07-31T10:38:34.098Z] [INFO] → GET /api/history/62bf6266-7647-43df-b566-c217b057d13a
[2026-07-31T10:38:34.099Z] [INFO] ← GET /62bf6266-7647-43df-b566-c217b057d13a 304 (1ms)
[2026-07-31T10:38:34.710Z] [WARN] [notes:5-mark] Openrouter/primary/google/gemma-4-26b-a4b-it:free rate limited → cooling 1600ms
[2026-07-31T10:38:36.104Z] [INFO] → GET /api/history/62bf6266-7647-43df-b566-c217b057d13a
[2026-07-31T10:38:36.105Z] [INFO] ← GET /62bf6266-7647-43df-b566-c217b057d13a 304 (1ms)
[2026-07-31T10:38:36.548Z] [WARN] [notes:5-mark] Openrouter/primary/openai/gpt-oss-20b:free rate limited → cooling 6400ms
[2026-07-31T10:38:38.111Z] [INFO] → GET /api/history/62bf6266-7647-43df-b566-c217b057d13a
[2026-07-31T10:38:38.112Z] [INFO] ← GET /62bf6266-7647-43df-b566-c217b057d13a 304 (1ms)
[2026-07-31T10:38:40.118Z] [INFO] → GET /api/history/62bf6266-7647-43df-b566-c217b057d13a
[2026-07-31T10:38:40.119Z] [INFO] ← GET /62bf6266-7647-43df-b566-c217b057d13a 304 (1ms)
[2026-07-31T10:38:42.126Z] [INFO] → GET /api/history/62bf6266-7647-43df-b566-c217b057d13a
[2026-07-31T10:38:42.126Z] [INFO] ← GET /62bf6266-7647-43df-b566-c217b057d13a 304 (1ms)
[2026-07-31T10:38:44.133Z] [INFO] → GET /api/history/62bf6266-7647-43df-b566-c217b057d13a
[2026-07-31T10:38:44.133Z] [INFO] ← GET /62bf6266-7647-43df-b566-c217b057d13a 304 (1ms)
[2026-07-31T10:38:46.139Z] [INFO] → GET /api/history/62bf6266-7647-43df-b566-c217b057d13a
[2026-07-31T10:38:46.140Z] [INFO] ← GET /62bf6266-7647-43df-b566-c217b057d13a 304 (1ms)
[2026-07-31T10:38:48.146Z] [INFO] → GET /api/history/62bf6266-7647-43df-b566-c217b057d13a
[2026-07-31T10:38:48.147Z] [INFO] ← GET /62bf6266-7647-43df-b566-c217b057d13a 304 (2ms)
[2026-07-31T10:38:51.052Z] [WARN] [notes:5-mark] Groq/dark/allam-2-7b rate limited → cooling 800ms
[2026-07-31T10:38:51.127Z] [WARN] [notes:5-mark] Groq/veng/allam-2-7b rate limited → cooling 1600ms
[2026-07-31T10:38:54.707Z] [WARN] [notes:5-mark] Openrouter/primary/nvidia/nemotron-3-nano-omni-30b-a3b-reasoning:free rate limited → cooling 3200ms
[2026-07-31T10:38:55.800Z] [WARN] [notes:5-mark] Openrouter/primary/nvidia/nemotron-3-nano-30b-a3b:free rate limited → cooling 800ms
[2026-07-31T10:38:57.779Z] [WARN] [Notes] 5-mark rewrite pass added nothing — keeping the 288-word version
[2026-07-31T10:38:57.779Z] [WARN] [Notes] 5-mark "Discuss an important aspect of aiml (aspect 2)." is 288/380 words — continue pass
[2026-07-31T10:38:57.943Z] [WARN] [notes:5-mark] Openrouter/primary/poolside/laguna-s-2.1:free rate limited → cooling 800ms
[2026-07-31T10:38:58.151Z] [WARN] [notes:5-mark] Openrouter/primary/nvidia/nemotron-nano-12b-v2-vl:free rate limited → cooling 6400ms
[2026-07-31T10:38:59.213Z] [WARN] [notes:5-mark] Openrouter/primary/nvidia/nemotron-nano-9b-v2:free rate limited → cooling 1600ms
[2026-07-31T10:39:01.239Z] [WARN] [notes:5-mark] Openrouter/primary/inclusionai/ling-3.0-flash:free rate limited → cooling 800ms
[2026-07-31T10:39:01.359Z] [WARN] [notes:5-mark] Openrouter/primary/poolside/laguna-xs-2.1:free rate limited → cooling 1600ms
[2026-07-31T10:39:01.518Z] [WARN] [notes:5-mark] Openrouter/primary/cohere/north-mini-code:free rate limited → cooling 12800ms
[2026-07-31T10:39:04.153Z] [INFO] → GET /api/history/62bf6266-7647-43df-b566-c217b057d13a
[2026-07-31T10:39:04.154Z] [INFO] ← GET /62bf6266-7647-43df-b566-c217b057d13a 304 (1ms)
[2026-07-31T10:39:04.555Z] [WARN] [notes:5-mark] Openrouter/primary/google/gemma-4-31b-it:free rate limited → cooling 1600ms
[2026-07-31T10:39:04.849Z] [WARN] [notes:5-mark] Openrouter/primary/google/gemma-4-26b-a4b-it:free rate limited → cooling 25600ms
[2026-07-31T10:39:06.160Z] [INFO] → GET /api/history/62bf6266-7647-43df-b566-c217b057d13a
[2026-07-31T10:39:06.160Z] [INFO] ← GET /62bf6266-7647-43df-b566-c217b057d13a 304 (1ms)
[2026-07-31T10:39:13.890Z] [WARN] [Notes] 5-mark rewrite pass added nothing — keeping the 236-word version
[2026-07-31T10:39:13.891Z] [WARN] [Notes] 5-mark "Discuss an important aspect of aiml (aspect 1)." is 236/380 words — continue pass
[2026-07-31T10:39:20.341Z] [WARN] [notes:5-mark] Openrouter/primary/openai/gpt-oss-20b:free rate limited → cooling 800ms
[2026-07-31T10:39:29.521Z] [WARN] [Notes] 5-mark "Discuss an important aspect of aiml (aspect 2)." finished at 322/380 words
[2026-07-31T10:39:31.988Z] [WARN] [Notes] 5-mark "Discuss an important aspect of aiml (aspect 8)." is 246/380 words — rewrite pass
[2026-07-31T10:39:51.994Z] [WARN] [Notes] 5-mark "Discuss an important aspect of aiml (aspect 1)." finished at 249/380 words
[2026-07-31T10:39:56.440Z] [WARN] [Notes] 5-mark "Discuss an important aspect of aiml (aspect 9)." is 273/380 words — rewrite pass
[2026-07-31T10:40:09.722Z] [WARN] [Notes] 5-mark rewrite pass added nothing — keeping the 246-word version
[2026-07-31T10:40:09.723Z] [WARN] [Notes] 5-mark "Discuss an important aspect of aiml (aspect 8)." is 246/380 words — continue pass
[2026-07-31T10:40:09.783Z] [WARN] [notes:5-mark] Groq/dark/llama-3.3-70b-versatile rate limited → cooling 90000ms
[2026-07-31T10:40:10.023Z] [WARN] [Notes] 5-mark "Discuss an important aspect of aiml (aspect 8)." finished at 321/380 words
[2026-07-31T10:40:10.024Z] [WARN] [Notes] 5-mark group failed: Unexpected token 'U', "[User Input]" is not valid JSON
[2026-07-31T10:40:10.024Z] [WARN] [Notes] 5-mark group failed: No JSON found in response
[2026-07-31T10:40:10.024Z] [WARN] [Notes] 5-mark group failed: Unexpected token 'S', "[Student In"... is not valid JSON
[2026-07-31T10:40:10.024Z] [WARN] [Notes] 5-mark group failed: Unexpected token 'U', "[User Query]" is not valid JSON
[2026-07-31T10:40:10.025Z] [WARN] [Notes] 5-mark: retrying 4 missing question(s) individually
[2026-07-31T10:40:10.082Z] [WARN] [notes:5-mark] Groq/veng/allam-2-7b rate limited → cooling 800ms
[2026-07-31T10:40:13.359Z] [WARN] [notes:5-mark] Openrouter/primary/nvidia/nemotron-3-nano-30b-a3b:free rate limited → cooling 800ms
[2026-07-31T10:40:13.713Z] [WARN] [notes:5-mark] Openrouter/primary/nvidia/nemotron-3-nano-omni-30b-a3b-reasoning:free rate limited → cooling 800ms
[2026-07-31T10:40:13.828Z] [WARN] [notes:5-mark] Openrouter/primary/nvidia/nemotron-nano-12b-v2-vl:free rate limited → cooling 1600ms
[2026-07-31T10:40:14.005Z] [WARN] [notes:5-mark] Openrouter/primary/poolside/laguna-s-2.1:free rate limited → cooling 800ms
[2026-07-31T10:40:17.024Z] [WARN] [notes:5-mark] Openrouter/primary/nvidia/nemotron-nano-9b-v2:free rate limited → cooling 1600ms
[2026-07-31T10:40:17.245Z] [WARN] [notes:5-mark] Openrouter/primary/inclusionai/ling-3.0-flash:free rate limited → cooling 3200ms
[2026-07-31T10:40:17.312Z] [WARN] [notes:5-mark] Openrouter/primary/poolside/laguna-xs-2.1:free rate limited → cooling 1600ms
[2026-07-31T10:40:20.259Z] [WARN] [notes:5-mark] Openrouter/primary/cohere/north-mini-code:free rate limited → cooling 3200ms
[2026-07-31T10:40:20.607Z] [WARN] [notes:5-mark] Openrouter/primary/google/gemma-4-31b-it:free rate limited → cooling 3200ms
[2026-07-31T10:40:24.013Z] [WARN] [notes:5-mark] Openrouter/primary/google/gemma-4-26b-a4b-it:free rate limited → cooling 6400ms
[2026-07-31T10:40:31.603Z] [WARN] [notes:5-mark] Openrouter/primary/openai/gpt-oss-20b:free rate limited → cooling 800ms
[2026-07-31T10:40:36.479Z] [WARN] [Notes] 5-mark "Discuss an important aspect of aiml (aspect 5)." is 334/380 words — rewrite pass
[2026-07-31T10:40:36.535Z] [WARN] [notes:5-mark] Groq/veng/llama-3.3-70b-versatile rate limited → cooling 1000ms
[2026-07-31T10:40:37.960Z] [WARN] [Notes] 5-mark rewrite pass added nothing — keeping the 334-word version
[2026-07-31T10:40:37.961Z] [WARN] [Notes] 5-mark "Discuss an important aspect of aiml (aspect 5)." is 334/380 words — continue pass
[2026-07-31T10:40:38.239Z] [WARN] [Notes] 5-mark retry failed: Unexpected token 'U', "[User Input]" is not valid JSON
[2026-07-31T10:40:38.240Z] [WARN] [Notes] 5-mark retry failed: Unexpected token 'U', "[User Query]" is not valid JSON
[2026-07-31T10:40:38.240Z] [WARN] [Notes] 5-mark retry failed: No JSON found in response
[2026-07-31T10:40:38.240Z] [INFO] [Notes] 5-mark: 6/9 question(s) written in 137.8s across 24 lane(s)
[2026-07-31T10:40:38.241Z] [INFO] ✗ Notes(5-mark) validation {
  "valid": false,
  "errors": [
    "Question 1: Answer too short: 249 words (minimum 400)",
    "Question 2: Answer too short: 322 words (minimum 400)",
    "Question 3: Answer too short: 399 words (minimum 400)",
    "Question 5: Answer too short: 321 words (minimum 400)"
  ],
  "warnings": [
    "Question 1: Should have at least 3-4 subtopics",
    "Question 1: Should have at least 2 examples",
    "Question 1: Should have at least 4 key points",
    "Question 2: Should have at least 3-4 subtopics",
    "Question 2: Should have at least 2 examples",
    "Question 2: Should have at least 4 key points",
    "Question 3: Should have at least 3-4 subtopics",
    "Question 3: Should have at least 2 examples",
    "Question 3: Should have at least 4 key points",
    "Question 4: Answer slightly short: 432 words (recommended 450-550)",
    "Question 4: Should have at least 3-4 subtopics",
    "Question 4: Should have at least 2 examples",
    "Question 4: Should have at least 4 key points",
    "Question 5: Should have at least 3-4 subtopics",
    "Question 5: Should have at least 2 examples",
    "Question 5: Should have at least 4 key points",
    "Question 6: Answer very long: 682 words (recommended 400-550)",
    "Question 6: Should have at least 3-4 subtopics",
    "Question 6: Should have at least 2 examples",
    "Question 6: Should have at least 4 key points"
  ],
  "metrics": {
    "wordCount": 249
  }
}
[2026-07-31T10:40:38.242Z] [WARN] Notes validation issues for 5-mark: [
  "Question 1: Answer too short: 249 words (minimum 400)",
  "Question 2: Answer too short: 322 words (minimum 400)",
  "Question 3: Answer too short: 399 words (minimum 400)",
  "Question 5: Answer too short: 321 words (minimum 400)"
]
[2026-07-31T10:40:38.244Z] [ACTION] [ACTION] generation.complete | {"draftId":"62bf6266-7647-43df-b566-c217b057d13a","type":"notes","subType":"5-mark","scope":"notes"}
[2026-07-31T10:40:38.245Z] [INFO] ← POST /notes 200 (138216ms)
[2026-07-31T10:40:38.252Z] [INFO] → GET /api/history/62bf6266-7647-43df-b566-c217b057d13a
[2026-07-31T10:40:38.253Z] [INFO] ← GET /62bf6266-7647-43df-b566-c217b057d13a 200 (1ms)
[2026-07-31T10:42:31.396Z] [INFO] → GET /api/rag/docs
[2026-07-31T10:42:31.398Z] [INFO] ← GET /docs 304 (2ms)
[2026-07-31T10:42:31.399Z] [INFO] → GET /api/history
[2026-07-31T10:42:31.402Z] [INFO] ← GET / 200 (2ms)
[2026-07-31T10:43:11.408Z] [INFO] → GET /api/rag/docs
[2026-07-31T10:43:11.409Z] [INFO] ← GET /docs 304 (2ms)
[2026-07-31T10:43:15.648Z] [INFO] → POST /api/history/draft
[2026-07-31T10:43:15.652Z] [INFO] ← POST /draft 200 (4ms)
[2026-07-31T10:43:15.669Z] [INFO] → GET /api/history/2f51ba37-6d1f-4a9e-a279-fc23f0514c00
[2026-07-31T10:43:15.671Z] [INFO] ← GET /2f51ba37-6d1f-4a9e-a279-fc23f0514c00 200 (1ms)
[2026-07-31T10:43:15.677Z] [INFO] → POST /api/study/plan
[2026-07-31T10:43:16.171Z] [WARN] Provider "Groq" key "veng" + model "llama-3.3-70b-versatile" rate-limit → trying next model
[2026-07-31T10:43:16.199Z] [WARN] Provider "Groq" key "dark" + model "llama-3.3-70b-versatile" rate-limit → trying next model
[2026-07-31T10:43:17.684Z] [INFO] → GET /api/history/2f51ba37-6d1f-4a9e-a279-fc23f0514c00
[2026-07-31T10:43:17.685Z] [INFO] ← GET /2f51ba37-6d1f-4a9e-a279-fc23f0514c00 304 (1ms)
[2026-07-31T10:43:19.691Z] [INFO] → GET /api/history/2f51ba37-6d1f-4a9e-a279-fc23f0514c00
[2026-07-31T10:43:19.691Z] [INFO] ← GET /2f51ba37-6d1f-4a9e-a279-fc23f0514c00 304 (1ms)
[2026-07-31T10:43:21.008Z] [WARN] [Blueprint] planning failed for mindmap — using default structure: planner returned no units
[2026-07-31T10:43:21.009Z] [INFO] ← POST /plan 200 (5331ms)
[2026-07-31T10:43:21.015Z] [INFO] → PATCH /api/history/2f51ba37-6d1f-4a9e-a279-fc23f0514c00
[2026-07-31T10:43:21.017Z] [INFO] ← PATCH /2f51ba37-6d1f-4a9e-a279-fc23f0514c00 200 (2ms)
[2026-07-31T10:43:21.022Z] [INFO] → GET /api/history/2f51ba37-6d1f-4a9e-a279-fc23f0514c00
[2026-07-31T10:43:21.023Z] [INFO] ← GET /2f51ba37-6d1f-4a9e-a279-fc23f0514c00 200 (1ms)
[2026-07-31T10:43:21.029Z] [INFO] → POST /api/study/mindmap
[2026-07-31T10:43:21.133Z] [WARN] Provider "Groq" key "veng" + model "llama-3.3-70b-versatile" rate-limit → trying next model
[2026-07-31T10:43:22.263Z] [WARN] Provider "Groq" key "dark" + model "llama-3.3-70b-versatile" rate-limit → trying next model
[2026-07-31T10:43:23.030Z] [INFO] → GET /api/history/2f51ba37-6d1f-4a9e-a279-fc23f0514c00
[2026-07-31T10:43:23.031Z] [INFO] ← GET /2f51ba37-6d1f-4a9e-a279-fc23f0514c00 304 (1ms)
[2026-07-31T10:43:25.036Z] [INFO] → GET /api/history/2f51ba37-6d1f-4a9e-a279-fc23f0514c00
[2026-07-31T10:43:25.037Z] [INFO] ← GET /2f51ba37-6d1f-4a9e-a279-fc23f0514c00 304 (1ms)
[2026-07-31T10:43:27.044Z] [INFO] → GET /api/history/2f51ba37-6d1f-4a9e-a279-fc23f0514c00
[2026-07-31T10:43:27.045Z] [INFO] ← GET /2f51ba37-6d1f-4a9e-a279-fc23f0514c00 304 (0ms)
[2026-07-31T10:43:29.833Z] [WARN] Provider "Groq" key "veng" + model "llama-3.3-70b-versatile" rate-limit → trying next model
[2026-07-31T10:43:43.048Z] [INFO] → GET /api/history/2f51ba37-6d1f-4a9e-a279-fc23f0514c00
[2026-07-31T10:43:43.049Z] [INFO] ← GET /2f51ba37-6d1f-4a9e-a279-fc23f0514c00 304 (1ms)
[2026-07-31T10:43:44.962Z] [ACTION] [ACTION] generation.complete | {"draftId":"2f51ba37-6d1f-4a9e-a279-fc23f0514c00","type":"mindmap","scope":"studio"}
[2026-07-31T10:43:44.963Z] [INFO] ← POST /mindmap 200 (23934ms)
[2026-07-31T10:43:44.968Z] [INFO] → PATCH /api/history/2f51ba37-6d1f-4a9e-a279-fc23f0514c00
[2026-07-31T10:43:44.970Z] [INFO] ← PATCH /2f51ba37-6d1f-4a9e-a279-fc23f0514c00 200 (2ms)
[2026-07-31T10:43:44.975Z] [INFO] → GET /api/history/2f51ba37-6d1f-4a9e-a279-fc23f0514c00
[2026-07-31T10:43:44.976Z] [INFO] ← GET /2f51ba37-6d1f-4a9e-a279-fc23f0514c00 200 (1ms)
[2026-07-31T10:43:44.977Z] [INFO] → POST /api/study/mindmap
[2026-07-31T10:43:45.302Z] [WARN] Provider "Groq" key "veng" + model "llama-3.3-70b-versatile" rate-limit → trying next model
[2026-07-31T10:43:58.070Z] [INFO] → POST /api/study/mindmap
[2026-07-31T10:43:58.607Z] [WARN] Provider "Groq" key "veng" + model "llama-3.3-70b-versatile" rate-limit → trying next model
[2026-07-31T10:44:24.209Z] [INFO] → GET /api/rag/docs
[2026-07-31T10:44:24.211Z] [INFO] ← GET /docs 304 (1ms)
[2026-07-31T10:44:28.928Z] [INFO] → POST /api/history/draft
[2026-07-31T10:44:28.933Z] [INFO] ← POST /draft 200 (5ms)
[2026-07-31T10:44:28.953Z] [INFO] → GET /api/history/6d3a244f-66eb-43cb-8f68-0e4798fbce4a
[2026-07-31T10:44:28.954Z] [INFO] ← GET /6d3a244f-66eb-43cb-8f68-0e4798fbce4a 200 (2ms)
[2026-07-31T10:44:28.961Z] [INFO] → POST /api/study/plan
[2026-07-31T10:44:29.323Z] [WARN] Provider "Groq" key "veng" + model "llama-3.3-70b-versatile" rate-limit → trying next model
[2026-07-31T10:44:29.358Z] [WARN] Provider "Groq" key "dark" + model "llama-3.3-70b-versatile" rate-limit → trying next model
[2026-07-31T10:44:29.932Z] [WARN] Provider "Groq" key "veng" + model "llama-3.3-70b-versatile" rate-limit → trying next model
[2026-07-31T10:44:30.965Z] [INFO] → GET /api/history/6d3a244f-66eb-43cb-8f68-0e4798fbce4a
[2026-07-31T10:44:30.967Z] [INFO] ← GET /6d3a244f-66eb-43cb-8f68-0e4798fbce4a 304 (2ms)
[2026-07-31T10:44:36.977Z] [INFO] → GET /api/history/6d3a244f-66eb-43cb-8f68-0e4798fbce4a
[2026-07-31T10:44:36.978Z] [INFO] ← GET /6d3a244f-66eb-43cb-8f68-0e4798fbce4a 304 (1ms)
[2026-07-31T10:44:46.988Z] [INFO] → GET /api/history/6d3a244f-66eb-43cb-8f68-0e4798fbce4a
[2026-07-31T10:44:46.989Z] [INFO] ← GET /6d3a244f-66eb-43cb-8f68-0e4798fbce4a 304 (2ms)
[2026-07-31T10:44:48.995Z] [INFO] → GET /api/history/6d3a244f-66eb-43cb-8f68-0e4798fbce4a
[2026-07-31T10:44:48.996Z] [INFO] ← GET /6d3a244f-66eb-43cb-8f68-0e4798fbce4a 304 (1ms)
[2026-07-31T10:44:51.002Z] [INFO] → GET /api/history/6d3a244f-66eb-43cb-8f68-0e4798fbce4a
[2026-07-31T10:44:51.003Z] [INFO] ← GET /6d3a244f-66eb-43cb-8f68-0e4798fbce4a 304 (1ms)
[2026-07-31T10:44:53.008Z] [INFO] → GET /api/history/6d3a244f-66eb-43cb-8f68-0e4798fbce4a
[2026-07-31T10:44:53.009Z] [INFO] ← GET /6d3a244f-66eb-43cb-8f68-0e4798fbce4a 304 (1ms)
[2026-07-31T10:44:55.017Z] [INFO] → GET /api/history/6d3a244f-66eb-43cb-8f68-0e4798fbce4a
[2026-07-31T10:44:55.017Z] [INFO] ← GET /6d3a244f-66eb-43cb-8f68-0e4798fbce4a 304 (1ms)
[2026-07-31T10:44:57.029Z] [INFO] → GET /api/history/6d3a244f-66eb-43cb-8f68-0e4798fbce4a
[2026-07-31T10:44:57.030Z] [INFO] ← GET /6d3a244f-66eb-43cb-8f68-0e4798fbce4a 304 (1ms)
[2026-07-31T10:44:59.035Z] [INFO] → GET /api/history/6d3a244f-66eb-43cb-8f68-0e4798fbce4a
[2026-07-31T10:44:59.036Z] [INFO] ← GET /6d3a244f-66eb-43cb-8f68-0e4798fbce4a 304 (1ms)
[2026-07-31T10:45:01.042Z] [INFO] → GET /api/history/6d3a244f-66eb-43cb-8f68-0e4798fbce4a
[2026-07-31T10:45:01.043Z] [INFO] ← GET /6d3a244f-66eb-43cb-8f68-0e4798fbce4a 304 (1ms)
[2026-07-31T10:45:02.269Z] [WARN] [Blueprint] planning failed for slides — using default structure: planner returned no units
[2026-07-31T10:45:02.270Z] [INFO] ← POST /plan 200 (33310ms)
[2026-07-31T10:45:02.276Z] [INFO] → PATCH /api/history/6d3a244f-66eb-43cb-8f68-0e4798fbce4a
[2026-07-31T10:45:02.279Z] [INFO] ← PATCH /6d3a244f-66eb-43cb-8f68-0e4798fbce4a 200 (3ms)
[2026-07-31T10:45:02.284Z] [INFO] → GET /api/history/6d3a244f-66eb-43cb-8f68-0e4798fbce4a
[2026-07-31T10:45:02.285Z] [INFO] ← GET /6d3a244f-66eb-43cb-8f68-0e4798fbce4a 200 (1ms)
[2026-07-31T10:45:02.292Z] [INFO] → POST /api/study/slides
[2026-07-31T10:45:02.840Z] [WARN] Provider "Groq" key "veng" + model "qwen/qwen3.6-27b" rate-limit → trying next model
[2026-07-31T10:45:02.889Z] [WARN] Provider "Groq" key "veng" + model "llama-3.3-70b-versatile" rate-limit → trying next model
[2026-07-31T10:45:04.293Z] [INFO] → GET /api/history/6d3a244f-66eb-43cb-8f68-0e4798fbce4a
[2026-07-31T10:45:04.293Z] [INFO] ← GET /6d3a244f-66eb-43cb-8f68-0e4798fbce4a 304 (1ms)
[2026-07-31T10:45:06.299Z] [INFO] → GET /api/history/6d3a244f-66eb-43cb-8f68-0e4798fbce4a
[2026-07-31T10:45:06.301Z] [INFO] ← GET /6d3a244f-66eb-43cb-8f68-0e4798fbce4a 304 (1ms)
[2026-07-31T10:45:07.143Z] [ACTION] [ACTION] generation.create | {"historyId":"fe1ad6f7-d0fa-4178-95da-3d5fbf75fdec","type":"mindmap","scope":"studio"}
[2026-07-31T10:45:07.144Z] [INFO] ← POST /mindmap 200 (69075ms)
[2026-07-31T10:45:07.150Z] [INFO] → POST /api/progress/activity
[2026-07-31T10:45:07.154Z] [INFO] ← POST /activity 200 (5ms)
[2026-07-31T10:45:07.155Z] [INFO] → PATCH /api/history/2f51ba37-6d1f-4a9e-a279-fc23f0514c00
[2026-07-31T10:45:07.158Z] [INFO] ← PATCH /2f51ba37-6d1f-4a9e-a279-fc23f0514c00 200 (3ms)
[2026-07-31T10:45:08.307Z] [INFO] → GET /api/history/6d3a244f-66eb-43cb-8f68-0e4798fbce4a
[2026-07-31T10:45:08.308Z] [INFO] ← GET /6d3a244f-66eb-43cb-8f68-0e4798fbce4a 304 (2ms)
[2026-07-31T10:45:10.320Z] [INFO] → GET /api/history/6d3a244f-66eb-43cb-8f68-0e4798fbce4a
[2026-07-31T10:45:10.321Z] [INFO] ← GET /6d3a244f-66eb-43cb-8f68-0e4798fbce4a 304 (0ms)
[2026-07-31T10:45:12.327Z] [INFO] → GET /api/history/6d3a244f-66eb-43cb-8f68-0e4798fbce4a
[2026-07-31T10:45:12.327Z] [INFO] ← GET /6d3a244f-66eb-43cb-8f68-0e4798fbce4a 304 (1ms)
[2026-07-31T10:45:14.334Z] [INFO] → GET /api/history/6d3a244f-66eb-43cb-8f68-0e4798fbce4a
[2026-07-31T10:45:14.335Z] [INFO] ← GET /6d3a244f-66eb-43cb-8f68-0e4798fbce4a 304 (2ms)
[2026-07-31T10:45:16.342Z] [INFO] → GET /api/history/6d3a244f-66eb-43cb-8f68-0e4798fbce4a
[2026-07-31T10:45:16.343Z] [INFO] ← GET /6d3a244f-66eb-43cb-8f68-0e4798fbce4a 304 (2ms)
[2026-07-31T10:45:18.355Z] [INFO] → GET /api/history/6d3a244f-66eb-43cb-8f68-0e4798fbce4a
[2026-07-31T10:45:18.356Z] [INFO] ← GET /6d3a244f-66eb-43cb-8f68-0e4798fbce4a 304 (1ms)
[2026-07-31T10:45:20.362Z] [INFO] → GET /api/history/6d3a244f-66eb-43cb-8f68-0e4798fbce4a
[2026-07-31T10:45:20.362Z] [INFO] ← GET /6d3a244f-66eb-43cb-8f68-0e4798fbce4a 304 (1ms)
[2026-07-31T10:45:22.368Z] [INFO] → GET /api/history/6d3a244f-66eb-43cb-8f68-0e4798fbce4a
[2026-07-31T10:45:22.370Z] [INFO] ← GET /6d3a244f-66eb-43cb-8f68-0e4798fbce4a 304 (1ms)
[2026-07-31T10:45:24.376Z] [INFO] → GET /api/history/6d3a244f-66eb-43cb-8f68-0e4798fbce4a
[2026-07-31T10:45:24.377Z] [INFO] ← GET /6d3a244f-66eb-43cb-8f68-0e4798fbce4a 304 (1ms)
[2026-07-31T10:45:26.389Z] [INFO] → GET /api/history/6d3a244f-66eb-43cb-8f68-0e4798fbce4a
[2026-07-31T10:45:26.390Z] [INFO] ← GET /6d3a244f-66eb-43cb-8f68-0e4798fbce4a 304 (1ms)
[2026-07-31T10:45:28.411Z] [INFO] → GET /api/history/6d3a244f-66eb-43cb-8f68-0e4798fbce4a
[2026-07-31T10:45:28.412Z] [INFO] ← GET /6d3a244f-66eb-43cb-8f68-0e4798fbce4a 304 (2ms)
[2026-07-31T10:45:30.424Z] [INFO] → GET /api/history/6d3a244f-66eb-43cb-8f68-0e4798fbce4a
[2026-07-31T10:45:30.425Z] [INFO] ← GET /6d3a244f-66eb-43cb-8f68-0e4798fbce4a 304 (0ms)
[2026-07-31T10:45:32.430Z] [INFO] → GET /api/history/6d3a244f-66eb-43cb-8f68-0e4798fbce4a
[2026-07-31T10:45:32.431Z] [INFO] ← GET /6d3a244f-66eb-43cb-8f68-0e4798fbce4a 304 (1ms)
[2026-07-31T10:45:34.438Z] [INFO] → GET /api/history/6d3a244f-66eb-43cb-8f68-0e4798fbce4a
[2026-07-31T10:45:34.440Z] [INFO] ← GET /6d3a244f-66eb-43cb-8f68-0e4798fbce4a 304 (1ms)
[2026-07-31T10:45:36.451Z] [INFO] → GET /api/history/6d3a244f-66eb-43cb-8f68-0e4798fbce4a
[2026-07-31T10:45:36.453Z] [INFO] ← GET /6d3a244f-66eb-43cb-8f68-0e4798fbce4a 304 (1ms)
[2026-07-31T10:45:38.459Z] [INFO] → GET /api/history/6d3a244f-66eb-43cb-8f68-0e4798fbce4a
[2026-07-31T10:45:38.460Z] [INFO] ← GET /6d3a244f-66eb-43cb-8f68-0e4798fbce4a 304 (1ms)
[2026-07-31T10:45:40.472Z] [INFO] → GET /api/history/6d3a244f-66eb-43cb-8f68-0e4798fbce4a
[2026-07-31T10:45:40.473Z] [INFO] ← GET /6d3a244f-66eb-43cb-8f68-0e4798fbce4a 304 (1ms)
[2026-07-31T10:45:42.479Z] [INFO] → GET /api/history/6d3a244f-66eb-43cb-8f68-0e4798fbce4a
[2026-07-31T10:45:42.480Z] [INFO] ← GET /6d3a244f-66eb-43cb-8f68-0e4798fbce4a 304 (0ms)
[2026-07-31T10:45:44.140Z] [ACTION] [ACTION] generation.complete | {"draftId":"2f51ba37-6d1f-4a9e-a279-fc23f0514c00","type":"mindmap","scope":"studio"}
[2026-07-31T10:45:44.140Z] [INFO] ← POST /mindmap 200 (119163ms)
[2026-07-31T10:45:44.146Z] [INFO] → PATCH /api/history/2f51ba37-6d1f-4a9e-a279-fc23f0514c00
[2026-07-31T10:45:44.148Z] [INFO] ← PATCH /2f51ba37-6d1f-4a9e-a279-fc23f0514c00 200 (2ms)
[2026-07-31T10:45:44.486Z] [INFO] → GET /api/history/6d3a244f-66eb-43cb-8f68-0e4798fbce4a
[2026-07-31T10:45:44.487Z] [INFO] ← GET /6d3a244f-66eb-43cb-8f68-0e4798fbce4a 304 (0ms)
[2026-07-31T10:45:46.496Z] [INFO] → GET /api/history/6d3a244f-66eb-43cb-8f68-0e4798fbce4a
[2026-07-31T10:45:46.497Z] [INFO] ← GET /6d3a244f-66eb-43cb-8f68-0e4798fbce4a 304 (2ms)
[2026-07-31T10:46:33.238Z] [ACTION] [ACTION] generation.complete | {"draftId":"6d3a244f-66eb-43cb-8f68-0e4798fbce4a","type":"slides","subType":"presentation","scope":"studio"}
[2026-07-31T10:46:33.239Z] [INFO] ← POST /slides 200 (90948ms)
[2026-07-31T10:46:33.257Z] [INFO] → PATCH /api/history/6d3a244f-66eb-43cb-8f68-0e4798fbce4a
[2026-07-31T10:46:33.260Z] [INFO] ← PATCH /6d3a244f-66eb-43cb-8f68-0e4798fbce4a 200 (4ms)
[2026-07-31T10:46:33.266Z] [INFO] → GET /api/history/6d3a244f-66eb-43cb-8f68-0e4798fbce4a
[2026-07-31T10:46:33.267Z] [INFO] ← GET /6d3a244f-66eb-43cb-8f68-0e4798fbce4a 200 (1ms)
[2026-07-31T10:46:33.268Z] [INFO] → POST /api/study/slides
[2026-07-31T10:46:33.756Z] [WARN] Provider "Groq" key "veng" + model "llama-3.3-70b-versatile" rate-limit → trying next model
[2026-07-31T10:47:36.134Z] [WARN] Provider "Groq" key "dark" + model "llama-3.3-70b-versatile" rate-limit → trying next model
[2026-07-31T10:47:43.617Z] [ACTION] [ACTION] generation.complete | {"draftId":"6d3a244f-66eb-43cb-8f68-0e4798fbce4a","type":"slides","subType":"presentation","scope":"studio"}
[2026-07-31T10:47:43.618Z] [INFO] ← POST /slides 200 (70351ms)
[2026-07-31T10:47:43.624Z] [INFO] → PATCH /api/history/6d3a244f-66eb-43cb-8f68-0e4798fbce4a
[2026-07-31T10:47:43.628Z] [INFO] ← PATCH /6d3a244f-66eb-43cb-8f68-0e4798fbce4a 200 (3ms)
[2026-07-31T10:47:43.633Z] [INFO] → GET /api/history/6d3a244f-66eb-43cb-8f68-0e4798fbce4a
[2026-07-31T10:47:43.634Z] [INFO] ← GET /6d3a244f-66eb-43cb-8f68-0e4798fbce4a 200 (1ms)
[2026-07-31T10:58:43.806Z] [INFO] → GET /api/analytics/advanced
[2026-07-31T10:58:43.812Z] [INFO] ← GET / 200 (6ms)
[2026-07-31T10:58:43.814Z] [INFO] → GET /api/analytics/advanced/profile
[2026-07-31T10:58:43.818Z] [INFO] ← GET /profile 304 (4ms)
[2026-07-31T10:58:43.819Z] [INFO] → GET /api/analytics/advanced/recommendations
[2026-07-31T10:58:43.822Z] [INFO] ← GET /recommendations 304 (3ms)
[2026-07-31T10:58:44.450Z] [INFO] → GET /api/rag/docs
[2026-07-31T10:58:44.452Z] [INFO] ← GET /docs 304 (2ms)
[2026-07-31T10:58:44.455Z] [INFO] → GET /api/history
[2026-07-31T10:58:44.458Z] [INFO] ← GET / 304 (3ms)
[2026-07-31T10:58:46.106Z] [INFO] → GET /api/settings
[2026-07-31T10:58:46.108Z] [INFO] ← GET / 304 (2ms)
[2026-07-31T10:58:46.109Z] [INFO] → GET /api/providers
[2026-07-31T10:58:46.112Z] [INFO] ← GET / 304 (2ms)
[2026-07-31T10:58:46.749Z] [INFO] → GET /api/rag/docs
[2026-07-31T10:58:46.750Z] [INFO] ← GET /docs 304 (2ms)
[2026-07-31T10:58:46.752Z] [INFO] → GET /api/rag/folders
[2026-07-31T10:58:46.755Z] [INFO] ← GET /folders 304 (3ms)
[2026-07-31T10:58:46.756Z] [INFO] → GET /api/rag/staged
[2026-07-31T10:58:46.759Z] [INFO] ← GET /staged 304 (3ms)
[2026-07-31T10:58:46.760Z] [INFO] → GET /api/rag/folders/paths
[2026-07-31T10:58:46.763Z] [INFO] ← GET /folders/paths 304 (2ms)
[2026-07-31T10:59:52.281Z] [INFO] → GET /studio/history
[2026-07-31T10:59:52.288Z] [INFO] ← GET /studio/history 200 (8ms)
[2026-07-31T10:59:52.320Z] [INFO] → GET /assets/index-5LxgwQRA.js
[2026-07-31T10:59:52.321Z] [INFO] → GET /assets/index-Bcewc09a.css
[2026-07-31T10:59:52.325Z] [INFO] ← GET /assets/index-Bcewc09a.css 200 (4ms)
[2026-07-31T10:59:52.331Z] [INFO] ← GET /assets/index-5LxgwQRA.js 200 (11ms)
[2026-07-31T10:59:52.340Z] [INFO] → GET /assets/index-5LxgwQRA.js
[2026-07-31T10:59:52.372Z] [INFO] ← GET /assets/index-5LxgwQRA.js 200 (32ms)
[2026-07-31T10:59:52.410Z] [INFO] → GET /api/history
[2026-07-31T10:59:52.411Z] [INFO] ← GET / 200 (1ms)
[2026-07-31T10:59:54.569Z] [INFO] → GET /api/history/fe1ad6f7-d0fa-4178-95da-3d5fbf75fdec
[2026-07-31T10:59:54.571Z] [INFO] ← GET /fe1ad6f7-d0fa-4178-95da-3d5fbf75fdec 200 (1ms)
[2026-07-31T10:59:59.441Z] [INFO] → GET /api/rag/docs
[2026-07-31T10:59:59.442Z] [INFO] ← GET /docs 304 (2ms)
[2026-07-31T11:00:02.381Z] [INFO] → GET /api/analytics/advanced
[2026-07-31T11:00:02.386Z] [INFO] ← GET / 200 (4ms)
[2026-07-31T11:00:02.387Z] [INFO] → GET /api/analytics/advanced/profile
[2026-07-31T11:00:02.391Z] [INFO] ← GET /profile 304 (3ms)
[2026-07-31T11:00:02.392Z] [INFO] → GET /api/analytics/advanced/recommendations
[2026-07-31T11:00:02.394Z] [INFO] ← GET /recommendations 304 (2ms)
[2026-07-31T11:00:03.632Z] [INFO] → GET /api/rag/docs
[2026-07-31T11:00:03.633Z] [INFO] ← GET /docs 304 (1ms)
[2026-07-31T11:00:03.636Z] [INFO] → GET /api/history
[2026-07-31T11:00:03.638Z] [INFO] ← GET / 200 (3ms)
[2026-07-31T11:00:06.328Z] [INFO] → GET /api/rag/docs
[2026-07-31T11:00:06.330Z] [INFO] ← GET /docs 304 (2ms)
[2026-07-31T11:00:07.672Z] [INFO] → GET /api/history
[2026-07-31T11:00:07.673Z] [INFO] ← GET / 304 (2ms)
[2026-07-31T11:00:09.267Z] [INFO] → GET /api/analytics/advanced
[2026-07-31T11:00:09.271Z] [INFO] ← GET / 304 (4ms)
[2026-07-31T11:00:09.272Z] [INFO] → GET /api/analytics/advanced/profile
[2026-07-31T11:00:09.275Z] [INFO] ← GET /profile 304 (4ms)
[2026-07-31T11:00:09.277Z] [INFO] → GET /api/analytics/advanced/recommendations
[2026-07-31T11:00:09.279Z] [INFO] ← GET /recommendations 304 (3ms)
[2026-07-31T11:00:09.675Z] [INFO] → GET /api/rag/docs
[2026-07-31T11:00:09.676Z] [INFO] ← GET /docs 304 (1ms)
[2026-07-31T11:00:09.678Z] [INFO] → GET /api/history
[2026-07-31T11:00:09.680Z] [INFO] ← GET / 304 (2ms)
[2026-07-31T11:00:13.757Z] [INFO] → GET /api/rag/docs
[2026-07-31T11:00:13.759Z] [INFO] ← GET /docs 304 (2ms)
[2026-07-31T11:00:17.744Z] [INFO] → POST /api/history/draft
[2026-07-31T11:00:17.748Z] [INFO] ← POST /draft 200 (5ms)
[2026-07-31T11:00:17.764Z] [INFO] → GET /api/history/92e8f21c-56a7-4c95-ad45-4fb562f8e189
[2026-07-31T11:00:17.765Z] [INFO] ← GET /92e8f21c-56a7-4c95-ad45-4fb562f8e189 200 (1ms)
[2026-07-31T11:00:17.772Z] [INFO] → POST /api/study/plan
[2026-07-31T11:00:18.590Z] [WARN] Provider "Groq" key "dark" + model "llama-3.3-70b-versatile" rate-limit → trying next model
[2026-07-31T11:00:18.624Z] [WARN] Provider "Groq" key "veng" + model "llama-3.3-70b-versatile" rate-limit → trying next model
[2026-07-31T11:00:19.772Z] [INFO] → GET /api/history/92e8f21c-56a7-4c95-ad45-4fb562f8e189
[2026-07-31T11:00:19.773Z] [INFO] ← GET /92e8f21c-56a7-4c95-ad45-4fb562f8e189 304 (0ms)
[2026-07-31T11:00:21.779Z] [INFO] → GET /api/history/92e8f21c-56a7-4c95-ad45-4fb562f8e189
[2026-07-31T11:00:21.780Z] [INFO] ← GET /92e8f21c-56a7-4c95-ad45-4fb562f8e189 304 (1ms)
[2026-07-31T11:00:23.484Z] [INFO] ← POST /plan 200 (5713ms)
[2026-07-31T11:00:23.488Z] [INFO] → PATCH /api/history/92e8f21c-56a7-4c95-ad45-4fb562f8e189
[2026-07-31T11:00:23.490Z] [INFO] ← PATCH /92e8f21c-56a7-4c95-ad45-4fb562f8e189 200 (2ms)
[2026-07-31T11:00:23.493Z] [INFO] → GET /api/history/92e8f21c-56a7-4c95-ad45-4fb562f8e189
[2026-07-31T11:00:23.493Z] [INFO] ← GET /92e8f21c-56a7-4c95-ad45-4fb562f8e189 200 (1ms)
[2026-07-31T11:00:23.498Z] [INFO] → GET /api/rag/docs
[2026-07-31T11:00:23.499Z] [INFO] ← GET /docs 304 (0ms)
[2026-07-31T11:00:27.044Z] [INFO] → PATCH /api/history/92e8f21c-56a7-4c95-ad45-4fb562f8e189
[2026-07-31T11:00:27.048Z] [INFO] ← PATCH /92e8f21c-56a7-4c95-ad45-4fb562f8e189 200 (4ms)
[2026-07-31T11:00:27.050Z] [INFO] → GET /api/history/92e8f21c-56a7-4c95-ad45-4fb562f8e189
[2026-07-31T11:00:27.052Z] [INFO] ← GET /92e8f21c-56a7-4c95-ad45-4fb562f8e189 200 (2ms)
[2026-07-31T11:00:27.055Z] [INFO] → POST /api/study/slides
[2026-07-31T11:00:27.496Z] [WARN] Provider "Groq" key "veng" + model "llama-3.3-70b-versatile" rate-limit → trying next model
[2026-07-31T11:00:29.061Z] [INFO] → GET /api/history/92e8f21c-56a7-4c95-ad45-4fb562f8e189
[2026-07-31T11:00:29.062Z] [INFO] ← GET /92e8f21c-56a7-4c95-ad45-4fb562f8e189 304 (0ms)
[2026-07-31T11:00:31.067Z] [INFO] → GET /api/history/92e8f21c-56a7-4c95-ad45-4fb562f8e189
[2026-07-31T11:00:31.068Z] [INFO] ← GET /92e8f21c-56a7-4c95-ad45-4fb562f8e189 304 (1ms)
[2026-07-31T11:00:33.074Z] [INFO] → GET /api/history/92e8f21c-56a7-4c95-ad45-4fb562f8e189
[2026-07-31T11:00:33.075Z] [INFO] ← GET /92e8f21c-56a7-4c95-ad45-4fb562f8e189 304 (1ms)
[2026-07-31T11:00:35.081Z] [INFO] → GET /api/history/92e8f21c-56a7-4c95-ad45-4fb562f8e189
[2026-07-31T11:00:35.082Z] [INFO] ← GET /92e8f21c-56a7-4c95-ad45-4fb562f8e189 304 (1ms)
[2026-07-31T11:00:35.799Z] [WARN] Provider "Groq" key "dark" + model "llama-3.3-70b-versatile" rate-limit → trying next model
[2026-07-31T11:00:37.088Z] [INFO] → GET /api/history/92e8f21c-56a7-4c95-ad45-4fb562f8e189
[2026-07-31T11:00:37.088Z] [INFO] ← GET /92e8f21c-56a7-4c95-ad45-4fb562f8e189 304 (1ms)
[2026-07-31T11:00:39.095Z] [INFO] → GET /api/history/92e8f21c-56a7-4c95-ad45-4fb562f8e189
[2026-07-31T11:00:39.096Z] [INFO] ← GET /92e8f21c-56a7-4c95-ad45-4fb562f8e189 304 (1ms)
[2026-07-31T11:00:41.102Z] [INFO] → GET /api/history/92e8f21c-56a7-4c95-ad45-4fb562f8e189
[2026-07-31T11:00:41.103Z] [INFO] ← GET /92e8f21c-56a7-4c95-ad45-4fb562f8e189 304 (1ms)
[2026-07-31T11:00:43.109Z] [INFO] → GET /api/history/92e8f21c-56a7-4c95-ad45-4fb562f8e189
[2026-07-31T11:00:43.109Z] [INFO] ← GET /92e8f21c-56a7-4c95-ad45-4fb562f8e189 304 (1ms)
[2026-07-31T11:00:45.116Z] [INFO] → GET /api/history/92e8f21c-56a7-4c95-ad45-4fb562f8e189
[2026-07-31T11:00:45.116Z] [INFO] ← GET /92e8f21c-56a7-4c95-ad45-4fb562f8e189 304 (1ms)
[2026-07-31T11:00:47.123Z] [INFO] → GET /api/history/92e8f21c-56a7-4c95-ad45-4fb562f8e189
[2026-07-31T11:00:47.124Z] [INFO] ← GET /92e8f21c-56a7-4c95-ad45-4fb562f8e189 304 (1ms)
[2026-07-31T11:00:49.130Z] [INFO] → GET /api/history/92e8f21c-56a7-4c95-ad45-4fb562f8e189
[2026-07-31T11:00:49.131Z] [INFO] ← GET /92e8f21c-56a7-4c95-ad45-4fb562f8e189 304 (1ms)
[2026-07-31T11:00:53.080Z] [INFO] → GET /api/providers
[2026-07-31T11:00:53.083Z] [INFO] ← GET / 304 (3ms)
[2026-07-31T11:00:53.084Z] [INFO] → GET /api/projects
[2026-07-31T11:00:53.086Z] [INFO] ← GET / 304 (2ms)
[2026-07-31T11:00:55.018Z] [ACTION] [ACTION] generation.complete | {"draftId":"92e8f21c-56a7-4c95-ad45-4fb562f8e189","type":"slides","subType":"presentation","scope":"studio"}
[2026-07-31T11:00:55.018Z] [INFO] ← POST /slides 200 (27963ms)
[2026-07-31T11:00:55.022Z] [INFO] → PATCH /api/history/92e8f21c-56a7-4c95-ad45-4fb562f8e189
[2026-07-31T11:00:55.024Z] [INFO] ← PATCH /92e8f21c-56a7-4c95-ad45-4fb562f8e189 200 (2ms)
[2026-07-31T11:00:55.027Z] [INFO] → GET /api/history/92e8f21c-56a7-4c95-ad45-4fb562f8e189
[2026-07-31T11:00:55.028Z] [INFO] ← GET /92e8f21c-56a7-4c95-ad45-4fb562f8e189 200 (2ms)
[2026-07-31T11:00:55.029Z] [INFO] → POST /api/study/slides
[2026-07-31T11:00:55.552Z] [WARN] Provider "Groq" key "dark" + model "llama-3.3-70b-versatile" rate-limit → trying next model
[2026-07-31T11:01:55.879Z] [WARN] Provider "Groq" key "veng" + model "llama-3.3-70b-versatile" rate-limit → trying next model
[2026-07-31T11:01:59.787Z] [ACTION] [ACTION] generation.complete | {"draftId":"92e8f21c-56a7-4c95-ad45-4fb562f8e189","type":"slides","subType":"presentation","scope":"studio"}
[2026-07-31T11:01:59.788Z] [INFO] ← POST /slides 200 (64760ms)
[2026-07-31T11:01:59.792Z] [INFO] → PATCH /api/history/92e8f21c-56a7-4c95-ad45-4fb562f8e189
[2026-07-31T11:01:59.795Z] [INFO] ← PATCH /92e8f21c-56a7-4c95-ad45-4fb562f8e189 200 (2ms)
[2026-07-31T11:01:59.798Z] [INFO] → GET /api/history/92e8f21c-56a7-4c95-ad45-4fb562f8e189
[2026-07-31T11:01:59.799Z] [INFO] ← GET /92e8f21c-56a7-4c95-ad45-4fb562f8e189 200 (0ms)
[2026-07-31T11:02:12.541Z] [INFO] → GET /api/rag/docs
[2026-07-31T11:02:12.543Z] [INFO] ← GET /docs 304 (1ms)
[2026-07-31T11:02:12.545Z] [INFO] → GET /api/history
[2026-07-31T11:02:12.548Z] [INFO] ← GET / 304 (3ms)
[2026-07-31T11:02:15.520Z] [INFO] → GET /api/history/62bf6266-7647-43df-b566-c217b057d13a
[2026-07-31T11:02:15.521Z] [INFO] ← GET /62bf6266-7647-43df-b566-c217b057d13a 304 (2ms)
[2026-07-31T11:02:16.885Z] [INFO] → GET /api/rag/docs
[2026-07-31T11:02:16.886Z] [INFO] ← GET /docs 304 (1ms)
[2026-07-31T11:02:16.889Z] [INFO] → GET /api/history
[2026-07-31T11:02:16.892Z] [INFO] ← GET / 304 (3ms)
[2026-07-31T11:02:18.300Z] [INFO] → GET /api/rag/docs
[2026-07-31T11:02:18.302Z] [INFO] ← GET /docs 304 (1ms)
[2026-07-31T11:02:24.954Z] [INFO] → POST /api/history/draft
[2026-07-31T11:02:24.958Z] [INFO] ← POST /draft 200 (4ms)
[2026-07-31T11:02:24.974Z] [INFO] → GET /api/history/53b57877-ed92-4aed-9671-33f6e041ad4e
[2026-07-31T11:02:24.975Z] [INFO] ← GET /53b57877-ed92-4aed-9671-33f6e041ad4e 200 (2ms)
[2026-07-31T11:02:24.980Z] [INFO] → POST /api/study/plan
[2026-07-31T11:02:25.343Z] [WARN] Provider "Groq" key "veng" + model "llama-3.3-70b-versatile" rate-limit → trying next model
[2026-07-31T11:02:25.357Z] [WARN] Provider "Groq" key "dark" + model "llama-3.3-70b-versatile" rate-limit → trying next model
[2026-07-31T11:02:25.391Z] [WARN] Provider "Groq" key "veng" + model "qwen/qwen3.6-27b" rate-limit → trying next model
[2026-07-31T11:02:26.981Z] [INFO] → GET /api/history/53b57877-ed92-4aed-9671-33f6e041ad4e
[2026-07-31T11:02:26.982Z] [INFO] ← GET /53b57877-ed92-4aed-9671-33f6e041ad4e 304 (1ms)
[2026-07-31T11:02:28.637Z] [INFO] ← POST /plan 200 (3656ms)
[2026-07-31T11:02:28.642Z] [INFO] → PATCH /api/history/53b57877-ed92-4aed-9671-33f6e041ad4e
[2026-07-31T11:02:28.644Z] [INFO] ← PATCH /53b57877-ed92-4aed-9671-33f6e041ad4e 200 (2ms)
[2026-07-31T11:02:28.648Z] [INFO] → GET /api/history/53b57877-ed92-4aed-9671-33f6e041ad4e
[2026-07-31T11:02:28.649Z] [INFO] ← GET /53b57877-ed92-4aed-9671-33f6e041ad4e 200 (1ms)
[2026-07-31T11:02:28.658Z] [INFO] → GET /api/rag/docs
[2026-07-31T11:02:28.658Z] [INFO] ← GET /docs 304 (1ms)
[2026-07-31T11:02:33.166Z] [INFO] → PATCH /api/history/53b57877-ed92-4aed-9671-33f6e041ad4e
[2026-07-31T11:02:33.171Z] [INFO] ← PATCH /53b57877-ed92-4aed-9671-33f6e041ad4e 200 (4ms)
[2026-07-31T11:02:33.176Z] [INFO] → GET /api/history/53b57877-ed92-4aed-9671-33f6e041ad4e
[2026-07-31T11:02:33.178Z] [INFO] ← GET /53b57877-ed92-4aed-9671-33f6e041ad4e 200 (1ms)
[2026-07-31T11:02:33.185Z] [INFO] → POST /api/study/flashcards
[2026-07-31T11:02:33.579Z] [WARN] Provider "Groq" key "dark" + model "llama-3.3-70b-versatile" rate-limit → trying next model
[2026-07-31T11:02:35.462Z] [INFO] → GET /api/history/53b57877-ed92-4aed-9671-33f6e041ad4e
[2026-07-31T11:02:35.464Z] [INFO] ← GET /53b57877-ed92-4aed-9671-33f6e041ad4e 304 (2ms)
[2026-07-31T11:02:45.473Z] [INFO] → GET /api/history/53b57877-ed92-4aed-9671-33f6e041ad4e
[2026-07-31T11:02:45.474Z] [INFO] ← GET /53b57877-ed92-4aed-9671-33f6e041ad4e 304 (0ms)
[2026-07-31T11:03:05.711Z] [INFO] → GET /api/history/53b57877-ed92-4aed-9671-33f6e041ad4e
[2026-07-31T11:03:05.712Z] [INFO] ← GET /53b57877-ed92-4aed-9671-33f6e041ad4e 304 (2ms)
[2026-07-31T11:03:07.722Z] [INFO] → GET /api/history/53b57877-ed92-4aed-9671-33f6e041ad4e
[2026-07-31T11:03:07.722Z] [INFO] ← GET /53b57877-ed92-4aed-9671-33f6e041ad4e 304 (1ms)
[2026-07-31T11:03:09.728Z] [INFO] → GET /api/history/53b57877-ed92-4aed-9671-33f6e041ad4e
[2026-07-31T11:03:09.729Z] [INFO] ← GET /53b57877-ed92-4aed-9671-33f6e041ad4e 304 (0ms)
[2026-07-31T11:03:11.735Z] [INFO] → GET /api/history/53b57877-ed92-4aed-9671-33f6e041ad4e
[2026-07-31T11:03:11.736Z] [INFO] ← GET /53b57877-ed92-4aed-9671-33f6e041ad4e 304 (0ms)
[2026-07-31T11:03:12.908Z] [WARN] Provider "Groq" key "veng" + model "llama-3.3-70b-versatile" rate-limit → trying next model
[2026-07-31T11:03:12.960Z] [WARN] Provider "Groq" key "veng" + model "qwen/qwen3.6-27b" rate-limit → trying next model
[2026-07-31T11:03:13.742Z] [INFO] → GET /api/history/53b57877-ed92-4aed-9671-33f6e041ad4e
[2026-07-31T11:03:13.743Z] [INFO] ← GET /53b57877-ed92-4aed-9671-33f6e041ad4e 304 (1ms)
[2026-07-31T11:03:18.969Z] [ACTION] [ACTION] generation.complete | {"draftId":"53b57877-ed92-4aed-9671-33f6e041ad4e","type":"flashcards","subType":"general","scope":"studio"}
[2026-07-31T11:03:18.971Z] [INFO] ← POST /flashcards 200 (45786ms)
[2026-07-31T11:03:18.976Z] [INFO] → PATCH /api/history/53b57877-ed92-4aed-9671-33f6e041ad4e
[2026-07-31T11:03:18.978Z] [INFO] ← PATCH /53b57877-ed92-4aed-9671-33f6e041ad4e 200 (2ms)
[2026-07-31T11:03:18.983Z] [INFO] → GET /api/history/53b57877-ed92-4aed-9671-33f6e041ad4e
[2026-07-31T11:03:18.984Z] [INFO] ← GET /53b57877-ed92-4aed-9671-33f6e041ad4e 200 (1ms)
[2026-07-31T11:03:18.985Z] [INFO] → POST /api/study/flashcards
[2026-07-31T11:03:19.494Z] [WARN] Provider "Groq" key "veng" + model "llama-3.3-70b-versatile" rate-limit → trying next model
[2026-07-31T11:03:19.547Z] [WARN] Provider "Groq" key "veng" + model "qwen/qwen3.6-27b" rate-limit → trying next model
[2026-07-31T11:03:57.875Z] [INFO] → POST /api/progress/activity
[2026-07-31T11:03:57.885Z] [INFO] ← POST /activity 200 (9ms)
[2026-07-31T11:04:02.497Z] [INFO] → POST /api/progress/activity
[2026-07-31T11:04:02.504Z] [INFO] ← POST /activity 200 (7ms)
[2026-07-31T11:04:06.178Z] [INFO] → POST /api/progress/activity
[2026-07-31T11:04:06.184Z] [INFO] ← POST /activity 200 (6ms)
[2026-07-31T11:04:10.549Z] [INFO] → GET /api/rag/docs
[2026-07-31T11:04:10.551Z] [INFO] ← GET /docs 304 (1ms)
[2026-07-31T11:04:18.136Z] [ACTION] [ACTION] generation.complete | {"draftId":"53b57877-ed92-4aed-9671-33f6e041ad4e","type":"flashcards","subType":"general","scope":"studio"}
[2026-07-31T11:04:18.137Z] [INFO] ← POST /flashcards 200 (59151ms)
[2026-07-31T11:04:18.143Z] [INFO] → PATCH /api/history/53b57877-ed92-4aed-9671-33f6e041ad4e
[2026-07-31T11:04:18.146Z] [INFO] ← PATCH /53b57877-ed92-4aed-9671-33f6e041ad4e 200 (4ms)
[2026-07-31T11:04:20.456Z] [INFO] → POST /api/history/draft
[2026-07-31T11:04:20.462Z] [INFO] ← POST /draft 200 (5ms)
[2026-07-31T11:04:20.476Z] [INFO] → GET /api/history/f8c6f3f1-e698-4d4c-830d-e5a85623561f
[2026-07-31T11:04:20.477Z] [INFO] ← GET /f8c6f3f1-e698-4d4c-830d-e5a85623561f 200 (1ms)
[2026-07-31T11:04:20.484Z] [INFO] → POST /api/study/plan
[2026-07-31T11:04:20.816Z] [WARN] Provider "Groq" key "veng" + model "llama-3.3-70b-versatile" rate-limit → trying next model
[2026-07-31T11:04:20.829Z] [WARN] Provider "Groq" key "dark" + model "llama-3.3-70b-versatile" rate-limit → trying next model
[2026-07-31T11:04:20.865Z] [WARN] Provider "Groq" key "veng" + model "qwen/qwen3.6-27b" rate-limit → trying next model
[2026-07-31T11:04:32.550Z] [INFO] → GET /api/history/f8c6f3f1-e698-4d4c-830d-e5a85623561f
[2026-07-31T11:04:32.552Z] [INFO] ← GET /f8c6f3f1-e698-4d4c-830d-e5a85623561f 304 (1ms)
[2026-07-31T11:04:40.568Z] [INFO] → GET /api/history/f8c6f3f1-e698-4d4c-830d-e5a85623561f
[2026-07-31T11:04:40.569Z] [INFO] ← GET /f8c6f3f1-e698-4d4c-830d-e5a85623561f 304 (1ms)
[2026-07-31T11:04:42.575Z] [INFO] → GET /api/history/f8c6f3f1-e698-4d4c-830d-e5a85623561f
[2026-07-31T11:04:42.576Z] [INFO] ← GET /f8c6f3f1-e698-4d4c-830d-e5a85623561f 304 (1ms)
[2026-07-31T11:04:44.582Z] [INFO] → GET /api/history/f8c6f3f1-e698-4d4c-830d-e5a85623561f
[2026-07-31T11:04:44.583Z] [INFO] ← GET /f8c6f3f1-e698-4d4c-830d-e5a85623561f 304 (0ms)
[2026-07-31T11:04:46.589Z] [INFO] → GET /api/history/f8c6f3f1-e698-4d4c-830d-e5a85623561f
[2026-07-31T11:04:46.590Z] [INFO] ← GET /f8c6f3f1-e698-4d4c-830d-e5a85623561f 304 (1ms)
[2026-07-31T11:04:50.454Z] [INFO] ← POST /plan 200 (29971ms)
[2026-07-31T11:04:50.464Z] [INFO] → PATCH /api/history/f8c6f3f1-e698-4d4c-830d-e5a85623561f
[2026-07-31T11:04:50.467Z] [INFO] ← PATCH /f8c6f3f1-e698-4d4c-830d-e5a85623561f 200 (4ms)
[2026-07-31T11:04:50.474Z] [INFO] → GET /api/history/f8c6f3f1-e698-4d4c-830d-e5a85623561f
[2026-07-31T11:04:50.475Z] [INFO] ← GET /f8c6f3f1-e698-4d4c-830d-e5a85623561f 200 (1ms)
[2026-07-31T11:04:50.488Z] [INFO] → GET /api/rag/docs
[2026-07-31T11:04:50.489Z] [INFO] ← GET /docs 304 (1ms)
[2026-07-31T11:05:08.815Z] [INFO] → PATCH /api/history/f8c6f3f1-e698-4d4c-830d-e5a85623561f
[2026-07-31T11:05:08.819Z] [INFO] ← PATCH /f8c6f3f1-e698-4d4c-830d-e5a85623561f 200 (4ms)
[2026-07-31T11:05:08.824Z] [INFO] → GET /api/history/f8c6f3f1-e698-4d4c-830d-e5a85623561f
[2026-07-31T11:05:08.826Z] [INFO] ← GET /f8c6f3f1-e698-4d4c-830d-e5a85623561f 200 (1ms)
[2026-07-31T11:05:08.833Z] [INFO] → POST /api/study/mindmap
[2026-07-31T11:05:09.192Z] [WARN] Provider "Groq" key "dark" + model "llama-3.3-70b-versatile" rate-limit → trying next model
[2026-07-31T11:05:10.833Z] [INFO] → GET /api/history/f8c6f3f1-e698-4d4c-830d-e5a85623561f
[2026-07-31T11:05:10.835Z] [INFO] ← GET /f8c6f3f1-e698-4d4c-830d-e5a85623561f 304 (1ms)
[2026-07-31T11:05:17.144Z] [ACTION] [ACTION] generation.complete | {"draftId":"f8c6f3f1-e698-4d4c-830d-e5a85623561f","type":"mindmap","scope":"studio"}
[2026-07-31T11:05:17.144Z] [INFO] ← POST /mindmap 200 (8312ms)
[2026-07-31T11:05:17.150Z] [INFO] → PATCH /api/history/f8c6f3f1-e698-4d4c-830d-e5a85623561f
[2026-07-31T11:05:17.152Z] [INFO] ← PATCH /f8c6f3f1-e698-4d4c-830d-e5a85623561f 200 (2ms)
[2026-07-31T11:05:17.158Z] [INFO] → GET /api/history/f8c6f3f1-e698-4d4c-830d-e5a85623561f
[2026-07-31T11:05:17.159Z] [INFO] ← GET /f8c6f3f1-e698-4d4c-830d-e5a85623561f 200 (0ms)
[2026-07-31T11:05:17.159Z] [INFO] → POST /api/study/mindmap
[2026-07-31T11:05:17.772Z] [WARN] Provider "Groq" key "dark" + model "llama-3.3-70b-versatile" rate-limit → trying next model
[2026-07-31T11:05:44.282Z] [INFO] → GET /api/rag/docs
[2026-07-31T11:05:44.284Z] [INFO] ← GET /docs 304 (1ms)
[2026-07-31T11:05:57.695Z] [INFO] → POST /api/history/draft
[2026-07-31T11:05:57.701Z] [INFO] ← POST /draft 200 (6ms)
[2026-07-31T11:05:57.717Z] [INFO] → GET /api/history/9e468b24-218a-4b6c-974f-316d389d523c
[2026-07-31T11:05:57.718Z] [INFO] ← GET /9e468b24-218a-4b6c-974f-316d389d523c 200 (1ms)
[2026-07-31T11:05:57.723Z] [INFO] → POST /api/study/plan
[2026-07-31T11:05:57.870Z] [WARN] Provider "Groq" key "veng" + model "llama-3.3-70b-versatile" rate-limit → trying next model
[2026-07-31T11:05:58.913Z] [ACTION] [ACTION] generation.complete | {"draftId":"f8c6f3f1-e698-4d4c-830d-e5a85623561f","type":"mindmap","scope":"studio"}
[2026-07-31T11:05:58.915Z] [INFO] ← POST /mindmap 200 (41755ms)
[2026-07-31T11:05:58.921Z] [INFO] → PATCH /api/history/f8c6f3f1-e698-4d4c-830d-e5a85623561f
[2026-07-31T11:05:58.923Z] [INFO] ← PATCH /f8c6f3f1-e698-4d4c-830d-e5a85623561f 200 (2ms)
[2026-07-31T11:05:58.981Z] [WARN] Provider "Groq" key "dark" + model "llama-3.3-70b-versatile" rate-limit → trying next model
[2026-07-31T11:05:58.984Z] [WARN] Provider "Groq" key "veng" + model "llama-3.3-70b-versatile" rate-limit → trying next model
[2026-07-31T11:05:59.028Z] [WARN] Provider "Groq" key "veng" + model "qwen/qwen3.6-27b" rate-limit → trying next model
[2026-07-31T11:06:09.733Z] [INFO] → GET /api/history/9e468b24-218a-4b6c-974f-316d389d523c
[2026-07-31T11:06:09.734Z] [INFO] ← GET /9e468b24-218a-4b6c-974f-316d389d523c 304 (1ms)
[2026-07-31T11:06:17.424Z] [INFO] → GET /api/rag/docs
[2026-07-31T11:06:17.425Z] [INFO] ← GET /docs 304 (2ms)
[2026-07-31T11:06:17.428Z] [INFO] → GET /api/history
[2026-07-31T11:06:17.431Z] [INFO] ← GET / 304 (3ms)
[2026-07-31T11:06:18.807Z] [INFO] → GET /api/rag/docs
[2026-07-31T11:06:18.808Z] [INFO] ← GET /docs 304 (1ms)
[2026-07-31T11:06:20.610Z] [INFO] → GET /api/rag/docs
[2026-07-31T11:06:20.611Z] [INFO] ← GET /docs 304 (2ms)
[2026-07-31T11:06:23.641Z] [INFO] → GET /api/rag/docs
[2026-07-31T11:06:23.642Z] [INFO] ← GET /docs 304 (1ms)
[2026-07-31T11:06:29.747Z] [INFO] → GET /api/history/9e468b24-218a-4b6c-974f-316d389d523c
[2026-07-31T11:06:29.748Z] [INFO] ← GET /9e468b24-218a-4b6c-974f-316d389d523c 304 (1ms)
[2026-07-31T11:06:31.760Z] [INFO] → GET /api/history/9e468b24-218a-4b6c-974f-316d389d523c
[2026-07-31T11:06:31.760Z] [INFO] ← GET /9e468b24-218a-4b6c-974f-316d389d523c 304 (1ms)
[2026-07-31T11:06:33.198Z] [WARN] [Blueprint] planning failed for studyplan — using default structure: Unexpected token 's', ..."pproach": string,
  "... is not valid JSON
[2026-07-31T11:06:33.199Z] [INFO] ← POST /plan 200 (35476ms)
[2026-07-31T11:06:33.204Z] [INFO] → PATCH /api/history/9e468b24-218a-4b6c-974f-316d389d523c
[2026-07-31T11:06:33.206Z] [INFO] ← PATCH /9e468b24-218a-4b6c-974f-316d389d523c 200 (2ms)
[2026-07-31T11:06:33.210Z] [INFO] → GET /api/history/9e468b24-218a-4b6c-974f-316d389d523c
[2026-07-31T11:06:33.211Z] [INFO] ← GET /9e468b24-218a-4b6c-974f-316d389d523c 200 (1ms)
[2026-07-31T11:06:33.216Z] [INFO] → POST /api/study/studyplan
[2026-07-31T11:06:34.273Z] [WARN] Provider "Groq" key "veng" + model "llama-3.3-70b-versatile" rate-limit → trying next model
[2026-07-31T11:06:34.633Z] [WARN] Provider "Groq" key "veng" + model "qwen/qwen3.6-27b" rate-limit → trying next model
[2026-07-31T11:06:35.218Z] [INFO] → GET /api/history/9e468b24-218a-4b6c-974f-316d389d523c
[2026-07-31T11:06:35.219Z] [INFO] ← GET /9e468b24-218a-4b6c-974f-316d389d523c 304 (1ms)
[2026-07-31T11:06:37.225Z] [INFO] → GET /api/history/9e468b24-218a-4b6c-974f-316d389d523c
[2026-07-31T11:06:37.226Z] [INFO] ← GET /9e468b24-218a-4b6c-974f-316d389d523c 304 (1ms)
[2026-07-31T11:06:39.051Z] [ACTION] [ACTION] generation.complete | {"draftId":"9e468b24-218a-4b6c-974f-316d389d523c","type":"studyplan","scope":"studio"}
[2026-07-31T11:06:39.052Z] [INFO] ← POST /studyplan 200 (5836ms)
[2026-07-31T11:06:39.058Z] [INFO] → PATCH /api/history/9e468b24-218a-4b6c-974f-316d389d523c
[2026-07-31T11:06:39.061Z] [INFO] ← PATCH /9e468b24-218a-4b6c-974f-316d389d523c 200 (4ms)
[2026-07-31T11:06:39.067Z] [INFO] → GET /api/history/9e468b24-218a-4b6c-974f-316d389d523c
[2026-07-31T11:06:39.068Z] [INFO] ← GET /9e468b24-218a-4b6c-974f-316d389d523c 200 (1ms)
[2026-07-31T11:06:39.069Z] [INFO] → POST /api/study/studyplan
[2026-07-31T11:06:39.495Z] [WARN] Provider "Groq" key "dark" + model "llama-3.3-70b-versatile" rate-limit → trying next model
[2026-07-31T11:06:41.252Z] [WARN] Provider "Groq" key "veng" + model "llama-3.3-70b-versatile" rate-limit → trying next model
[2026-07-31T11:06:41.615Z] [WARN] Provider "Groq" key "veng" + model "qwen/qwen3.6-27b" rate-limit → trying next model
[2026-07-31T11:06:46.462Z] [ACTION] [ACTION] generation.complete | {"draftId":"9e468b24-218a-4b6c-974f-316d389d523c","type":"studyplan","scope":"studio"}
[2026-07-31T11:06:46.463Z] [INFO] ← POST /studyplan 200 (7395ms)
[2026-07-31T11:06:46.468Z] [INFO] → PATCH /api/history/9e468b24-218a-4b6c-974f-316d389d523c
[2026-07-31T11:06:46.470Z] [INFO] ← PATCH /9e468b24-218a-4b6c-974f-316d389d523c 200 (2ms)
[2026-07-31T11:06:46.475Z] [INFO] → GET /api/history/9e468b24-218a-4b6c-974f-316d389d523c
[2026-07-31T11:06:46.476Z] [INFO] ← GET /9e468b24-218a-4b6c-974f-316d389d523c 200 (1ms)
[2026-07-31T11:06:52.883Z] [INFO] → GET /api/rag/docs
[2026-07-31T11:06:52.884Z] [INFO] ← GET /docs 304 (1ms)
[2026-07-31T11:07:00.458Z] [INFO] → POST /api/history/draft
[2026-07-31T11:07:00.463Z] [INFO] ← POST /draft 200 (6ms)
[2026-07-31T11:07:00.481Z] [INFO] → GET /api/history/2e6e8ae2-7b82-44ec-affc-2a05e9761275
[2026-07-31T11:07:00.482Z] [INFO] ← GET /2e6e8ae2-7b82-44ec-affc-2a05e9761275 200 (1ms)
[2026-07-31T11:07:00.489Z] [INFO] → POST /api/study/plan
[2026-07-31T11:07:00.949Z] [WARN] Provider "Groq" key "dark" + model "llama-3.3-70b-versatile" rate-limit → trying next model
[2026-07-31T11:07:02.489Z] [INFO] → GET /api/history/2e6e8ae2-7b82-44ec-affc-2a05e9761275
[2026-07-31T11:07:02.490Z] [INFO] ← GET /2e6e8ae2-7b82-44ec-affc-2a05e9761275 304 (1ms)
[2026-07-31T11:07:02.727Z] [WARN] Provider "Groq" key "veng" + model "llama-3.3-70b-versatile" rate-limit → trying next model
[2026-07-31T11:07:02.750Z] [WARN] Provider "Groq" key "dark" + model "llama-3.3-70b-versatile" rate-limit → trying next model
[2026-07-31T11:07:03.098Z] [WARN] Provider "Groq" key "veng" + model "qwen/qwen3.6-27b" rate-limit → trying next model
[2026-07-31T11:07:04.496Z] [INFO] → GET /api/history/2e6e8ae2-7b82-44ec-affc-2a05e9761275
[2026-07-31T11:07:04.496Z] [INFO] ← GET /2e6e8ae2-7b82-44ec-affc-2a05e9761275 304 (1ms)
[2026-07-31T11:07:06.515Z] [INFO] → GET /api/history/2e6e8ae2-7b82-44ec-affc-2a05e9761275
[2026-07-31T11:07:06.516Z] [INFO] ← GET /2e6e8ae2-7b82-44ec-affc-2a05e9761275 304 (1ms)
[2026-07-31T11:07:14.007Z] [INFO] ← POST /plan 200 (13519ms)
[2026-07-31T11:07:14.013Z] [INFO] → PATCH /api/history/2e6e8ae2-7b82-44ec-affc-2a05e9761275
[2026-07-31T11:07:14.015Z] [INFO] ← PATCH /2e6e8ae2-7b82-44ec-affc-2a05e9761275 200 (2ms)
[2026-07-31T11:07:14.021Z] [INFO] → GET /api/history/2e6e8ae2-7b82-44ec-affc-2a05e9761275
[2026-07-31T11:07:14.022Z] [INFO] ← GET /2e6e8ae2-7b82-44ec-affc-2a05e9761275 200 (1ms)
[2026-07-31T11:07:14.038Z] [INFO] → GET /api/rag/docs
[2026-07-31T11:07:14.039Z] [INFO] ← GET /docs 304 (0ms)
[2026-07-31T11:07:52.574Z] [INFO] → PATCH /api/history/2e6e8ae2-7b82-44ec-affc-2a05e9761275
[2026-07-31T11:07:52.577Z] [INFO] ← PATCH /2e6e8ae2-7b82-44ec-affc-2a05e9761275 200 (4ms)
[2026-07-31T11:07:52.582Z] [INFO] → GET /api/history/2e6e8ae2-7b82-44ec-affc-2a05e9761275
[2026-07-31T11:07:52.583Z] [INFO] ← GET /2e6e8ae2-7b82-44ec-affc-2a05e9761275 200 (1ms)
[2026-07-31T11:07:52.591Z] [INFO] → POST /api/study/quiz
[2026-07-31T11:07:53.046Z] [WARN] Provider "Groq" key "veng" + model "llama-3.3-70b-versatile" rate-limit → trying next model
[2026-07-31T11:07:54.871Z] [WARN] Provider "Groq" key "dark" + model "llama-3.3-70b-versatile" rate-limit → trying next model
[2026-07-31T11:07:55.234Z] [WARN] Provider "Groq" key "dark" + model "qwen/qwen3.6-27b" rate-limit → trying next model
[2026-07-31T11:07:59.898Z] [WARN] Provider "Groq" key "veng" + model "llama-3.3-70b-versatile" rate-limit → trying next model
[2026-07-31T11:08:00.252Z] [WARN] Provider "Groq" key "veng" + model "qwen/qwen3.6-27b" rate-limit → trying next model
[2026-07-31T11:08:06.437Z] [WARN] ← POST /quiz 500 (13847ms)
[2026-07-31T11:08:06.447Z] [INFO] → PATCH /api/history/2e6e8ae2-7b82-44ec-affc-2a05e9761275
[2026-07-31T11:08:06.450Z] [INFO] ← PATCH /2e6e8ae2-7b82-44ec-affc-2a05e9761275 200 (3ms)
[2026-07-31T11:08:06.457Z] [INFO] → POST /api/study/quiz
[2026-07-31T11:08:07.861Z] [WARN] Provider "Groq" key "veng" + model "llama-3.3-70b-versatile" rate-limit → trying next model
[2026-07-31T11:08:08.232Z] [WARN] Provider "Groq" key "veng" + model "qwen/qwen3.6-27b" rate-limit → trying next model
[2026-07-31T11:08:15.070Z] [ACTION] [ACTION] generation.complete | {"draftId":"2e6e8ae2-7b82-44ec-affc-2a05e9761275","type":"quiz","subType":"mixed-quiz","scope":"studio"}
[2026-07-31T11:08:15.071Z] [INFO] ← POST /quiz 200 (8615ms)
[2026-07-31T11:08:15.078Z] [INFO] → PATCH /api/history/2e6e8ae2-7b82-44ec-affc-2a05e9761275
[2026-07-31T11:08:15.082Z] [INFO] ← PATCH /2e6e8ae2-7b82-44ec-affc-2a05e9761275 200 (3ms)
[2026-07-31T11:08:15.089Z] [INFO] → GET /api/history/2e6e8ae2-7b82-44ec-affc-2a05e9761275
[2026-07-31T11:08:15.090Z] [INFO] ← GET /2e6e8ae2-7b82-44ec-affc-2a05e9761275 200 (1ms)
[2026-07-31T11:08:15.091Z] [INFO] → POST /api/study/quiz
[2026-07-31T11:08:16.135Z] [WARN] Provider "Groq" key "veng" + model "llama-3.3-70b-versatile" rate-limit → trying next model
[2026-07-31T11:08:16.496Z] [WARN] Provider "Groq" key "veng" + model "qwen/qwen3.6-27b" rate-limit → trying next model
[2026-07-31T11:08:50.787Z] [ACTION] [ACTION] generation.complete | {"draftId":"2e6e8ae2-7b82-44ec-affc-2a05e9761275","type":"quiz","subType":"mixed-quiz","scope":"studio"}
[2026-07-31T11:08:50.788Z] [INFO] ← POST /quiz 200 (35697ms)
[2026-07-31T11:08:50.795Z] [INFO] → PATCH /api/history/2e6e8ae2-7b82-44ec-affc-2a05e9761275
[2026-07-31T11:08:50.797Z] [INFO] ← PATCH /2e6e8ae2-7b82-44ec-affc-2a05e9761275 200 (3ms)
[2026-07-31T11:08:50.803Z] [INFO] → GET /api/history/2e6e8ae2-7b82-44ec-affc-2a05e9761275
[2026-07-31T11:08:50.803Z] [INFO] ← GET /2e6e8ae2-7b82-44ec-affc-2a05e9761275 200 (1ms)
[2026-07-31T11:11:54.940Z] [INFO] → GET /api/rag/docs
[2026-07-31T11:11:54.942Z] [INFO] ← GET /docs 304 (2ms)
[2026-07-31T11:12:03.674Z] [INFO] → GET /api/rag/docs
[2026-07-31T11:12:03.676Z] [INFO] ← GET /docs 304 (2ms)
[2026-07-31T11:12:03.680Z] [INFO] → GET /api/history
[2026-07-31T11:12:03.682Z] [INFO] ← GET / 304 (1ms)
[2026-07-31T11:12:20.190Z] [INFO] → GET /api/rag/docs
[2026-07-31T11:12:20.191Z] [INFO] ← GET /docs 304 (2ms)
[2026-07-31T11:12:20.199Z] [INFO] → GET /api/history
[2026-07-31T11:12:20.201Z] [INFO] ← GET / 304 (2ms)
[2026-07-31T11:13:05.892Z] [INFO] → GET /api/rag/docs
[2026-07-31T11:13:05.894Z] [INFO] ← GET /docs 304 (1ms)
[2026-07-31T11:13:25.073Z] [INFO] → POST /api/history/draft
[2026-07-31T11:13:25.076Z] [INFO] ← POST /draft 200 (4ms)
[2026-07-31T11:13:25.095Z] [INFO] → GET /api/history/9d186848-02b3-443d-b2c4-b312c075cef1
[2026-07-31T11:13:25.096Z] [INFO] ← GET /9d186848-02b3-443d-b2c4-b312c075cef1 200 (2ms)
[2026-07-31T11:13:25.105Z] [INFO] → POST /api/study/plan
[2026-07-31T11:13:25.596Z] [WARN] Provider "Groq" key "veng" + model "llama-3.3-70b-versatile" rate-limit → trying next model
[2026-07-31T11:13:25.614Z] [WARN] Provider "Groq" key "dark" + model "llama-3.3-70b-versatile" rate-limit → trying next model
[2026-07-31T11:13:25.642Z] [WARN] Provider "Groq" key "veng" + model "qwen/qwen3.6-27b" rate-limit → trying next model
[2026-07-31T11:13:25.658Z] [WARN] Provider "Groq" key "dark" + model "qwen/qwen3.6-27b" rate-limit → trying next model
[2026-07-31T11:13:27.105Z] [INFO] → GET /api/history/9d186848-02b3-443d-b2c4-b312c075cef1
[2026-07-31T11:13:27.106Z] [INFO] ← GET /9d186848-02b3-443d-b2c4-b312c075cef1 304 (2ms)
[2026-07-31T11:13:29.115Z] [INFO] → GET /api/history/9d186848-02b3-443d-b2c4-b312c075cef1
[2026-07-31T11:13:29.116Z] [INFO] ← GET /9d186848-02b3-443d-b2c4-b312c075cef1 304 (1ms)
[2026-07-31T11:13:29.606Z] [INFO] → GET /api/rag/docs
[2026-07-31T11:13:29.607Z] [INFO] ← GET /docs 304 (1ms)
[2026-07-31T11:13:29.933Z] [INFO] ← POST /plan 200 (4828ms)
[2026-07-31T11:13:29.938Z] [INFO] → PATCH /api/history/9d186848-02b3-443d-b2c4-b312c075cef1
[2026-07-31T11:13:29.940Z] [INFO] ← PATCH /9d186848-02b3-443d-b2c4-b312c075cef1 200 (3ms)
[2026-07-31T11:13:34.880Z] [INFO] → GET /api/history
[2026-07-31T11:13:34.882Z] [INFO] ← GET / 200 (3ms)
[2026-07-31T11:13:36.512Z] [INFO] → GET /api/history/9d186848-02b3-443d-b2c4-b312c075cef1
[2026-07-31T11:13:36.513Z] [INFO] ← GET /9d186848-02b3-443d-b2c4-b312c075cef1 200 (2ms)
[2026-07-31T11:13:36.517Z] [INFO] → POST /api/study/plan
[2026-07-31T11:13:36.602Z] [INFO] → GET /api/rag/docs
[2026-07-31T11:13:36.604Z] [INFO] ← GET /docs 304 (1ms)
[2026-07-31T11:13:37.046Z] [WARN] Provider "Groq" key "dark" + model "llama-3.3-70b-versatile" rate-limit → trying next model
[2026-07-31T11:13:37.060Z] [WARN] Provider "Groq" key "veng" + model "llama-3.3-70b-versatile" rate-limit → trying next model
[2026-07-31T11:13:37.099Z] [WARN] Provider "Groq" key "dark" + model "qwen/qwen3.6-27b" rate-limit → trying next model
[2026-07-31T11:13:37.105Z] [WARN] Provider "Groq" key "veng" + model "qwen/qwen3.6-27b" rate-limit → trying next model
[2026-07-31T11:13:40.299Z] [INFO] ← POST /plan 200 (3782ms)
[2026-07-31T11:13:40.305Z] [INFO] → PATCH /api/history/9d186848-02b3-443d-b2c4-b312c075cef1
[2026-07-31T11:13:40.307Z] [INFO] ← PATCH /9d186848-02b3-443d-b2c4-b312c075cef1 200 (3ms)
[2026-07-31T11:13:40.313Z] [INFO] → GET /api/history/9d186848-02b3-443d-b2c4-b312c075cef1
[2026-07-31T11:13:40.314Z] [INFO] ← GET /9d186848-02b3-443d-b2c4-b312c075cef1 200 (0ms)
[2026-07-31T11:13:42.351Z] [INFO] → PATCH /api/history/9d186848-02b3-443d-b2c4-b312c075cef1
[2026-07-31T11:13:42.356Z] [INFO] ← PATCH /9d186848-02b3-443d-b2c4-b312c075cef1 200 (4ms)
[2026-07-31T11:13:42.360Z] [INFO] → GET /api/history/9d186848-02b3-443d-b2c4-b312c075cef1
[2026-07-31T11:13:42.361Z] [INFO] ← GET /9d186848-02b3-443d-b2c4-b312c075cef1 200 (1ms)
[2026-07-31T11:13:42.368Z] [INFO] → POST /api/study/graph
[2026-07-31T11:13:42.492Z] [WARN] Provider "Groq" key "dark" + model "llama-3.3-70b-versatile" rate-limit → trying next model
[2026-07-31T11:13:43.677Z] [WARN] Provider "Groq" key "veng" + model "llama-3.3-70b-versatile" rate-limit → trying next model
[2026-07-31T11:13:44.368Z] [INFO] → GET /api/history/9d186848-02b3-443d-b2c4-b312c075cef1
[2026-07-31T11:13:44.369Z] [INFO] ← GET /9d186848-02b3-443d-b2c4-b312c075cef1 304 (1ms)
[2026-07-31T11:13:46.378Z] [INFO] → GET /api/history/9d186848-02b3-443d-b2c4-b312c075cef1
[2026-07-31T11:13:46.379Z] [INFO] ← GET /9d186848-02b3-443d-b2c4-b312c075cef1 304 (1ms)
[2026-07-31T11:13:46.442Z] [ACTION] [ACTION] generation.complete | {"draftId":"9d186848-02b3-443d-b2c4-b312c075cef1","type":"graph","scope":"studio"}
[2026-07-31T11:13:46.443Z] [INFO] ← POST /graph 200 (4075ms)
[2026-07-31T11:13:46.448Z] [INFO] → PATCH /api/history/9d186848-02b3-443d-b2c4-b312c075cef1
[2026-07-31T11:13:46.451Z] [INFO] ← PATCH /9d186848-02b3-443d-b2c4-b312c075cef1 200 (3ms)
[2026-07-31T11:13:46.456Z] [INFO] → GET /api/history/9d186848-02b3-443d-b2c4-b312c075cef1
[2026-07-31T11:13:46.456Z] [INFO] ← GET /9d186848-02b3-443d-b2c4-b312c075cef1 200 (1ms)
[2026-07-31T11:13:46.457Z] [INFO] → POST /api/study/graph
[2026-07-31T11:13:46.562Z] [WARN] Provider "Groq" key "dark" + model "llama-3.3-70b-versatile" rate-limit → trying next model
[2026-07-31T11:13:55.357Z] [INFO] → POST /api/study/graph
[2026-07-31T11:13:55.866Z] [WARN] Provider "Groq" key "dark" + model "llama-3.3-70b-versatile" rate-limit → trying next model
[2026-07-31T11:13:55.910Z] [WARN] Provider "Groq" key "dark" + model "qwen/qwen3.6-27b" rate-limit → trying next model
[2026-07-31T11:13:59.298Z] [ACTION] [ACTION] generation.create | {"historyId":"0ae19709-9133-4356-9a94-7ebb339804af","type":"graph","scope":"studio"}
[2026-07-31T11:13:59.300Z] [INFO] ← POST /graph 200 (3943ms)
[2026-07-31T11:13:59.305Z] [INFO] → POST /api/progress/activity
[2026-07-31T11:13:59.306Z] [WARN] ← POST /activity 400 (1ms)
[2026-07-31T11:14:18.085Z] [INFO] → POST /api/study/graph
[2026-07-31T11:14:18.227Z] [WARN] Provider "Groq" key "veng" + model "llama-3.3-70b-versatile" rate-limit → trying next model
[2026-07-31T11:14:18.576Z] [WARN] Provider "Groq" key "veng" + model "qwen/qwen3.6-27b" rate-limit → trying next model
[2026-07-31T11:14:19.542Z] [WARN] Provider "Groq" key "dark" + model "llama-3.3-70b-versatile" rate-limit → trying next model
[2026-07-31T11:14:19.580Z] [WARN] Provider "Groq" key "dark" + model "qwen/qwen3.6-27b" rate-limit → trying next model
[2026-07-31T11:14:21.862Z] [INFO] → GET /api/rag/docs
[2026-07-31T11:14:21.863Z] [INFO] ← GET /docs 304 (2ms)
[2026-07-31T11:14:22.629Z] [ACTION] [ACTION] generation.create | {"historyId":"5af16c02-37ec-4d01-a768-f743ab97f4ae","type":"graph","scope":"studio"}
[2026-07-31T11:14:22.630Z] [INFO] ← POST /graph 200 (4545ms)
[2026-07-31T11:14:22.636Z] [INFO] → POST /api/progress/activity
[2026-07-31T11:14:22.636Z] [WARN] ← POST /activity 400 (1ms)
[2026-07-31T11:14:25.638Z] [ACTION] [ACTION] generation.complete | {"draftId":"9d186848-02b3-443d-b2c4-b312c075cef1","type":"graph","scope":"studio"}
[2026-07-31T11:14:25.639Z] [INFO] ← POST /graph 200 (39181ms)
[2026-07-31T11:14:25.647Z] [INFO] → PATCH /api/history/9d186848-02b3-443d-b2c4-b312c075cef1
[2026-07-31T11:14:25.650Z] [INFO] ← PATCH /9d186848-02b3-443d-b2c4-b312c075cef1 200 (3ms)
[2026-07-31T11:14:29.111Z] [INFO] → POST /api/history/draft
[2026-07-31T11:14:29.115Z] [INFO] ← POST /draft 200 (4ms)
[2026-07-31T11:14:29.136Z] [INFO] → GET /api/history/95d5df8a-41da-44c4-a5cb-c50f4d77433d
[2026-07-31T11:14:29.138Z] [INFO] ← GET /95d5df8a-41da-44c4-a5cb-c50f4d77433d 200 (2ms)
[2026-07-31T11:14:29.146Z] [INFO] → POST /api/study/plan
[2026-07-31T11:14:29.258Z] [WARN] Provider "Groq" key "dark" + model "llama-3.3-70b-versatile" rate-limit → trying next model
[2026-07-31T11:14:29.604Z] [WARN] Provider "Groq" key "dark" + model "qwen/qwen3.6-27b" rate-limit → trying next model
[2026-07-31T11:14:30.498Z] [WARN] Provider "Groq" key "veng" + model "llama-3.3-70b-versatile" rate-limit → trying next model
[2026-07-31T11:14:30.531Z] [WARN] Provider "Groq" key "dark" + model "llama-3.3-70b-versatile" rate-limit → trying next model
[2026-07-31T11:14:30.544Z] [WARN] Provider "Groq" key "veng" + model "qwen/qwen3.6-27b" rate-limit → trying next model
[2026-07-31T11:14:30.586Z] [WARN] Provider "Groq" key "dark" + model "qwen/qwen3.6-27b" rate-limit → trying next model
[2026-07-31T11:14:31.148Z] [INFO] → GET /api/history/95d5df8a-41da-44c4-a5cb-c50f4d77433d
[2026-07-31T11:14:31.149Z] [INFO] ← GET /95d5df8a-41da-44c4-a5cb-c50f4d77433d 304 (1ms)
[2026-07-31T11:14:32.944Z] [INFO] ← POST /plan 200 (3798ms)
[2026-07-31T11:14:32.949Z] [INFO] → PATCH /api/history/95d5df8a-41da-44c4-a5cb-c50f4d77433d
[2026-07-31T11:14:32.953Z] [INFO] ← PATCH /95d5df8a-41da-44c4-a5cb-c50f4d77433d 200 (4ms)
[2026-07-31T11:14:32.958Z] [INFO] → GET /api/history/95d5df8a-41da-44c4-a5cb-c50f4d77433d
[2026-07-31T11:14:32.960Z] [INFO] ← GET /95d5df8a-41da-44c4-a5cb-c50f4d77433d 200 (1ms)
[2026-07-31T11:14:32.968Z] [INFO] → GET /api/rag/docs
[2026-07-31T11:14:32.969Z] [INFO] ← GET /docs 304 (1ms)
[2026-07-31T11:14:39.364Z] [INFO] → PATCH /api/history/95d5df8a-41da-44c4-a5cb-c50f4d77433d
[2026-07-31T11:14:39.370Z] [INFO] ← PATCH /95d5df8a-41da-44c4-a5cb-c50f4d77433d 200 (6ms)
[2026-07-31T11:14:39.375Z] [INFO] → GET /api/history/95d5df8a-41da-44c4-a5cb-c50f4d77433d
[2026-07-31T11:14:39.376Z] [INFO] ← GET /95d5df8a-41da-44c4-a5cb-c50f4d77433d 200 (2ms)
[2026-07-31T11:14:39.383Z] [INFO] → POST /api/study/graph
[2026-07-31T11:14:39.522Z] [WARN] Provider "Groq" key "veng" + model "llama-3.3-70b-versatile" rate-limit → trying next model
[2026-07-31T11:14:39.564Z] [WARN] Provider "Groq" key "veng" + model "qwen/qwen3.6-27b" rate-limit → trying next model
[2026-07-31T11:14:40.278Z] [WARN] Provider "Groq" key "dark" + model "llama-3.3-70b-versatile" rate-limit → trying next model
[2026-07-31T11:14:40.321Z] [WARN] Provider "Groq" key "dark" + model "qwen/qwen3.6-27b" rate-limit → trying next model
[2026-07-31T11:14:41.384Z] [INFO] → GET /api/history/95d5df8a-41da-44c4-a5cb-c50f4d77433d
[2026-07-31T11:14:41.385Z] [INFO] ← GET /95d5df8a-41da-44c4-a5cb-c50f4d77433d 304 (1ms)
[2026-07-31T11:14:43.392Z] [INFO] → GET /api/history/95d5df8a-41da-44c4-a5cb-c50f4d77433d
[2026-07-31T11:14:43.393Z] [INFO] ← GET /95d5df8a-41da-44c4-a5cb-c50f4d77433d 304 (1ms)
[2026-07-31T11:14:43.603Z] [ACTION] [ACTION] generation.complete | {"draftId":"95d5df8a-41da-44c4-a5cb-c50f4d77433d","type":"graph","scope":"studio"}
[2026-07-31T11:14:43.604Z] [INFO] ← POST /graph 200 (4222ms)
[2026-07-31T11:14:43.610Z] [INFO] → PATCH /api/history/95d5df8a-41da-44c4-a5cb-c50f4d77433d
[2026-07-31T11:14:43.613Z] [INFO] ← PATCH /95d5df8a-41da-44c4-a5cb-c50f4d77433d 200 (4ms)
[2026-07-31T11:14:43.619Z] [INFO] → GET /api/history/95d5df8a-41da-44c4-a5cb-c50f4d77433d
[2026-07-31T11:14:43.620Z] [INFO] ← GET /95d5df8a-41da-44c4-a5cb-c50f4d77433d 200 (1ms)
[2026-07-31T11:14:43.621Z] [INFO] → POST /api/study/graph
[2026-07-31T11:14:43.748Z] [WARN] Provider "Groq" key "veng" + model "llama-3.3-70b-versatile" rate-limit → trying next model
[2026-07-31T11:14:43.793Z] [WARN] Provider "Groq" key "veng" + model "qwen/qwen3.6-27b" rate-limit → trying next model
[2026-07-31T11:14:44.565Z] [WARN] Provider "Groq" key "dark" + model "llama-3.3-70b-versatile" rate-limit → trying next model
[2026-07-31T11:14:44.606Z] [WARN] Provider "Groq" key "dark" + model "qwen/qwen3.6-27b" rate-limit → trying next model
[2026-07-31T11:14:47.348Z] [ACTION] [ACTION] generation.complete | {"draftId":"95d5df8a-41da-44c4-a5cb-c50f4d77433d","type":"graph","scope":"studio"}
[2026-07-31T11:14:47.349Z] [INFO] ← POST /graph 200 (3727ms)
[2026-07-31T11:14:47.354Z] [INFO] → PATCH /api/history/95d5df8a-41da-44c4-a5cb-c50f4d77433d
[2026-07-31T11:14:47.356Z] [INFO] ← PATCH /95d5df8a-41da-44c4-a5cb-c50f4d77433d 200 (2ms)
[2026-07-31T11:14:47.361Z] [INFO] → GET /api/history/95d5df8a-41da-44c4-a5cb-c50f4d77433d
[2026-07-31T11:14:47.362Z] [INFO] ← GET /95d5df8a-41da-44c4-a5cb-c50f4d77433d 200 (1ms)
[2026-07-31T11:14:53.649Z] [INFO] → POST /api/study/graph
[2026-07-31T11:14:54.113Z] [WARN] Provider "Groq" key "veng" + model "llama-3.3-70b-versatile" rate-limit → trying next model
[2026-07-31T11:14:54.167Z] [WARN] Provider "Groq" key "veng" + model "qwen/qwen3.6-27b" rate-limit → trying next model
[2026-07-31T11:14:55.005Z] [WARN] Provider "Groq" key "dark" + model "llama-3.3-70b-versatile" rate-limit → trying next model
[2026-07-31T11:14:55.415Z] [WARN] Provider "Groq" key "dark" + model "qwen/qwen3.6-27b" rate-limit → trying next model
[2026-07-31T11:14:58.676Z] [ACTION] [ACTION] generation.create | {"historyId":"6f97c1b3-83b7-4c5a-9231-8d482149c6fb","type":"graph","scope":"studio"}
[2026-07-31T11:14:58.677Z] [INFO] ← POST /graph 200 (5029ms)
[2026-07-31T11:14:58.683Z] [INFO] → POST /api/progress/activity
[2026-07-31T11:14:58.684Z] [WARN] ← POST /activity 400 (1ms)
[2026-07-31T11:15:02.124Z] [INFO] → GET /api/rag/docs
[2026-07-31T11:15:02.125Z] [INFO] ← GET /docs 304 (2ms)
[2026-07-31T11:15:07.426Z] [INFO] → GET /api/history
[2026-07-31T11:15:07.428Z] [INFO] ← GET / 200 (2ms)
[2026-07-31T11:15:10.753Z] [INFO] → GET /api/history/6f97c1b3-83b7-4c5a-9231-8d482149c6fb
[2026-07-31T11:15:10.755Z] [INFO] ← GET /6f97c1b3-83b7-4c5a-9231-8d482149c6fb 200 (2ms)
[2026-07-31T11:17:41.974Z] [INFO] → POST /api/history/draft
[2026-07-31T11:17:41.978Z] [INFO] ← POST /draft 200 (5ms)
[2026-07-31T11:17:42.000Z] [INFO] → GET /api/history/376cb6df-3a57-48a9-9796-79fad0587437
[2026-07-31T11:17:42.001Z] [INFO] ← GET /376cb6df-3a57-48a9-9796-79fad0587437 200 (1ms)
[2026-07-31T11:17:42.009Z] [INFO] → POST /api/study/plan
[2026-07-31T11:17:42.142Z] [WARN] Provider "Groq" key "veng" + model "llama-3.3-70b-versatile" rate-limit → trying next model
[2026-07-31T11:17:46.011Z] [INFO] → GET /api/history/376cb6df-3a57-48a9-9796-79fad0587437
[2026-07-31T11:17:46.012Z] [INFO] ← GET /376cb6df-3a57-48a9-9796-79fad0587437 304 (1ms)
[2026-07-31T11:17:48.018Z] [INFO] → GET /api/history/376cb6df-3a57-48a9-9796-79fad0587437
[2026-07-31T11:17:48.019Z] [INFO] ← GET /376cb6df-3a57-48a9-9796-79fad0587437 304 (1ms)
[2026-07-31T11:17:49.334Z] [WARN] Provider "Groq" key "dark" + model "llama-3.3-70b-versatile" rate-limit → trying next model
[2026-07-31T11:17:49.354Z] [WARN] Provider "Groq" key "veng" + model "llama-3.3-70b-versatile" rate-limit → trying next model
[2026-07-31T11:17:49.378Z] [WARN] Provider "Groq" key "dark" + model "qwen/qwen3.6-27b" rate-limit → trying next model
[2026-07-31T11:17:49.400Z] [WARN] Provider "Groq" key "veng" + model "qwen/qwen3.6-27b" rate-limit → trying next model
[2026-07-31T11:17:50.025Z] [INFO] → GET /api/history/376cb6df-3a57-48a9-9796-79fad0587437
[2026-07-31T11:17:50.026Z] [INFO] ← GET /376cb6df-3a57-48a9-9796-79fad0587437 304 (1ms)
[2026-07-31T11:17:51.796Z] [INFO] ← POST /plan 200 (9787ms)
[2026-07-31T11:17:51.802Z] [INFO] → PATCH /api/history/376cb6df-3a57-48a9-9796-79fad0587437
[2026-07-31T11:17:51.806Z] [INFO] ← PATCH /376cb6df-3a57-48a9-9796-79fad0587437 200 (4ms)
[2026-07-31T11:17:51.812Z] [INFO] → GET /api/history/376cb6df-3a57-48a9-9796-79fad0587437
[2026-07-31T11:17:51.813Z] [INFO] ← GET /376cb6df-3a57-48a9-9796-79fad0587437 200 (2ms)
[2026-07-31T11:17:51.831Z] [INFO] → GET /api/rag/docs
[2026-07-31T11:17:51.832Z] [INFO] ← GET /docs 304 (1ms)
[2026-07-31T11:17:55.499Z] [INFO] → PATCH /api/history/376cb6df-3a57-48a9-9796-79fad0587437
[2026-07-31T11:17:55.501Z] [INFO] ← PATCH /376cb6df-3a57-48a9-9796-79fad0587437 200 (3ms)
[2026-07-31T11:17:55.506Z] [INFO] → GET /api/history/376cb6df-3a57-48a9-9796-79fad0587437
[2026-07-31T11:17:55.507Z] [INFO] ← GET /376cb6df-3a57-48a9-9796-79fad0587437 200 (1ms)
[2026-07-31T11:17:55.514Z] [INFO] → POST /api/study/quiz
[2026-07-31T11:17:55.627Z] [WARN] Provider "Groq" key "dark" + model "llama-3.3-70b-versatile" rate-limit → trying next model
[2026-07-31T11:17:57.516Z] [INFO] → GET /api/history/376cb6df-3a57-48a9-9796-79fad0587437
[2026-07-31T11:17:57.517Z] [INFO] ← GET /376cb6df-3a57-48a9-9796-79fad0587437 304 (1ms)
[2026-07-31T11:17:59.525Z] [INFO] → GET /api/history/376cb6df-3a57-48a9-9796-79fad0587437
[2026-07-31T11:17:59.526Z] [INFO] ← GET /376cb6df-3a57-48a9-9796-79fad0587437 304 (1ms)
[2026-07-31T11:18:01.532Z] [INFO] → GET /api/history/376cb6df-3a57-48a9-9796-79fad0587437
[2026-07-31T11:18:01.533Z] [INFO] ← GET /376cb6df-3a57-48a9-9796-79fad0587437 304 (1ms)
[2026-07-31T11:18:03.539Z] [INFO] → GET /api/history/376cb6df-3a57-48a9-9796-79fad0587437
[2026-07-31T11:18:03.539Z] [INFO] ← GET /376cb6df-3a57-48a9-9796-79fad0587437 304 (1ms)
[2026-07-31T11:18:05.546Z] [INFO] → GET /api/history/376cb6df-3a57-48a9-9796-79fad0587437
[2026-07-31T11:18:05.546Z] [INFO] ← GET /376cb6df-3a57-48a9-9796-79fad0587437 304 (1ms)
[2026-07-31T11:18:07.553Z] [INFO] → GET /api/history/376cb6df-3a57-48a9-9796-79fad0587437
[2026-07-31T11:18:07.553Z] [INFO] ← GET /376cb6df-3a57-48a9-9796-79fad0587437 304 (1ms)
[2026-07-31T11:18:09.559Z] [INFO] → GET /api/history/376cb6df-3a57-48a9-9796-79fad0587437
[2026-07-31T11:18:09.561Z] [INFO] ← GET /376cb6df-3a57-48a9-9796-79fad0587437 304 (1ms)
[2026-07-31T11:18:11.568Z] [INFO] → GET /api/history/376cb6df-3a57-48a9-9796-79fad0587437
[2026-07-31T11:18:11.568Z] [INFO] ← GET /376cb6df-3a57-48a9-9796-79fad0587437 304 (1ms)
[2026-07-31T11:18:13.581Z] [INFO] → GET /api/history/376cb6df-3a57-48a9-9796-79fad0587437
[2026-07-31T11:18:13.582Z] [INFO] ← GET /376cb6df-3a57-48a9-9796-79fad0587437 304 (1ms)
[2026-07-31T11:18:15.596Z] [INFO] → GET /api/history/376cb6df-3a57-48a9-9796-79fad0587437
[2026-07-31T11:18:15.596Z] [INFO] ← GET /376cb6df-3a57-48a9-9796-79fad0587437 304 (1ms)
[2026-07-31T11:18:17.603Z] [INFO] → GET /api/history/376cb6df-3a57-48a9-9796-79fad0587437
[2026-07-31T11:18:17.604Z] [INFO] ← GET /376cb6df-3a57-48a9-9796-79fad0587437 304 (1ms)
[2026-07-31T11:18:19.616Z] [INFO] → GET /api/history/376cb6df-3a57-48a9-9796-79fad0587437
[2026-07-31T11:18:19.617Z] [INFO] ← GET /376cb6df-3a57-48a9-9796-79fad0587437 304 (1ms)
[2026-07-31T11:18:21.623Z] [INFO] → GET /api/history/376cb6df-3a57-48a9-9796-79fad0587437
[2026-07-31T11:18:21.623Z] [INFO] ← GET /376cb6df-3a57-48a9-9796-79fad0587437 304 (1ms)
[2026-07-31T11:18:23.631Z] [INFO] → GET /api/history/376cb6df-3a57-48a9-9796-79fad0587437
[2026-07-31T11:18:23.632Z] [INFO] ← GET /376cb6df-3a57-48a9-9796-79fad0587437 304 (0ms)
[2026-07-31T11:18:25.640Z] [INFO] → GET /api/history/376cb6df-3a57-48a9-9796-79fad0587437
[2026-07-31T11:18:25.641Z] [INFO] ← GET /376cb6df-3a57-48a9-9796-79fad0587437 304 (1ms)
[2026-07-31T11:18:26.892Z] [WARN] Provider "Groq" key "veng" + model "llama-3.3-70b-versatile" rate-limit → trying next model
[2026-07-31T11:18:27.001Z] [WARN] Provider "Groq" key "veng" + model "qwen/qwen3.6-27b" rate-limit → trying next model
[2026-07-31T11:18:27.649Z] [INFO] → GET /api/history/376cb6df-3a57-48a9-9796-79fad0587437
[2026-07-31T11:18:27.650Z] [INFO] ← GET /376cb6df-3a57-48a9-9796-79fad0587437 304 (1ms)
[2026-07-31T11:18:31.666Z] [INFO] → GET /api/history/376cb6df-3a57-48a9-9796-79fad0587437
[2026-07-31T11:18:31.667Z] [INFO] ← GET /376cb6df-3a57-48a9-9796-79fad0587437 304 (2ms)
[2026-07-31T11:18:33.376Z] [WARN] Provider "Groq" key "dark" + model "llama-3.3-70b-versatile" rate-limit → trying next model
[2026-07-31T11:18:33.422Z] [WARN] Provider "Groq" key "dark" + model "qwen/qwen3.6-27b" rate-limit → trying next model
[2026-07-31T11:18:33.678Z] [INFO] → GET /api/history/376cb6df-3a57-48a9-9796-79fad0587437
[2026-07-31T11:18:33.678Z] [INFO] ← GET /376cb6df-3a57-48a9-9796-79fad0587437 304 (1ms)
[2026-07-31T11:18:35.685Z] [INFO] → GET /api/history/376cb6df-3a57-48a9-9796-79fad0587437
[2026-07-31T11:18:35.686Z] [INFO] ← GET /376cb6df-3a57-48a9-9796-79fad0587437 304 (2ms)
[2026-07-31T11:18:37.694Z] [INFO] → GET /api/history/376cb6df-3a57-48a9-9796-79fad0587437
[2026-07-31T11:18:37.695Z] [INFO] ← GET /376cb6df-3a57-48a9-9796-79fad0587437 304 (1ms)
[2026-07-31T11:18:39.594Z] [WARN] ← POST /quiz 500 (44080ms)
[2026-07-31T11:18:39.602Z] [INFO] → PATCH /api/history/376cb6df-3a57-48a9-9796-79fad0587437
[2026-07-31T11:18:39.605Z] [INFO] ← PATCH /376cb6df-3a57-48a9-9796-79fad0587437 200 (4ms)
[2026-07-31T11:18:39.614Z] [INFO] → POST /api/study/quiz
[2026-07-31T11:18:39.705Z] [INFO] → GET /api/history/376cb6df-3a57-48a9-9796-79fad0587437
[2026-07-31T11:18:39.708Z] [INFO] ← GET /376cb6df-3a57-48a9-9796-79fad0587437 200 (3ms)
[2026-07-31T11:18:39.743Z] [WARN] Provider "Groq" key "veng" + model "llama-3.3-70b-versatile" rate-limit → trying next model
[2026-07-31T11:18:39.781Z] [WARN] Provider "Groq" key "veng" + model "qwen/qwen3.6-27b" rate-limit → trying next model
[2026-07-31T11:18:41.045Z] [WARN] Provider "Groq" key "dark" + model "llama-3.3-70b-versatile" rate-limit → trying next model
[2026-07-31T11:18:41.091Z] [WARN] Provider "Groq" key "dark" + model "qwen/qwen3.6-27b" rate-limit → trying next model
[2026-07-31T11:18:44.856Z] [ACTION] [ACTION] generation.complete | {"draftId":"376cb6df-3a57-48a9-9796-79fad0587437","type":"quiz","subType":"mixed-quiz","scope":"studio"}
[2026-07-31T11:18:44.858Z] [INFO] ← POST /quiz 200 (5244ms)
[2026-07-31T11:18:44.866Z] [INFO] → PATCH /api/history/376cb6df-3a57-48a9-9796-79fad0587437
[2026-07-31T11:18:44.871Z] [INFO] ← PATCH /376cb6df-3a57-48a9-9796-79fad0587437 200 (5ms)
[2026-07-31T11:18:44.876Z] [INFO] → GET /api/history/376cb6df-3a57-48a9-9796-79fad0587437
[2026-07-31T11:18:44.877Z] [INFO] ← GET /376cb6df-3a57-48a9-9796-79fad0587437 200 (1ms)
[2026-07-31T11:20:01.503Z] [INFO] → POST /api/progress/activity
[2026-07-31T11:20:01.510Z] [INFO] ← POST /activity 200 (6ms)
[2026-07-31T11:20:01.512Z] [INFO] → POST /api/progress/activity
[2026-07-31T11:20:01.520Z] [INFO] ← POST /activity 200 (9ms)
[2026-07-31T11:20:01.522Z] [INFO] → POST /api/progress/activity
[2026-07-31T11:20:01.529Z] [INFO] ← POST /activity 200 (7ms)
[2026-07-31T11:20:01.530Z] [INFO] → POST /api/progress/activity
[2026-07-31T11:20:01.536Z] [INFO] ← POST /activity 200 (7ms)
[2026-07-31T11:20:01.538Z] [INFO] → POST /api/progress/activity
[2026-07-31T11:20:01.544Z] [INFO] ← POST /activity 200 (7ms)
[2026-07-31T11:20:01.545Z] [INFO] → POST /api/progress/activity
[2026-07-31T11:20:01.552Z] [INFO] ← POST /activity 200 (6ms)
[2026-07-31T11:20:01.554Z] [INFO] → POST /api/progress/activity
[2026-07-31T11:20:01.560Z] [INFO] ← POST /activity 200 (6ms)
[2026-07-31T11:20:01.562Z] [INFO] → POST /api/progress/activity
[2026-07-31T11:20:01.569Z] [INFO] ← POST /activity 200 (7ms)
[2026-07-31T11:20:01.570Z] [INFO] → POST /api/progress/activity
[2026-07-31T11:20:01.577Z] [INFO] ← POST /activity 200 (7ms)
[2026-07-31T11:20:34.630Z] [INFO] → GET /api/rag/docs
[2026-07-31T11:20:34.631Z] [INFO] ← GET /docs 304 (2ms)
[2026-07-31T11:20:38.488Z] [INFO] → POST /api/history/draft
[2026-07-31T11:20:38.491Z] [INFO] ← POST /draft 200 (4ms)
[2026-07-31T11:20:38.508Z] [INFO] → GET /api/history/c9af7edd-d6c6-4853-b3b1-efdd879fc44c
[2026-07-31T11:20:38.509Z] [INFO] ← GET /c9af7edd-d6c6-4853-b3b1-efdd879fc44c 200 (1ms)
[2026-07-31T11:20:38.517Z] [INFO] → POST /api/study/plan
[2026-07-31T11:20:39.355Z] [WARN] Provider "Groq" key "veng" + model "llama-3.3-70b-versatile" rate-limit → trying next model
[2026-07-31T11:20:39.602Z] [WARN] Provider "Groq" key "veng" + model "qwen/qwen3.6-27b" rate-limit → trying next model
[2026-07-31T11:20:40.523Z] [INFO] → GET /api/history/c9af7edd-d6c6-4853-b3b1-efdd879fc44c
[2026-07-31T11:20:40.524Z] [INFO] ← GET /c9af7edd-d6c6-4853-b3b1-efdd879fc44c 304 (2ms)
[2026-07-31T11:20:40.723Z] [WARN] Provider "Groq" key "dark" + model "llama-3.3-70b-versatile" rate-limit → trying next model
[2026-07-31T11:20:40.960Z] [WARN] Provider "Groq" key "dark" + model "qwen/qwen3.6-27b" rate-limit → trying next model
[2026-07-31T11:20:41.232Z] [WARN] Provider "Groq" key "veng" + model "llama-3.3-70b-versatile" rate-limit → trying next model
[2026-07-31T11:20:41.503Z] [WARN] Provider "Groq" key "veng" + model "qwen/qwen3.6-27b" rate-limit → trying next model
[2026-07-31T11:20:42.535Z] [INFO] → GET /api/history/c9af7edd-d6c6-4853-b3b1-efdd879fc44c
[2026-07-31T11:20:42.536Z] [INFO] ← GET /c9af7edd-d6c6-4853-b3b1-efdd879fc44c 304 (0ms)
[2026-07-31T11:20:44.479Z] [INFO] ← POST /plan 200 (5961ms)
[2026-07-31T11:20:44.484Z] [INFO] → PATCH /api/history/c9af7edd-d6c6-4853-b3b1-efdd879fc44c
[2026-07-31T11:20:44.486Z] [INFO] ← PATCH /c9af7edd-d6c6-4853-b3b1-efdd879fc44c 200 (2ms)
[2026-07-31T11:20:44.492Z] [INFO] → GET /api/history/c9af7edd-d6c6-4853-b3b1-efdd879fc44c
[2026-07-31T11:20:44.493Z] [INFO] ← GET /c9af7edd-d6c6-4853-b3b1-efdd879fc44c 200 (1ms)
[2026-07-31T11:20:44.502Z] [INFO] → GET /api/rag/docs
[2026-07-31T11:20:44.502Z] [INFO] ← GET /docs 304 (1ms)
[2026-07-31T11:20:52.183Z] [INFO] → PATCH /api/history/c9af7edd-d6c6-4853-b3b1-efdd879fc44c
[2026-07-31T11:20:52.188Z] [INFO] ← PATCH /c9af7edd-d6c6-4853-b3b1-efdd879fc44c 200 (6ms)
[2026-07-31T11:20:52.193Z] [INFO] → GET /api/history/c9af7edd-d6c6-4853-b3b1-efdd879fc44c
[2026-07-31T11:20:52.194Z] [INFO] ← GET /c9af7edd-d6c6-4853-b3b1-efdd879fc44c 200 (2ms)
[2026-07-31T11:20:52.202Z] [INFO] → POST /api/study/quiz
[2026-07-31T11:20:53.833Z] [WARN] Provider "Groq" key "veng" + model "llama-3.3-70b-versatile" rate-limit → trying next model
[2026-07-31T11:20:54.103Z] [WARN] Provider "Groq" key "veng" + model "qwen/qwen3.6-27b" rate-limit → trying next model
[2026-07-31T11:20:54.202Z] [INFO] → GET /api/history/c9af7edd-d6c6-4853-b3b1-efdd879fc44c
[2026-07-31T11:20:54.203Z] [INFO] ← GET /c9af7edd-d6c6-4853-b3b1-efdd879fc44c 304 (2ms)
[2026-07-31T11:20:56.211Z] [INFO] → GET /api/history/c9af7edd-d6c6-4853-b3b1-efdd879fc44c
[2026-07-31T11:20:56.212Z] [INFO] ← GET /c9af7edd-d6c6-4853-b3b1-efdd879fc44c 304 (0ms)
[2026-07-31T11:20:58.224Z] [INFO] → GET /api/history/c9af7edd-d6c6-4853-b3b1-efdd879fc44c
[2026-07-31T11:20:58.225Z] [INFO] ← GET /c9af7edd-d6c6-4853-b3b1-efdd879fc44c 304 (1ms)
[2026-07-31T11:20:59.257Z] [ACTION] [ACTION] generation.complete | {"draftId":"c9af7edd-d6c6-4853-b3b1-efdd879fc44c","type":"quiz","subType":"mixed-quiz","scope":"studio"}
[2026-07-31T11:20:59.258Z] [INFO] ← POST /quiz 200 (7057ms)
[2026-07-31T11:20:59.264Z] [INFO] → PATCH /api/history/c9af7edd-d6c6-4853-b3b1-efdd879fc44c
[2026-07-31T11:20:59.266Z] [INFO] ← PATCH /c9af7edd-d6c6-4853-b3b1-efdd879fc44c 200 (3ms)
[2026-07-31T11:20:59.272Z] [INFO] → GET /api/history/c9af7edd-d6c6-4853-b3b1-efdd879fc44c
[2026-07-31T11:20:59.272Z] [INFO] ← GET /c9af7edd-d6c6-4853-b3b1-efdd879fc44c 200 (1ms)
[2026-07-31T11:20:59.273Z] [INFO] → POST /api/study/quiz
[2026-07-31T11:20:59.631Z] [WARN] Provider "Groq" key "dark" + model "llama-3.3-70b-versatile" rate-limit → trying next model
[2026-07-31T11:20:59.905Z] [WARN] Provider "Groq" key "dark" + model "qwen/qwen3.6-27b" rate-limit → trying next model
[2026-07-31T11:21:01.514Z] [WARN] Provider "Groq" key "veng" + model "llama-3.3-70b-versatile" rate-limit → trying next model
[2026-07-31T11:21:01.808Z] [WARN] Provider "Groq" key "veng" + model "qwen/qwen3.6-27b" rate-limit → trying next model
[2026-07-31T11:21:30.219Z] [ACTION] [ACTION] generation.complete | {"draftId":"c9af7edd-d6c6-4853-b3b1-efdd879fc44c","type":"quiz","subType":"mixed-quiz","scope":"studio"}
[2026-07-31T11:21:30.220Z] [INFO] ← POST /quiz 200 (30947ms)
[2026-07-31T11:21:30.231Z] [INFO] → PATCH /api/history/c9af7edd-d6c6-4853-b3b1-efdd879fc44c
[2026-07-31T11:21:30.235Z] [INFO] ← PATCH /c9af7edd-d6c6-4853-b3b1-efdd879fc44c 200 (4ms)
[2026-07-31T11:21:30.241Z] [INFO] → GET /api/history/c9af7edd-d6c6-4853-b3b1-efdd879fc44c
[2026-07-31T11:21:30.242Z] [INFO] ← GET /c9af7edd-d6c6-4853-b3b1-efdd879fc44c 200 (1ms)
[2026-07-31T12:41:57.027Z] [INFO] StudyForge server listening on http://localhost:5174
[2026-07-31T12:41:57.028Z] [INFO] API mounted at /api   (frontend dev proxy → :5173)
[2026-07-31T12:42:00.265Z] [INFO] → GET /api/progress
[2026-07-31T12:42:00.273Z] [INFO] ← GET / 200 (8ms)
[2026-07-31T12:42:00.275Z] [INFO] → GET /api/projects
[2026-07-31T12:42:00.278Z] [INFO] ← GET / 304 (3ms)
[2026-07-31T12:42:00.282Z] [INFO] → GET /api/providers
[2026-07-31T12:42:00.286Z] [INFO] ← GET / 200 (4ms)
[2026-07-31T12:42:00.289Z] [INFO] → GET /api/analytics
[2026-07-31T12:42:00.843Z] [INFO] ← GET / 200 (555ms)
[2026-07-31T12:42:04.896Z] [INFO] → GET /api/providers
[2026-07-31T12:42:04.917Z] [INFO] ← GET / 304 (21ms)
[2026-07-31T12:42:04.919Z] [INFO] → GET /api/projects
[2026-07-31T12:42:04.921Z] [INFO] ← GET / 304 (2ms)
[2026-07-31T12:42:05.342Z] [INFO] → GET /api/settings
[2026-07-31T12:42:05.345Z] [INFO] ← GET / 200 (2ms)
[2026-07-31T12:42:05.346Z] [INFO] → GET /api/providers
[2026-07-31T12:42:05.350Z] [INFO] ← GET / 304 (4ms)
[2026-07-31T12:42:06.045Z] [INFO] → GET /api/rag/folders/paths
[2026-07-31T12:42:06.054Z] [INFO] ← GET /folders/paths 304 (9ms)
[2026-07-31T12:42:06.056Z] [INFO] → GET /api/rag/docs
[2026-07-31T12:42:06.058Z] [INFO] ← GET /docs 304 (2ms)
[2026-07-31T12:42:06.059Z] [INFO] → GET /api/rag/folders
[2026-07-31T12:42:06.061Z] [INFO] ← GET /folders 304 (2ms)
[2026-07-31T12:42:06.062Z] [INFO] → GET /api/rag/staged
[2026-07-31T12:42:06.065Z] [INFO] ← GET /staged 304 (2ms)
[2026-07-31T12:42:06.450Z] [INFO] → GET /api/analytics/advanced/profile
[2026-07-31T12:42:06.454Z] [INFO] ← GET /profile 200 (3ms)
[2026-07-31T12:42:06.456Z] [INFO] → GET /api/analytics/advanced/recommendations
[2026-07-31T12:42:06.460Z] [INFO] ← GET /recommendations 200 (4ms)
[2026-07-31T12:42:06.461Z] [INFO] → GET /api/analytics/advanced
[2026-07-31T12:42:06.473Z] [INFO] ← GET / 200 (12ms)
[2026-07-31T12:42:08.815Z] [INFO] → GET /api/rag/docs
[2026-07-31T12:42:08.817Z] [INFO] ← GET /docs 304 (1ms)
[2026-07-31T12:42:08.818Z] [INFO] → GET /api/history
[2026-07-31T12:42:08.821Z] [INFO] ← GET / 200 (3ms)
[2026-07-31T12:42:10.854Z] [INFO] → GET /api/rag/docs
[2026-07-31T12:42:10.855Z] [INFO] ← GET /docs 304 (2ms)
[2026-07-31T12:42:11.719Z] [INFO] → GET /api/rag/docs
[2026-07-31T12:42:11.720Z] [INFO] ← GET /docs 304 (2ms)
[2026-07-31T12:42:11.723Z] [INFO] → GET /api/history
[2026-07-31T12:42:11.725Z] [INFO] ← GET / 304 (3ms)
[2026-07-31T12:42:20.735Z] [INFO] → GET /api/rag/docs
[2026-07-31T12:42:20.736Z] [INFO] ← GET /docs 304 (2ms)
[2026-07-31T12:42:20.738Z] [INFO] → GET /api/rag/folders
[2026-07-31T12:42:20.740Z] [INFO] ← GET /folders 304 (1ms)
[2026-07-31T12:42:20.741Z] [INFO] → GET /api/rag/staged
[2026-07-31T12:42:20.743Z] [INFO] ← GET /staged 304 (1ms)
[2026-07-31T12:42:20.744Z] [INFO] → GET /api/rag/folders/paths
[2026-07-31T12:42:20.746Z] [INFO] ← GET /folders/paths 304 (2ms)
[2026-07-31T12:42:25.892Z] [INFO] → DELETE /api/rag/docs/818a6e18-95c4-4b0a-abb7-57c69cf9474e
[2026-07-31T12:42:26.751Z] [ERROR] Unhandled error: Invalid the given array length.
[2026-07-31T12:42:26.753Z] [WARN] ← DELETE /api/rag/docs/818a6e18-95c4-4b0a-abb7-57c69cf9474e 500 (860ms)
[2026-07-31T12:42:26.941Z] [INFO] → DELETE /api/rag/docs/818a6e18-95c4-4b0a-abb7-57c69cf9474e
[2026-07-31T12:42:27.698Z] [ERROR] Unhandled error: Invalid the given array length.
[2026-07-31T12:42:27.699Z] [WARN] ← DELETE /api/rag/docs/818a6e18-95c4-4b0a-abb7-57c69cf9474e 500 (758ms)
[2026-07-31T12:42:39.754Z] [INFO] → DELETE /api/rag/docs/818a6e18-95c4-4b0a-abb7-57c69cf9474e
[2026-07-31T12:42:40.562Z] [ERROR] Unhandled error: Invalid the given array length.
[2026-07-31T12:42:40.564Z] [WARN] ← DELETE /api/rag/docs/818a6e18-95c4-4b0a-abb7-57c69cf9474e 500 (810ms)
[2026-07-31T12:42:43.921Z] [INFO] → GET /api/rag/docs
[2026-07-31T12:42:43.923Z] [INFO] ← GET /docs 200 (1ms)
[2026-07-31T12:42:43.924Z] [INFO] → GET /api/rag/folders
[2026-07-31T12:42:43.926Z] [INFO] ← GET /folders 304 (1ms)
[2026-07-31T12:42:43.927Z] [INFO] → GET /api/rag/staged
[2026-07-31T12:42:43.928Z] [INFO] ← GET /staged 304 (2ms)
[2026-07-31T12:42:43.930Z] [INFO] → GET /api/rag/folders/paths
[2026-07-31T12:42:43.931Z] [INFO] ← GET /folders/paths 304 (2ms)
[2026-07-31T12:42:46.912Z] [INFO] → DELETE /api/rag/docs/4a8b0c2b-60bb-453d-a955-b1056520b29e
[2026-07-31T12:42:47.808Z] [ERROR] Unhandled error: Invalid the given array length.
[2026-07-31T12:42:47.810Z] [WARN] ← DELETE /api/rag/docs/4a8b0c2b-60bb-453d-a955-b1056520b29e 500 (897ms)
[2026-07-31T12:45:00.151Z] [INFO] StudyForge server listening on http://localhost:5174
[2026-07-31T12:45:00.152Z] [INFO] API mounted at /api   (frontend dev proxy → :5173)
[2026-07-31T12:46:23.206Z] [INFO] → DELETE /api/rag/docs/4a8b0c2b-60bb-453d-a955-b1056520b29e
[2026-07-31T12:46:24.215Z] [ERROR] Unhandled error: Invalid the given array length.
[2026-07-31T12:46:24.221Z] [WARN] ← DELETE /api/rag/docs/4a8b0c2b-60bb-453d-a955-b1056520b29e 500 (1015ms)
[2026-07-31T12:46:26.572Z] [INFO] → GET /api/rag/docs
[2026-07-31T12:46:26.575Z] [INFO] ← GET /docs 200 (2ms)
[2026-07-31T12:46:26.576Z] [INFO] → GET /api/rag/folders
[2026-07-31T12:46:26.578Z] [INFO] ← GET /folders 304 (2ms)
[2026-07-31T12:46:26.580Z] [INFO] → GET /api/rag/staged
[2026-07-31T12:46:26.581Z] [INFO] ← GET /staged 304 (2ms)
[2026-07-31T12:46:26.583Z] [INFO] → GET /api/rag/folders/paths
[2026-07-31T12:46:26.585Z] [INFO] ← GET /folders/paths 304 (3ms)
[2026-07-31T12:46:32.254Z] [INFO] → DELETE /api/rag/docs/55b330ac-fb51-4936-8182-e688ff44dca0
[2026-07-31T12:46:33.078Z] [ERROR] Unhandled error: Invalid the given array length.
[2026-07-31T12:46:33.079Z] [WARN] ← DELETE /api/rag/docs/55b330ac-fb51-4936-8182-e688ff44dca0 500 (826ms)
[2026-07-31T12:46:36.401Z] [INFO] → GET /api/rag/folders
[2026-07-31T12:46:36.403Z] [INFO] ← GET /folders 304 (2ms)
[2026-07-31T12:46:36.405Z] [INFO] → GET /api/rag/docs
[2026-07-31T12:46:36.406Z] [INFO] ← GET /docs 200 (2ms)
[2026-07-31T12:46:36.408Z] [INFO] → GET /api/rag/staged
[2026-07-31T12:46:36.410Z] [INFO] ← GET /staged 304 (1ms)
[2026-07-31T12:46:36.411Z] [INFO] → GET /api/rag/folders/paths
[2026-07-31T12:46:36.413Z] [INFO] ← GET /folders/paths 304 (1ms)
[2026-07-31T12:46:36.617Z] [INFO] → GET /api/rag/docs
[2026-07-31T12:46:36.618Z] [INFO] ← GET /docs 304 (2ms)
[2026-07-31T12:46:36.620Z] [INFO] → GET /api/rag/folders
[2026-07-31T12:46:36.621Z] [INFO] ← GET /folders 304 (2ms)
[2026-07-31T12:46:36.622Z] [INFO] → GET /api/rag/staged
[2026-07-31T12:46:36.624Z] [INFO] ← GET /staged 304 (1ms)
[2026-07-31T12:46:36.625Z] [INFO] → GET /api/rag/folders/paths
[2026-07-31T12:46:36.626Z] [INFO] ← GET /folders/paths 304 (2ms)
[2026-07-31T12:46:36.791Z] [INFO] → GET /api/rag/docs
[2026-07-31T12:46:36.792Z] [INFO] ← GET /docs 304 (1ms)
[2026-07-31T12:46:36.793Z] [INFO] → GET /api/rag/folders
[2026-07-31T12:46:36.795Z] [INFO] ← GET /folders 304 (2ms)
[2026-07-31T12:46:36.796Z] [INFO] → GET /api/rag/staged
[2026-07-31T12:46:36.798Z] [INFO] ← GET /staged 304 (1ms)
[2026-07-31T12:46:36.799Z] [INFO] → GET /api/rag/folders/paths
[2026-07-31T12:46:36.800Z] [INFO] ← GET /folders/paths 304 (2ms)
[2026-07-31T12:46:42.821Z] [INFO] → DELETE /api/rag/docs/ebb65acf-6294-4e54-9c3b-fd92327c2685
[2026-07-31T12:46:43.774Z] [INFO] FAISS index built (5142 vectors, dim=384)
[2026-07-31T12:46:43.796Z] [INFO] ← DELETE /docs/ebb65acf-6294-4e54-9c3b-fd92327c2685 200 (974ms)
[2026-07-31T12:46:43.803Z] [INFO] → GET /api/rag/docs
[2026-07-31T12:46:43.804Z] [INFO] ← GET /docs 200 (1ms)
[2026-07-31T12:46:43.805Z] [INFO] → GET /api/rag/folders
[2026-07-31T12:46:43.806Z] [INFO] ← GET /folders 304 (2ms)
[2026-07-31T12:46:48.484Z] [INFO] → DELETE /api/rag/docs/8f22b61e-77e6-4820-88e7-e8f64ba66a32
[2026-07-31T12:46:49.067Z] [INFO] FAISS index built (2944 vectors, dim=384)
[2026-07-31T12:46:49.075Z] [INFO] ← DELETE /docs/8f22b61e-77e6-4820-88e7-e8f64ba66a32 200 (592ms)
[2026-07-31T12:46:49.083Z] [INFO] → GET /api/rag/docs
[2026-07-31T12:46:49.084Z] [INFO] ← GET /docs 200 (1ms)
[2026-07-31T12:46:49.089Z] [INFO] → GET /api/rag/folders
[2026-07-31T12:46:49.091Z] [INFO] ← GET /folders 304 (1ms)
[2026-07-31T12:46:51.139Z] [INFO] → GET /api/rag/docs
[2026-07-31T12:46:51.141Z] [INFO] ← GET /docs 304 (1ms)
[2026-07-31T12:46:51.142Z] [INFO] → GET /api/rag/folders
[2026-07-31T12:46:51.144Z] [INFO] ← GET /folders 304 (2ms)
[2026-07-31T12:46:51.145Z] [INFO] → GET /api/rag/staged
[2026-07-31T12:46:51.147Z] [INFO] ← GET /staged 304 (2ms)
[2026-07-31T12:46:51.148Z] [INFO] → GET /api/rag/folders/paths
[2026-07-31T12:46:51.149Z] [INFO] ← GET /folders/paths 304 (2ms)
[2026-07-31T12:46:51.301Z] [INFO] → GET /api/rag/docs
[2026-07-31T12:46:51.303Z] [INFO] ← GET /docs 304 (1ms)
[2026-07-31T12:46:51.304Z] [INFO] → GET /api/rag/folders
[2026-07-31T12:46:51.306Z] [INFO] ← GET /folders 304 (2ms)
[2026-07-31T12:46:51.307Z] [INFO] → GET /api/rag/staged
[2026-07-31T12:46:51.308Z] [INFO] ← GET /staged 304 (2ms)
[2026-07-31T12:46:51.310Z] [INFO] → GET /api/rag/folders/paths
[2026-07-31T12:46:51.312Z] [INFO] ← GET /folders/paths 304 (2ms)
[2026-07-31T12:46:55.186Z] [INFO] → GET /api/rag/docs
[2026-07-31T12:46:55.187Z] [INFO] ← GET /docs 200 (1ms)
[2026-07-31T12:46:56.793Z] [INFO] → GET /api/analytics/advanced
[2026-07-31T12:46:56.807Z] [INFO] ← GET / 304 (13ms)
[2026-07-31T12:46:56.808Z] [INFO] → GET /api/analytics/advanced/profile
[2026-07-31T12:46:56.812Z] [INFO] ← GET /profile 304 (4ms)
[2026-07-31T12:46:56.813Z] [INFO] → GET /api/analytics/advanced/recommendations
[2026-07-31T12:46:56.816Z] [INFO] ← GET /recommendations 304 (3ms)
[2026-07-31T12:46:58.255Z] [INFO] → GET /api/rag/docs
[2026-07-31T12:46:58.256Z] [INFO] ← GET /docs 304 (2ms)
[2026-07-31T12:46:58.258Z] [INFO] → GET /api/history
[2026-07-31T12:46:58.261Z] [INFO] ← GET / 304 (3ms)
[2026-07-31T12:52:55.731Z] [INFO] StudyForge server listening on http://localhost:5174
[2026-07-31T12:52:55.732Z] [INFO] API mounted at /api   (frontend dev proxy → :5173)
[2026-07-31T12:53:09.705Z] [INFO] StudyForge server listening on http://localhost:5174
[2026-07-31T12:53:09.706Z] [INFO] API mounted at /api   (frontend dev proxy → :5173)
[2026-07-31T13:06:46.457Z] [INFO] StudyForge server listening on http://localhost:5174
[2026-07-31T13:06:46.457Z] [INFO] API mounted at /api   (frontend dev proxy → :5173)
[2026-07-31T13:06:48.774Z] [INFO] → GET /api/rag/docs
[2026-07-31T13:06:49.019Z] [INFO] ← GET /docs 304 (245ms)
[2026-07-31T13:06:49.024Z] [INFO] → GET /api/history
[2026-07-31T13:06:49.027Z] [INFO] ← GET / 304 (3ms)
[2026-07-31T13:06:58.746Z] [INFO] → POST /api/history/draft
[2026-07-31T13:06:58.753Z] [INFO] ← POST /draft 200 (7ms)
[2026-07-31T13:06:58.774Z] [INFO] → GET /api/history/390aff87-a7bf-4f1a-8a98-a5e353dea01d
[2026-07-31T13:06:58.776Z] [INFO] ← GET /390aff87-a7bf-4f1a-8a98-a5e353dea01d 200 (1ms)
[2026-07-31T13:06:58.783Z] [INFO] → POST /api/study/plan
[2026-07-31T13:06:59.180Z] [WARN] Provider "Groq" does not support embeddings (404); using the local embedding model instead.
[2026-07-31T13:06:59.181Z] [INFO] Loading local embedding model (Xenova/all-MiniLM-L6-v2)…
[2026-07-31T13:07:00.783Z] [INFO] → GET /api/history/390aff87-a7bf-4f1a-8a98-a5e353dea01d
[2026-07-31T13:07:00.784Z] [INFO] ← GET /390aff87-a7bf-4f1a-8a98-a5e353dea01d 304 (1ms)
[2026-07-31T13:07:02.147Z] [INFO] Local embedding model ready
[2026-07-31T13:07:02.159Z] [INFO] FAISS index loaded (2944 vectors)
[2026-07-31T13:07:02.796Z] [INFO] → GET /api/history/390aff87-a7bf-4f1a-8a98-a5e353dea01d
[2026-07-31T13:07:02.797Z] [INFO] ← GET /390aff87-a7bf-4f1a-8a98-a5e353dea01d 304 (1ms)
[2026-07-31T13:07:03.472Z] [INFO] ← POST /plan 200 (4689ms)
[2026-07-31T13:07:03.478Z] [INFO] → PATCH /api/history/390aff87-a7bf-4f1a-8a98-a5e353dea01d
[2026-07-31T13:07:03.480Z] [INFO] ← PATCH /390aff87-a7bf-4f1a-8a98-a5e353dea01d 200 (3ms)
[2026-07-31T13:07:03.486Z] [INFO] → GET /api/history/390aff87-a7bf-4f1a-8a98-a5e353dea01d
[2026-07-31T13:07:03.486Z] [INFO] ← GET /390aff87-a7bf-4f1a-8a98-a5e353dea01d 200 (1ms)
[2026-07-31T13:07:03.497Z] [INFO] → GET /api/rag/docs
[2026-07-31T13:07:03.497Z] [INFO] ← GET /docs 304 (1ms)
[2026-07-31T13:07:07.963Z] [INFO] → PATCH /api/history/390aff87-a7bf-4f1a-8a98-a5e353dea01d
[2026-07-31T13:07:07.970Z] [INFO] ← PATCH /390aff87-a7bf-4f1a-8a98-a5e353dea01d 200 (7ms)
[2026-07-31T13:07:07.976Z] [INFO] → GET /api/history/390aff87-a7bf-4f1a-8a98-a5e353dea01d
[2026-07-31T13:07:07.977Z] [INFO] ← GET /390aff87-a7bf-4f1a-8a98-a5e353dea01d 200 (1ms)
[2026-07-31T13:07:07.984Z] [INFO] → POST /api/study/notes
[2026-07-31T13:07:08.189Z] [INFO] [Notes] 210 chars of source material for "aiml"
[2026-07-31T13:07:08.190Z] [INFO] [Notes] short-notes: 7 card(s) planned (~630 words) [approved plan]
[2026-07-31T13:07:08.194Z] [INFO] [notes:short-notes] 24 lane(s) available: Groq(dark), Openrouter(primary), Groq(veng)
[2026-07-31T13:07:09.984Z] [INFO] → GET /api/history/390aff87-a7bf-4f1a-8a98-a5e353dea01d
[2026-07-31T13:07:09.985Z] [INFO] ← GET /390aff87-a7bf-4f1a-8a98-a5e353dea01d 304 (1ms)
[2026-07-31T13:07:11.990Z] [INFO] → GET /api/history/390aff87-a7bf-4f1a-8a98-a5e353dea01d
[2026-07-31T13:07:11.991Z] [INFO] ← GET /390aff87-a7bf-4f1a-8a98-a5e353dea01d 304 (1ms)
[2026-07-31T13:07:12.450Z] [WARN] [notes:short-notes] Openrouter/primary/google/gemma-4-31b-it:free rate limited → cooling 800ms
[2026-07-31T13:07:13.200Z] [WARN] [Notes] short-notes "Challenges and Future Directions of AIML" is 1/40 words — rewrite pass
[2026-07-31T13:07:13.628Z] [WARN] [Notes] short-notes "Autonomous System Organization" is 9/40 words — rewrite pass
[2026-07-31T13:07:13.998Z] [INFO] → GET /api/history/390aff87-a7bf-4f1a-8a98-a5e353dea01d
[2026-07-31T13:07:13.998Z] [INFO] ← GET /390aff87-a7bf-4f1a-8a98-a5e353dea01d 304 (1ms)
[2026-07-31T13:07:15.756Z] [WARN] [notes:short-notes] Openrouter/primary/google/gemma-4-26b-a4b-it:free rate limited → cooling 1600ms
[2026-07-31T13:07:16.005Z] [INFO] → GET /api/history/390aff87-a7bf-4f1a-8a98-a5e353dea01d
[2026-07-31T13:07:16.006Z] [INFO] ← GET /390aff87-a7bf-4f1a-8a98-a5e353dea01d 304 (1ms)
[2026-07-31T13:07:16.518Z] [WARN] [Notes] short-notes rewrite pass added nothing — keeping the 1-word version
[2026-07-31T13:07:16.518Z] [WARN] [Notes] short-notes "Challenges and Future Directions of AIML" is 1/40 words — continue pass
[2026-07-31T13:07:17.073Z] [WARN] [notes:short-notes] Openrouter/primary/openai/gpt-oss-20b:free rate limited → cooling 800ms
[2026-07-31T13:07:18.017Z] [INFO] → GET /api/history/390aff87-a7bf-4f1a-8a98-a5e353dea01d
[2026-07-31T13:07:18.018Z] [INFO] ← GET /390aff87-a7bf-4f1a-8a98-a5e353dea01d 304 (1ms)
[2026-07-31T13:07:18.891Z] [INFO] [Notes] short-notes: 7/7 card(s) written in 10.7s across 24 lane(s)
[2026-07-31T13:07:18.893Z] [INFO] ✓ Notes(short-notes) validation {
  "valid": true,
  "errors": [],
  "warnings": [],
  "metrics": {
    "sectionCount": 7
  }
}
[2026-07-31T13:07:18.893Z] [INFO] Notes validation passed for short-notes
[2026-07-31T13:07:18.896Z] [ACTION] [ACTION] generation.complete | {"draftId":"390aff87-a7bf-4f1a-8a98-a5e353dea01d","type":"notes","subType":"short-notes","scope":"notes"}
[2026-07-31T13:07:18.896Z] [INFO] ← POST /notes 200 (10913ms)
[2026-07-31T13:07:18.901Z] [INFO] → GET /api/history/390aff87-a7bf-4f1a-8a98-a5e353dea01d
[2026-07-31T13:07:18.902Z] [INFO] ← GET /390aff87-a7bf-4f1a-8a98-a5e353dea01d 200 (1ms)
[2026-07-31T13:09:03.238Z] [INFO] → GET /api/rag/docs
[2026-07-31T13:09:03.239Z] [INFO] ← GET /docs 304 (2ms)
[2026-07-31T13:09:03.242Z] [INFO] → GET /api/history
[2026-07-31T13:09:03.246Z] [INFO] ← GET / 200 (4ms)
[2026-07-31T13:09:04.683Z] [INFO] → POST /api/history/draft
[2026-07-31T13:09:04.688Z] [INFO] ← POST /draft 200 (5ms)
[2026-07-31T13:09:04.703Z] [INFO] → GET /api/history/030333ad-f4d9-423f-8885-dd751f4c8d65
[2026-07-31T13:09:04.704Z] [INFO] ← GET /030333ad-f4d9-423f-8885-dd751f4c8d65 200 (2ms)
[2026-07-31T13:09:04.711Z] [INFO] → POST /api/study/plan
[2026-07-31T13:09:06.031Z] [INFO] ← POST /plan 200 (1321ms)
[2026-07-31T13:09:06.037Z] [INFO] → PATCH /api/history/030333ad-f4d9-423f-8885-dd751f4c8d65
[2026-07-31T13:09:06.041Z] [INFO] ← PATCH /030333ad-f4d9-423f-8885-dd751f4c8d65 200 (3ms)
[2026-07-31T13:09:06.046Z] [INFO] → GET /api/history/030333ad-f4d9-423f-8885-dd751f4c8d65
[2026-07-31T13:09:06.047Z] [INFO] ← GET /030333ad-f4d9-423f-8885-dd751f4c8d65 200 (1ms)
[2026-07-31T13:09:06.055Z] [INFO] → GET /api/rag/docs
[2026-07-31T13:09:06.057Z] [INFO] ← GET /docs 304 (1ms)
[2026-07-31T13:09:32.581Z] [INFO] → PATCH /api/history/030333ad-f4d9-423f-8885-dd751f4c8d65
[2026-07-31T13:09:32.588Z] [INFO] ← PATCH /030333ad-f4d9-423f-8885-dd751f4c8d65 200 (7ms)
[2026-07-31T13:09:32.593Z] [INFO] → GET /api/history/030333ad-f4d9-423f-8885-dd751f4c8d65
[2026-07-31T13:09:32.595Z] [INFO] ← GET /030333ad-f4d9-423f-8885-dd751f4c8d65 200 (1ms)
[2026-07-31T13:09:32.602Z] [INFO] → POST /api/study/notes
[2026-07-31T13:09:32.812Z] [INFO] [Notes] 30067 chars of source material for "aiml"
[2026-07-31T13:09:32.813Z] [INFO] [Notes] exam-notes: 7 section(s) planned (~1330 words) [approved plan]
[2026-07-31T13:09:32.815Z] [INFO] [notes:exam-notes] 24 lane(s) available: Groq(dark), Openrouter(primary), Groq(veng)
[2026-07-31T13:09:34.607Z] [INFO] → GET /api/history/030333ad-f4d9-423f-8885-dd751f4c8d65
[2026-07-31T13:09:34.608Z] [INFO] ← GET /030333ad-f4d9-423f-8885-dd751f4c8d65 304 (1ms)
[2026-07-31T13:09:36.613Z] [INFO] → GET /api/history/030333ad-f4d9-423f-8885-dd751f4c8d65
[2026-07-31T13:09:36.614Z] [INFO] ← GET /030333ad-f4d9-423f-8885-dd751f4c8d65 304 (1ms)
[2026-07-31T13:09:36.992Z] [WARN] [notes:exam-notes] Openrouter/primary/google/gemma-4-31b-it:free rate limited → cooling 800ms
[2026-07-31T13:09:37.959Z] [WARN] [Notes] exam-notes unit "Data Structures and AIML" produced no item
[2026-07-31T13:09:38.629Z] [INFO] → GET /api/history/030333ad-f4d9-423f-8885-dd751f4c8d65
[2026-07-31T13:09:38.630Z] [INFO] ← GET /030333ad-f4d9-423f-8885-dd751f4c8d65 304 (1ms)
[2026-07-31T13:09:38.779Z] [WARN] [notes:exam-notes] Openrouter/primary/google/gemma-4-26b-a4b-it:free rate limited → cooling 800ms
[2026-07-31T13:09:40.641Z] [INFO] → GET /api/history/030333ad-f4d9-423f-8885-dd751f4c8d65
[2026-07-31T13:09:40.642Z] [INFO] ← GET /030333ad-f4d9-423f-8885-dd751f4c8d65 304 (1ms)
[2026-07-31T13:09:41.459Z] [WARN] [notes:exam-notes] Openrouter/primary/openai/gpt-oss-20b:free rate limited → cooling 800ms
[2026-07-31T13:09:42.356Z] [WARN] [Notes] exam-notes group failed: No JSON found in response
[2026-07-31T13:09:42.357Z] [WARN] [Notes] exam-notes group failed: No JSON found in response
[2026-07-31T13:09:42.357Z] [WARN] [Notes] exam-notes group failed: No JSON found in response
[2026-07-31T13:09:42.358Z] [WARN] [Notes] exam-notes: retrying 4 missing section(s) individually
[2026-07-31T13:09:42.648Z] [INFO] → GET /api/history/030333ad-f4d9-423f-8885-dd751f4c8d65
[2026-07-31T13:09:42.649Z] [INFO] ← GET /030333ad-f4d9-423f-8885-dd751f4c8d65 304 (1ms)
[2026-07-31T13:09:43.057Z] [WARN] [notes:exam-notes] Openrouter rejected model "poolside/laguna-m.1:free": 404 No endpoints found for poolside/laguna-m.1:free.
[2026-07-31T13:09:44.655Z] [INFO] → GET /api/history/030333ad-f4d9-423f-8885-dd751f4c8d65
[2026-07-31T13:09:44.656Z] [INFO] ← GET /030333ad-f4d9-423f-8885-dd751f4c8d65 304 (1ms)
[2026-07-31T13:09:45.763Z] [WARN] [notes:exam-notes] Openrouter/primary/nvidia/nemotron-3-nano-omni-30b-a3b-reasoning:free rate limited → cooling 800ms
[2026-07-31T13:09:45.833Z] [WARN] [notes:exam-notes] Openrouter/primary/nvidia/nemotron-3-nano-30b-a3b:free rate limited → cooling 800ms
[2026-07-31T13:09:45.908Z] [WARN] [notes:exam-notes] Openrouter/primary/poolside/laguna-s-2.1:free rate limited → cooling 800ms
[2026-07-31T13:09:46.245Z] [WARN] [notes:exam-notes] Openrouter/primary/nvidia/nemotron-nano-12b-v2-vl:free rate limited → cooling 800ms
[2026-07-31T13:09:46.662Z] [INFO] → GET /api/history/030333ad-f4d9-423f-8885-dd751f4c8d65
[2026-07-31T13:09:46.663Z] [INFO] ← GET /030333ad-f4d9-423f-8885-dd751f4c8d65 304 (1ms)
[2026-07-31T13:09:48.670Z] [INFO] → GET /api/history/030333ad-f4d9-423f-8885-dd751f4c8d65
[2026-07-31T13:09:48.671Z] [INFO] ← GET /030333ad-f4d9-423f-8885-dd751f4c8d65 304 (1ms)
[2026-07-31T13:09:49.022Z] [WARN] [notes:exam-notes] Openrouter/primary/nvidia/nemotron-nano-9b-v2:free rate limited → cooling 1600ms
[2026-07-31T13:09:49.068Z] [WARN] [notes:exam-notes] Openrouter/primary/poolside/laguna-xs-2.1:free rate limited → cooling 1600ms
[2026-07-31T13:09:49.093Z] [WARN] [notes:exam-notes] Groq/dark/llama-3.3-70b-versatile rate limited → cooling 30000ms
[2026-07-31T13:09:49.138Z] [WARN] [notes:exam-notes] Openrouter/primary/cohere/north-mini-code:free rate limited → cooling 1600ms
[2026-07-31T13:09:49.202Z] [WARN] [Notes] exam-notes unit "Example Script and Flexible Schema" produced no item
[2026-07-31T13:09:49.452Z] [WARN] [notes:exam-notes] Openrouter/primary/inclusionai/ling-3.0-flash:free rate limited → cooling 1600ms
[2026-07-31T13:09:50.678Z] [INFO] → GET /api/history/030333ad-f4d9-423f-8885-dd751f4c8d65
[2026-07-31T13:09:50.679Z] [INFO] ← GET /030333ad-f4d9-423f-8885-dd751f4c8d65 304 (1ms)
[2026-07-31T13:09:52.355Z] [WARN] [Notes] exam-notes unit "Data Structures and AIML" produced no item
[2026-07-31T13:09:52.692Z] [INFO] → GET /api/history/030333ad-f4d9-423f-8885-dd751f4c8d65
[2026-07-31T13:09:52.693Z] [INFO] ← GET /030333ad-f4d9-423f-8885-dd751f4c8d65 304 (1ms)
[2026-07-31T13:09:52.885Z] [WARN] [notes:exam-notes] Openrouter/primary/google/gemma-4-31b-it:free rate limited → cooling 3200ms
[2026-07-31T13:09:54.705Z] [INFO] → GET /api/history/030333ad-f4d9-423f-8885-dd751f4c8d65
[2026-07-31T13:09:54.706Z] [INFO] ← GET /030333ad-f4d9-423f-8885-dd751f4c8d65 304 (1ms)
[2026-07-31T13:09:56.713Z] [INFO] → GET /api/history/030333ad-f4d9-423f-8885-dd751f4c8d65
[2026-07-31T13:09:56.714Z] [INFO] ← GET /030333ad-f4d9-423f-8885-dd751f4c8d65 304 (1ms)
[2026-07-31T13:09:58.724Z] [INFO] → GET /api/history/030333ad-f4d9-423f-8885-dd751f4c8d65
[2026-07-31T13:09:58.725Z] [INFO] ← GET /030333ad-f4d9-423f-8885-dd751f4c8d65 304 (1ms)
[2026-07-31T13:10:00.731Z] [INFO] → GET /api/history/030333ad-f4d9-423f-8885-dd751f4c8d65
[2026-07-31T13:10:00.732Z] [INFO] ← GET /030333ad-f4d9-423f-8885-dd751f4c8d65 304 (1ms)
[2026-07-31T13:10:02.741Z] [INFO] → GET /api/history/030333ad-f4d9-423f-8885-dd751f4c8d65
[2026-07-31T13:10:02.742Z] [INFO] ← GET /030333ad-f4d9-423f-8885-dd751f4c8d65 304 (1ms)
[2026-07-31T13:10:03.279Z] [WARN] [notes:exam-notes] Openrouter/primary/google/gemma-4-26b-a4b-it:free rate limited → cooling 800ms
[2026-07-31T13:10:04.751Z] [INFO] → GET /api/history/030333ad-f4d9-423f-8885-dd751f4c8d65
[2026-07-31T13:10:04.752Z] [INFO] ← GET /030333ad-f4d9-423f-8885-dd751f4c8d65 304 (0ms)
[2026-07-31T13:10:06.577Z] [WARN] [Notes] exam-notes retry failed: Unexpected token 'F', "[Flask Server]" is not valid JSON
[2026-07-31T13:10:06.578Z] [WARN] [Notes] exam-notes retry failed: No JSON found in response
[2026-07-31T13:10:06.580Z] [INFO] [Notes] exam-notes: 3/7 section(s) written in 33.8s across 24 lane(s)
[2026-07-31T13:10:06.582Z] [INFO] ✗ Notes(exam-notes) validation {
  "valid": false,
  "errors": [
    "Exam notes too short: 483 words (minimum 800)"
  ],
  "warnings": [
    "Should have at least 2 diagrams"
  ],
  "metrics": {
    "wordCount": 483
  }
}
[2026-07-31T13:10:06.582Z] [WARN] Notes validation issues for exam-notes: [
  "Exam notes too short: 483 words (minimum 800)"
]
[2026-07-31T13:10:06.585Z] [ACTION] [ACTION] generation.complete | {"draftId":"030333ad-f4d9-423f-8885-dd751f4c8d65","type":"notes","subType":"exam-notes","scope":"notes"}
[2026-07-31T13:10:06.586Z] [INFO] ← POST /notes 200 (33985ms)
[2026-07-31T13:10:06.592Z] [INFO] → GET /api/history/030333ad-f4d9-423f-8885-dd751f4c8d65
[2026-07-31T13:10:06.593Z] [INFO] ← GET /030333ad-f4d9-423f-8885-dd751f4c8d65 200 (2ms)
[2026-07-31T13:10:35.087Z] [INFO] → GET /api/rag/docs
[2026-07-31T13:10:35.089Z] [INFO] ← GET /docs 304 (1ms)
[2026-07-31T13:10:35.092Z] [INFO] → GET /api/history
[2026-07-31T13:10:35.095Z] [INFO] ← GET / 200 (3ms)
[2026-07-31T13:10:40.295Z] [INFO] → POST /api/history/draft
[2026-07-31T13:10:40.299Z] [INFO] ← POST /draft 200 (5ms)
[2026-07-31T13:10:40.318Z] [INFO] → GET /api/history/b5098f13-001a-42d7-9f27-d49323c578d8
[2026-07-31T13:10:40.319Z] [INFO] ← GET /b5098f13-001a-42d7-9f27-d49323c578d8 200 (2ms)
[2026-07-31T13:10:40.325Z] [INFO] → POST /api/study/plan
[2026-07-31T13:10:42.232Z] [INFO] ← POST /plan 200 (1907ms)
[2026-07-31T13:10:42.238Z] [INFO] → PATCH /api/history/b5098f13-001a-42d7-9f27-d49323c578d8
[2026-07-31T13:10:42.241Z] [INFO] ← PATCH /b5098f13-001a-42d7-9f27-d49323c578d8 200 (4ms)
[2026-07-31T13:10:42.246Z] [INFO] → GET /api/history/b5098f13-001a-42d7-9f27-d49323c578d8
[2026-07-31T13:10:42.247Z] [INFO] ← GET /b5098f13-001a-42d7-9f27-d49323c578d8 200 (2ms)
[2026-07-31T13:10:42.255Z] [INFO] → GET /api/rag/docs
[2026-07-31T13:10:42.256Z] [INFO] ← GET /docs 304 (1ms)
[2026-07-31T13:10:54.661Z] [INFO] → PATCH /api/history/b5098f13-001a-42d7-9f27-d49323c578d8
[2026-07-31T13:10:54.668Z] [INFO] ← PATCH /b5098f13-001a-42d7-9f27-d49323c578d8 200 (8ms)
[2026-07-31T13:10:54.674Z] [INFO] → GET /api/history/b5098f13-001a-42d7-9f27-d49323c578d8
[2026-07-31T13:10:54.675Z] [INFO] ← GET /b5098f13-001a-42d7-9f27-d49323c578d8 200 (2ms)
[2026-07-31T13:10:54.682Z] [INFO] → POST /api/study/notes
[2026-07-31T13:10:54.886Z] [INFO] [Notes] 30067 chars of source material for "aiml"
[2026-07-31T13:10:54.887Z] [INFO] [Notes] 5-mark: 9 question(s) planned (~4320 words) [approved plan]
[2026-07-31T13:10:54.889Z] [INFO] [notes:5-mark] 24 lane(s) available: Groq(dark), Openrouter(primary), Groq(veng)
[2026-07-31T13:10:54.939Z] [WARN] [notes:5-mark] Groq/dark/llama-3.3-70b-versatile rate limited → cooling 30000ms
[2026-07-31T13:10:54.971Z] [WARN] [notes:5-mark] Groq/veng/qwen/qwen3.6-27b rate limited → cooling 30000ms
[2026-07-31T13:10:55.227Z] [WARN] [notes:5-mark] Groq/veng/llama-3.3-70b-versatile rate limited → cooling 30000ms
[2026-07-31T13:10:55.481Z] [WARN] [notes:5-mark] Groq/dark/qwen/qwen3.6-27b rate limited → cooling 30000ms
[2026-07-31T13:10:56.649Z] [WARN] [Notes] 5-mark "What are the Key Features of AIML?" is 146/380 words — rewrite pass
[2026-07-31T13:10:56.681Z] [INFO] → GET /api/history/b5098f13-001a-42d7-9f27-d49323c578d8
[2026-07-31T13:10:56.682Z] [INFO] ← GET /b5098f13-001a-42d7-9f27-d49323c578d8 304 (1ms)
[2026-07-31T13:10:58.333Z] [WARN] [notes:5-mark] Openrouter/primary/google/gemma-4-26b-a4b-it:free rate limited → cooling 800ms
[2026-07-31T13:10:58.351Z] [WARN] [notes:5-mark] Openrouter/primary/openai/gpt-oss-20b:free rate limited → cooling 1600ms
[2026-07-31T13:10:58.689Z] [INFO] → GET /api/history/b5098f13-001a-42d7-9f27-d49323c578d8
[2026-07-31T13:10:58.690Z] [INFO] ← GET /b5098f13-001a-42d7-9f27-d49323c578d8 304 (1ms)
[2026-07-31T13:10:58.992Z] [WARN] [notes:5-mark] Openrouter rejected model "poolside/laguna-m.1:free": 404 No endpoints found for poolside/laguna-m.1:free.
[2026-07-31T13:10:59.223Z] [WARN] [notes:5-mark] Openrouter/primary/google/gemma-4-31b-it:free rate limited → cooling 800ms
[2026-07-31T13:11:00.207Z] [WARN] [notes:5-mark] Openrouter/primary/nvidia/nemotron-3-nano-omni-30b-a3b-reasoning:free rate limited → cooling 800ms
[2026-07-31T13:11:00.697Z] [INFO] → GET /api/history/b5098f13-001a-42d7-9f27-d49323c578d8
[2026-07-31T13:11:00.699Z] [INFO] ← GET /b5098f13-001a-42d7-9f27-d49323c578d8 304 (1ms)
[2026-07-31T13:11:01.691Z] [WARN] [notes:5-mark] Openrouter/primary/nvidia/nemotron-3-nano-30b-a3b:free rate limited → cooling 1600ms
[2026-07-31T13:11:02.288Z] [WARN] [notes:5-mark] Openrouter/primary/nvidia/nemotron-nano-12b-v2-vl:free rate limited → cooling 800ms
[2026-07-31T13:11:02.314Z] [WARN] [notes:5-mark] Openrouter/primary/cohere/north-mini-code:free rate limited → cooling 1600ms
[2026-07-31T13:11:02.346Z] [WARN] [notes:5-mark] Openrouter/primary/poolside/laguna-s-2.1:free rate limited → cooling 3200ms
[2026-07-31T13:11:02.498Z] [WARN] [notes:5-mark] Openrouter/primary/nvidia/nemotron-nano-9b-v2:free rate limited → cooling 800ms
[2026-07-31T13:11:02.708Z] [INFO] → GET /api/history/b5098f13-001a-42d7-9f27-d49323c578d8
[2026-07-31T13:11:02.709Z] [INFO] ← GET /b5098f13-001a-42d7-9f27-d49323c578d8 304 (1ms)
[2026-07-31T13:11:03.647Z] [WARN] [notes:5-mark] Openrouter/primary/poolside/laguna-xs-2.1:free rate limited → cooling 1600ms
[2026-07-31T13:11:04.420Z] [WARN] [notes:5-mark] Openrouter/primary/inclusionai/ling-3.0-flash:free rate limited → cooling 800ms
[2026-07-31T13:11:04.718Z] [INFO] → GET /api/history/b5098f13-001a-42d7-9f27-d49323c578d8
[2026-07-31T13:11:04.719Z] [INFO] ← GET /b5098f13-001a-42d7-9f27-d49323c578d8 304 (1ms)
[2026-07-31T13:11:05.505Z] [WARN] [notes:5-mark] Openrouter/primary/google/gemma-4-26b-a4b-it:free rate limited → cooling 3200ms
[2026-07-31T13:11:05.597Z] [WARN] [notes:5-mark] Openrouter/primary/google/gemma-4-31b-it:free rate limited → cooling 1600ms
[2026-07-31T13:11:06.725Z] [INFO] → GET /api/history/b5098f13-001a-42d7-9f27-d49323c578d8
[2026-07-31T13:11:06.725Z] [INFO] ← GET /b5098f13-001a-42d7-9f27-d49323c578d8 304 (1ms)
[2026-07-31T13:11:07.268Z] [WARN] [notes:5-mark] Openrouter/primary/openai/gpt-oss-20b:free rate limited → cooling 3200ms
[2026-07-31T13:11:08.733Z] [INFO] → GET /api/history/b5098f13-001a-42d7-9f27-d49323c578d8
[2026-07-31T13:11:08.734Z] [INFO] ← GET /b5098f13-001a-42d7-9f27-d49323c578d8 304 (1ms)
[2026-07-31T13:11:10.745Z] [INFO] → GET /api/history/b5098f13-001a-42d7-9f27-d49323c578d8
[2026-07-31T13:11:10.746Z] [INFO] ← GET /b5098f13-001a-42d7-9f27-d49323c578d8 304 (1ms)
[2026-07-31T13:11:10.964Z] [WARN] [notes:5-mark] Openrouter/primary/nvidia/nemotron-3-nano-omni-30b-a3b-reasoning:free rate limited → cooling 6400ms
[2026-07-31T13:11:12.752Z] [INFO] → GET /api/history/b5098f13-001a-42d7-9f27-d49323c578d8
[2026-07-31T13:11:12.753Z] [INFO] ← GET /b5098f13-001a-42d7-9f27-d49323c578d8 304 (1ms)
[2026-07-31T13:11:14.400Z] [WARN] [notes:5-mark] Openrouter/primary/nvidia/nemotron-3-nano-30b-a3b:free rate limited → cooling 12800ms
[2026-07-31T13:11:14.640Z] [WARN] [notes:5-mark] Openrouter/primary/poolside/laguna-s-2.1:free rate limited → cooling 800ms
[2026-07-31T13:11:14.759Z] [INFO] → GET /api/history/b5098f13-001a-42d7-9f27-d49323c578d8
[2026-07-31T13:11:14.760Z] [INFO] ← GET /b5098f13-001a-42d7-9f27-d49323c578d8 304 (1ms)
[2026-07-31T13:11:16.767Z] [INFO] → GET /api/history/b5098f13-001a-42d7-9f27-d49323c578d8
[2026-07-31T13:11:16.768Z] [INFO] ← GET /b5098f13-001a-42d7-9f27-d49323c578d8 304 (1ms)
[2026-07-31T13:11:17.919Z] [WARN] [notes:5-mark] Openrouter/primary/nvidia/nemotron-nano-12b-v2-vl:free rate limited → cooling 15000ms
[2026-07-31T13:11:17.931Z] [WARN] [notes:5-mark] Openrouter/primary/nvidia/nemotron-nano-9b-v2:free rate limited → cooling 1600ms
[2026-07-31T13:11:18.773Z] [INFO] → GET /api/history/b5098f13-001a-42d7-9f27-d49323c578d8
[2026-07-31T13:11:18.774Z] [INFO] ← GET /b5098f13-001a-42d7-9f27-d49323c578d8 304 (1ms)
[2026-07-31T13:11:20.780Z] [INFO] → GET /api/history/b5098f13-001a-42d7-9f27-d49323c578d8
[2026-07-31T13:11:20.781Z] [INFO] ← GET /b5098f13-001a-42d7-9f27-d49323c578d8 304 (1ms)
[2026-07-31T13:11:21.406Z] [WARN] [notes:5-mark] Openrouter/primary/cohere/north-mini-code:free rate limited → cooling 15000ms
[2026-07-31T13:11:21.423Z] [WARN] [notes:5-mark] Openrouter/primary/poolside/laguna-xs-2.1:free rate limited → cooling 3200ms
[2026-07-31T13:11:24.856Z] [WARN] [notes:5-mark] Openrouter/primary/inclusionai/ling-3.0-flash:free rate limited → cooling 15000ms
[2026-07-31T13:11:31.003Z] [WARN] [Notes] 5-mark "What are the Future Directions of AIML Research an" is 0/380 words — rewrite pass
[2026-07-31T13:11:42.592Z] [WARN] [notes:5-mark] Groq/veng/llama-3.3-70b-versatile rate limited → cooling 30000ms
[2026-07-31T13:11:42.634Z] [WARN] [notes:5-mark] Groq/dark/qwen/qwen3.6-27b rate limited → cooling 30000ms
[2026-07-31T13:11:42.679Z] [WARN] [notes:5-mark] Groq/veng/qwen/qwen3.6-27b rate limited → cooling 30000ms
[2026-07-31T13:11:46.087Z] [WARN] [Notes] 5-mark group failed: No JSON found in response
[2026-07-31T13:11:46.087Z] [WARN] [Notes] 5-mark group failed: No JSON found in response
[2026-07-31T13:11:46.088Z] [WARN] [Notes] 5-mark group failed: Unexpected token 'U', "[User Input]" is not valid JSON
[2026-07-31T13:11:46.088Z] [WARN] [Notes] 5-mark group failed: Unexpected token 'A', "[AIML]" is not valid JSON
[2026-07-31T13:11:46.088Z] [WARN] [Notes] 5-mark group failed: 429 Rate limit exceeded: free-models-per-day. Add 5 credits to unlock 1000 free model requests per day
[2026-07-31T13:11:46.089Z] [WARN] [Notes] 5-mark group failed: Unexpected token 'U', "[User Input]" is not valid JSON
[2026-07-31T13:11:46.089Z] [WARN] [Notes] 5-mark: retrying 6 missing question(s) individually
[2026-07-31T13:11:48.594Z] [WARN] [Notes] 5-mark "How can AIML be Used in Real-World Applications?" is 213/380 words — rewrite pass
[2026-07-31T13:11:49.550Z] [WARN] [notes:5-mark] Openrouter/primary/google/gemma-4-26b-a4b-it:free rate limited → cooling 800ms
[2026-07-31T13:11:49.555Z] [WARN] [notes:5-mark] Openrouter/primary/openai/gpt-oss-20b:free rate limited → cooling 800ms
[2026-07-31T13:11:50.447Z] [WARN] [Notes] 5-mark rewrite pass added nothing — keeping the 213-word version
[2026-07-31T13:11:50.447Z] [WARN] [Notes] 5-mark "How can AIML be Used in Real-World Applications?" is 213/380 words — continue pass
[2026-07-31T13:11:50.587Z] [WARN] [notes:5-mark] Openrouter/primary/google/gemma-4-31b-it:free rate limited → cooling 800ms
[2026-07-31T13:11:52.829Z] [WARN] [notes:5-mark] Openrouter/primary/nvidia/nemotron-3-nano-omni-30b-a3b-reasoning:free rate limited → cooling 1600ms
[2026-07-31T13:11:53.717Z] [WARN] [notes:5-mark] Openrouter/primary/nvidia/nemotron-3-nano-30b-a3b:free rate limited → cooling 800ms
[2026-07-31T13:11:53.810Z] [WARN] [notes:5-mark] Openrouter/primary/poolside/laguna-s-2.1:free rate limited → cooling 1600ms
[2026-07-31T13:11:57.022Z] [WARN] [notes:5-mark] Openrouter/primary/nvidia/nemotron-nano-12b-v2-vl:free rate limited → cooling 3200ms
[2026-07-31T13:11:57.063Z] [WARN] [notes:5-mark] Openrouter/primary/nvidia/nemotron-nano-9b-v2:free rate limited → cooling 1600ms
[2026-07-31T13:11:57.114Z] [WARN] [notes:5-mark] Openrouter/primary/cohere/north-mini-code:free rate limited → cooling 3200ms
[2026-07-31T13:11:57.173Z] [WARN] [notes:5-mark] Groq/dark/llama-3.3-70b-versatile rate limited → cooling 1000ms
[2026-07-31T13:11:59.450Z] [WARN] [Notes] 5-mark continue pass added nothing — keeping the 213-word version
[2026-07-31T13:11:59.451Z] [WARN] [Notes] 5-mark "How can AIML be Used in Real-World Applications?" finished at 213/380 words
[2026-07-31T13:11:59.720Z] [WARN] [notes:5-mark] Openrouter/primary/poolside/laguna-xs-2.1:free rate limited → cooling 800ms
[2026-07-31T13:12:00.276Z] [WARN] [notes:5-mark] Openrouter/primary/inclusionai/ling-3.0-flash:free rate limited → cooling 6400ms
[2026-07-31T13:12:02.983Z] [WARN] [notes:5-mark] Openrouter/primary/google/gemma-4-31b-it:free rate limited → cooling 1600ms
[2026-07-31T13:12:03.717Z] [WARN] [notes:5-mark] Openrouter/primary/google/gemma-4-26b-a4b-it:free rate limited → cooling 12800ms
[2026-07-31T13:12:06.203Z] [WARN] [notes:5-mark] Openrouter/primary/openai/gpt-oss-20b:free rate limited → cooling 3200ms
[2026-07-31T13:12:06.256Z] [WARN] [Notes] 5-mark "What are the Challenges of Implementing AIML in AI" is 349/380 words — rewrite pass
[2026-07-31T13:12:06.792Z] [INFO] → GET /api/history/b5098f13-001a-42d7-9f27-d49323c578d8
[2026-07-31T13:12:06.793Z] [INFO] ← GET /b5098f13-001a-42d7-9f27-d49323c578d8 304 (1ms)
[2026-07-31T13:12:08.742Z] [WARN] [Notes] 5-mark "How does AIML Compare to Other AI Technologies?" is 0/380 words — rewrite pass
[2026-07-31T13:12:08.800Z] [INFO] → GET /api/history/b5098f13-001a-42d7-9f27-d49323c578d8
[2026-07-31T13:12:08.800Z] [INFO] ← GET /b5098f13-001a-42d7-9f27-d49323c578d8 304 (1ms)
[2026-07-31T13:12:10.354Z] [WARN] [notes:5-mark] Openrouter/primary/nvidia/nemotron-3-nano-omni-30b-a3b-reasoning:free rate limited → cooling 800ms
[2026-07-31T13:12:10.806Z] [INFO] → GET /api/history/b5098f13-001a-42d7-9f27-d49323c578d8
[2026-07-31T13:12:10.807Z] [INFO] ← GET /b5098f13-001a-42d7-9f27-d49323c578d8 304 (1ms)
[2026-07-31T13:12:12.194Z] [WARN] [notes:5-mark] Openrouter/primary/nvidia/nemotron-3-nano-30b-a3b:free rate limited → cooling 800ms
[2026-07-31T13:12:14.336Z] [WARN] [notes:5-mark] Openrouter/primary/poolside/laguna-s-2.1:free rate limited → cooling 1600ms
[2026-07-31T13:12:14.405Z] [WARN] [notes:5-mark] Groq/veng/llama-3.3-70b-versatile rate limited → cooling 1000ms
[2026-07-31T13:12:14.453Z] [WARN] [notes:5-mark] Groq/dark/qwen/qwen3.6-27b rate limited → cooling 30000ms
[2026-07-31T13:12:14.502Z] [WARN] [notes:5-mark] Groq/veng/qwen/qwen3.6-27b rate limited → cooling 30000ms
[2026-07-31T13:12:15.344Z] [WARN] [notes:5-mark] Openrouter/primary/nvidia/nemotron-nano-12b-v2-vl:free rate limited → cooling 1600ms
[2026-07-31T13:12:17.775Z] [WARN] [notes:5-mark] Openrouter/primary/nvidia/nemotron-nano-9b-v2:free rate limited → cooling 15000ms
[2026-07-31T13:12:18.588Z] [WARN] [notes:5-mark] Openrouter/primary/cohere/north-mini-code:free rate limited → cooling 3200ms
[2026-07-31T13:12:20.813Z] [INFO] → GET /api/history/b5098f13-001a-42d7-9f27-d49323c578d8
[2026-07-31T13:12:20.814Z] [INFO] ← GET /b5098f13-001a-42d7-9f27-d49323c578d8 304 (1ms)
[2026-07-31T13:12:21.682Z] [WARN] [notes:5-mark] Openrouter/primary/poolside/laguna-xs-2.1:free rate limited → cooling 15000ms
[2026-07-31T13:12:21.929Z] [WARN] [notes:5-mark] Openrouter/primary/inclusionai/ling-3.0-flash:free rate limited → cooling 6400ms
[2026-07-31T13:12:21.969Z] [WARN] [notes:5-mark] Groq/dark/llama-3.3-70b-versatile rate limited → cooling 1000ms
[2026-07-31T13:12:26.769Z] [WARN] [Notes] 5-mark rewrite pass added nothing — keeping the 0-word version
[2026-07-31T13:12:26.770Z] [WARN] [Notes] 5-mark "How does AIML Compare to Other AI Technologies?" is 0/380 words — rewrite pass
[2026-07-31T13:12:26.821Z] [INFO] → GET /api/history/b5098f13-001a-42d7-9f27-d49323c578d8
[2026-07-31T13:12:26.822Z] [INFO] ← GET /b5098f13-001a-42d7-9f27-d49323c578d8 304 (1ms)
[2026-07-31T13:12:28.211Z] [WARN] [Notes] 5-mark rewrite pass added nothing — keeping the 349-word version
[2026-07-31T13:12:28.212Z] [WARN] [Notes] 5-mark "What are the Challenges of Implementing AIML in AI" is 349/380 words — continue pass
[2026-07-31T13:12:30.458Z] [WARN] [notes:5-mark] Openrouter/primary/google/gemma-4-31b-it:free rate limited → cooling 800ms
[2026-07-31T13:12:31.435Z] [WARN] [notes:5-mark] Openrouter/primary/google/gemma-4-26b-a4b-it:free rate limited → cooling 800ms
[2026-07-31T13:12:33.895Z] [WARN] [notes:5-mark] Openrouter/primary/openai/gpt-oss-20b:free rate limited → cooling 1600ms
[2026-07-31T13:12:34.486Z] [WARN] [Notes] 5-mark unit "What are the Benefits of Using AIML in AI Developm" produced no item
[2026-07-31T13:12:36.052Z] [WARN] [Notes] 5-mark rewrite pass added nothing — keeping the 0-word version
[2026-07-31T13:12:36.053Z] [WARN] [Notes] 5-mark "How does AIML Compare to Other AI Technologies?" finished at 0/380 words
[2026-07-31T13:12:40.835Z] [INFO] → GET /api/history/b5098f13-001a-42d7-9f27-d49323c578d8
[2026-07-31T13:12:40.836Z] [INFO] ← GET /b5098f13-001a-42d7-9f27-d49323c578d8 304 (0ms)
[2026-07-31T13:12:42.847Z] [INFO] → GET /api/history/b5098f13-001a-42d7-9f27-d49323c578d8
[2026-07-31T13:12:42.848Z] [INFO] ← GET /b5098f13-001a-42d7-9f27-d49323c578d8 304 (1ms)
[2026-07-31T13:12:44.854Z] [INFO] → GET /api/history/b5098f13-001a-42d7-9f27-d49323c578d8
[2026-07-31T13:12:44.855Z] [INFO] ← GET /b5098f13-001a-42d7-9f27-d49323c578d8 304 (1ms)
[2026-07-31T13:12:46.861Z] [INFO] → GET /api/history/b5098f13-001a-42d7-9f27-d49323c578d8
[2026-07-31T13:12:46.862Z] [INFO] ← GET /b5098f13-001a-42d7-9f27-d49323c578d8 304 (1ms)
[2026-07-31T13:12:48.869Z] [INFO] → GET /api/history/b5098f13-001a-42d7-9f27-d49323c578d8
[2026-07-31T13:12:48.870Z] [INFO] ← GET /b5098f13-001a-42d7-9f27-d49323c578d8 304 (1ms)
[2026-07-31T13:12:50.878Z] [INFO] → GET /api/history/b5098f13-001a-42d7-9f27-d49323c578d8
[2026-07-31T13:12:50.878Z] [INFO] ← GET /b5098f13-001a-42d7-9f27-d49323c578d8 304 (1ms)
[2026-07-31T13:12:52.296Z] [WARN] [Notes] 5-mark continue pass added nothing — keeping the 349-word version
[2026-07-31T13:12:52.296Z] [WARN] [Notes] 5-mark "What are the Challenges of Implementing AIML in AI" finished at 349/380 words
[2026-07-31T13:12:52.889Z] [INFO] → GET /api/history/b5098f13-001a-42d7-9f27-d49323c578d8
[2026-07-31T13:12:52.890Z] [INFO] ← GET /b5098f13-001a-42d7-9f27-d49323c578d8 304 (1ms)
[2026-07-31T13:12:54.896Z] [INFO] → GET /api/history/b5098f13-001a-42d7-9f27-d49323c578d8
[2026-07-31T13:12:54.897Z] [INFO] ← GET /b5098f13-001a-42d7-9f27-d49323c578d8 304 (0ms)
[2026-07-31T13:12:56.903Z] [INFO] → GET /api/history/b5098f13-001a-42d7-9f27-d49323c578d8
[2026-07-31T13:12:56.904Z] [INFO] ← GET /b5098f13-001a-42d7-9f27-d49323c578d8 304 (1ms)
[2026-07-31T13:12:58.096Z] [WARN] [Notes] 5-mark unit "How does AIML Work with Machine Learning?" produced no item
[2026-07-31T13:12:58.097Z] [WARN] [Notes] 5-mark retry failed: No JSON found in response
[2026-07-31T13:12:58.097Z] [INFO] [Notes] 5-mark: 6/9 question(s) written in 123.2s across 24 lane(s)
[2026-07-31T13:12:58.098Z] [INFO] ✗ Notes(5-mark) validation {
  "valid": false,
  "errors": [
    "Question 2: Missing answer",
    "Question 3: Answer too short: 349 words (minimum 400)",
    "Question 4: Answer too short: 213 words (minimum 400)",
    "Question 6: Answer too short: 384 words (minimum 400)"
  ],
  "warnings": [
    "Question 1: Answer very long: 1193 words (recommended 400-550)",
    "Question 1: Should have at least 2 examples",
    "Question 1: Should have at least 4 key points",
    "Question 2: Should have at least 2 examples",
    "Question 2: Should have at least 4 key points",
    "Question 3: Should have at least 2 examples",
    "Question 4: Should have at least 2 examples",
    "Question 4: Should have at least 4 key points",
    "Question 5: Answer very long: 702 words (recommended 400-550)",
    "Question 5: Should have at least 2 examples",
    "Question 5: Should have at least 4 key points",
    "Question 6: Should have at least 2 examples",
    "Question 6: Should have at least 4 key points"
  ],
  "metrics": {
    "wordCount": 1193
  }
}
[2026-07-31T13:12:58.099Z] [WARN] Notes validation issues for 5-mark: [
  "Question 2: Missing answer",
  "Question 3: Answer too short: 349 words (minimum 400)",
  "Question 4: Answer too short: 213 words (minimum 400)",
  "Question 6: Answer too short: 384 words (minimum 400)"
]
[2026-07-31T13:12:58.101Z] [ACTION] [ACTION] generation.complete | {"draftId":"b5098f13-001a-42d7-9f27-d49323c578d8","type":"notes","subType":"5-mark","scope":"notes"}
[2026-07-31T13:12:58.102Z] [INFO] ← POST /notes 200 (123420ms)
[2026-07-31T13:12:58.107Z] [INFO] → GET /api/history/b5098f13-001a-42d7-9f27-d49323c578d8
[2026-07-31T13:12:58.108Z] [INFO] ← GET /b5098f13-001a-42d7-9f27-d49323c578d8 200 (1ms)
[2026-07-31T13:17:14.788Z] [INFO] → GET /api/rag/docs
[2026-07-31T13:17:14.789Z] [INFO] ← GET /docs 304 (2ms)
[2026-07-31T13:17:14.791Z] [INFO] → GET /api/history
[2026-07-31T13:17:14.794Z] [INFO] ← GET / 200 (3ms)
[2026-07-31T13:17:19.503Z] [INFO] → POST /api/history/draft
[2026-07-31T13:17:19.510Z] [INFO] ← POST /draft 200 (7ms)
[2026-07-31T13:17:19.527Z] [INFO] → GET /api/history/1f9a2320-efc1-4d4a-9b99-27301c0981d7
[2026-07-31T13:17:19.528Z] [INFO] ← GET /1f9a2320-efc1-4d4a-9b99-27301c0981d7 200 (1ms)
[2026-07-31T13:17:19.533Z] [INFO] → POST /api/study/plan
[2026-07-31T13:17:21.183Z] [INFO] ← POST /plan 200 (1650ms)
[2026-07-31T13:17:21.188Z] [INFO] → PATCH /api/history/1f9a2320-efc1-4d4a-9b99-27301c0981d7
[2026-07-31T13:17:21.193Z] [INFO] ← PATCH /1f9a2320-efc1-4d4a-9b99-27301c0981d7 200 (4ms)
[2026-07-31T13:17:21.196Z] [INFO] → GET /api/history/1f9a2320-efc1-4d4a-9b99-27301c0981d7
[2026-07-31T13:17:21.197Z] [INFO] ← GET /1f9a2320-efc1-4d4a-9b99-27301c0981d7 200 (1ms)
[2026-07-31T13:17:21.204Z] [INFO] → GET /api/rag/docs
[2026-07-31T13:17:21.205Z] [INFO] ← GET /docs 304 (1ms)
[2026-07-31T13:17:44.825Z] [INFO] → PATCH /api/history/1f9a2320-efc1-4d4a-9b99-27301c0981d7
[2026-07-31T13:17:44.833Z] [INFO] ← PATCH /1f9a2320-efc1-4d4a-9b99-27301c0981d7 200 (8ms)
[2026-07-31T13:17:44.837Z] [INFO] → GET /api/history/1f9a2320-efc1-4d4a-9b99-27301c0981d7
[2026-07-31T13:17:44.838Z] [INFO] ← GET /1f9a2320-efc1-4d4a-9b99-27301c0981d7 200 (1ms)
[2026-07-31T13:17:44.845Z] [INFO] → POST /api/study/notes
[2026-07-31T13:17:45.200Z] [INFO] [Notes] 30067 chars of source material for "aiml"
[2026-07-31T13:17:45.200Z] [INFO] [Notes] 5-mark: 9 question(s) planned (~4320 words) [approved plan]
[2026-07-31T13:17:45.202Z] [INFO] [notes:5-mark] 24 lane(s) available: Groq(dark), Openrouter(primary), Groq(veng)
[2026-07-31T13:17:45.251Z] [WARN] [notes:5-mark] Groq/dark/llama-3.3-70b-versatile rate limited → cooling 1000ms
[2026-07-31T13:17:45.541Z] [WARN] [notes:5-mark] Groq/veng/qwen/qwen3.6-27b rate limited → cooling 30000ms
[2026-07-31T13:17:45.543Z] [WARN] [notes:5-mark] Groq/veng/llama-3.3-70b-versatile rate limited → cooling 1000ms
[2026-07-31T13:17:45.798Z] [WARN] [notes:5-mark] Groq/dark/qwen/qwen3.6-27b rate limited → cooling 30000ms
[2026-07-31T13:17:46.850Z] [INFO] → GET /api/history/1f9a2320-efc1-4d4a-9b99-27301c0981d7
[2026-07-31T13:17:46.852Z] [INFO] ← GET /1f9a2320-efc1-4d4a-9b99-27301c0981d7 304 (2ms)
[2026-07-31T13:17:48.861Z] [INFO] → GET /api/history/1f9a2320-efc1-4d4a-9b99-27301c0981d7
[2026-07-31T13:17:48.862Z] [INFO] ← GET /1f9a2320-efc1-4d4a-9b99-27301c0981d7 304 (1ms)
[2026-07-31T13:17:49.283Z] [WARN] [notes:5-mark] Openrouter/primary/google/gemma-4-26b-a4b-it:free rate limited → cooling 800ms
[2026-07-31T13:17:49.346Z] [WARN] [notes:5-mark] Openrouter/primary/openai/gpt-oss-20b:free rate limited → cooling 1600ms
[2026-07-31T13:17:49.677Z] [WARN] [notes:5-mark] Openrouter rejected model "poolside/laguna-m.1:free": 404 No endpoints found for poolside/laguna-m.1:free.
[2026-07-31T13:17:49.823Z] [WARN] [notes:5-mark] Openrouter/primary/google/gemma-4-31b-it:free rate limited → cooling 800ms
[2026-07-31T13:17:50.869Z] [INFO] → GET /api/history/1f9a2320-efc1-4d4a-9b99-27301c0981d7
[2026-07-31T13:17:50.870Z] [INFO] ← GET /1f9a2320-efc1-4d4a-9b99-27301c0981d7 304 (1ms)
[2026-07-31T13:17:52.019Z] [WARN] [notes:5-mark] Openrouter/primary/nvidia/nemotron-3-nano-omni-30b-a3b-reasoning:free rate limited → cooling 800ms
[2026-07-31T13:17:52.124Z] [WARN] [notes:5-mark] Openrouter/primary/nvidia/nemotron-3-nano-30b-a3b:free rate limited → cooling 800ms
[2026-07-31T13:17:52.161Z] [WARN] [notes:5-mark] Groq/dark/llama-3.3-70b-versatile rate limited → cooling 30000ms
[2026-07-31T13:17:52.202Z] [WARN] [notes:5-mark] Groq/veng/llama-3.3-70b-versatile rate limited → cooling 30000ms
[2026-07-31T13:17:52.544Z] [WARN] [notes:5-mark] Openrouter/primary/nvidia/nemotron-nano-12b-v2-vl:free rate limited → cooling 3200ms
[2026-07-31T13:17:52.657Z] [WARN] [notes:5-mark] Openrouter/primary/poolside/laguna-s-2.1:free rate limited → cooling 1600ms
[2026-07-31T13:17:52.799Z] [WARN] [notes:5-mark] Openrouter/primary/nvidia/nemotron-nano-9b-v2:free rate limited → cooling 800ms
[2026-07-31T13:17:52.877Z] [INFO] → GET /api/history/1f9a2320-efc1-4d4a-9b99-27301c0981d7
[2026-07-31T13:17:52.877Z] [INFO] ← GET /1f9a2320-efc1-4d4a-9b99-27301c0981d7 304 (1ms)
[2026-07-31T13:17:52.958Z] [WARN] [notes:5-mark] Openrouter/primary/cohere/north-mini-code:free rate limited → cooling 800ms
[2026-07-31T13:17:53.047Z] [WARN] [notes:5-mark] Openrouter/primary/poolside/laguna-xs-2.1:free rate limited → cooling 1600ms
[2026-07-31T13:17:54.885Z] [INFO] → GET /api/history/1f9a2320-efc1-4d4a-9b99-27301c0981d7
[2026-07-31T13:17:54.886Z] [INFO] ← GET /1f9a2320-efc1-4d4a-9b99-27301c0981d7 304 (1ms)
[2026-07-31T13:17:55.466Z] [WARN] [notes:5-mark] Openrouter/primary/inclusionai/ling-3.0-flash:free rate limited → cooling 1600ms
[2026-07-31T13:17:55.887Z] [WARN] [notes:5-mark] Openrouter/primary/google/gemma-4-31b-it:free rate limited → cooling 3200ms
[2026-07-31T13:17:56.089Z] [WARN] [notes:5-mark] Openrouter/primary/google/gemma-4-26b-a4b-it:free rate limited → cooling 1600ms
[2026-07-31T13:17:56.896Z] [INFO] → GET /api/history/1f9a2320-efc1-4d4a-9b99-27301c0981d7
[2026-07-31T13:17:56.897Z] [INFO] ← GET /1f9a2320-efc1-4d4a-9b99-27301c0981d7 304 (1ms)
[2026-07-31T13:17:58.720Z] [WARN] [notes:5-mark] Openrouter/primary/openai/gpt-oss-20b:free rate limited → cooling 3200ms
[2026-07-31T13:17:58.905Z] [INFO] → GET /api/history/1f9a2320-efc1-4d4a-9b99-27301c0981d7
[2026-07-31T13:17:58.906Z] [INFO] ← GET /1f9a2320-efc1-4d4a-9b99-27301c0981d7 304 (1ms)
[2026-07-31T13:18:00.916Z] [INFO] → GET /api/history/1f9a2320-efc1-4d4a-9b99-27301c0981d7
[2026-07-31T13:18:00.917Z] [INFO] ← GET /1f9a2320-efc1-4d4a-9b99-27301c0981d7 304 (1ms)
[2026-07-31T13:18:02.925Z] [INFO] → GET /api/history/1f9a2320-efc1-4d4a-9b99-27301c0981d7
[2026-07-31T13:18:02.926Z] [INFO] ← GET /1f9a2320-efc1-4d4a-9b99-27301c0981d7 304 (1ms)
[2026-07-31T13:18:04.933Z] [INFO] → GET /api/history/1f9a2320-efc1-4d4a-9b99-27301c0981d7
[2026-07-31T13:18:04.934Z] [INFO] ← GET /1f9a2320-efc1-4d4a-9b99-27301c0981d7 304 (1ms)
[2026-07-31T13:18:06.944Z] [INFO] → GET /api/history/1f9a2320-efc1-4d4a-9b99-27301c0981d7
[2026-07-31T13:18:06.945Z] [INFO] ← GET /1f9a2320-efc1-4d4a-9b99-27301c0981d7 304 (1ms)
[2026-07-31T13:18:08.952Z] [INFO] → GET /api/history/1f9a2320-efc1-4d4a-9b99-27301c0981d7
[2026-07-31T13:18:08.954Z] [INFO] ← GET /1f9a2320-efc1-4d4a-9b99-27301c0981d7 304 (1ms)
[2026-07-31T13:18:10.959Z] [INFO] → GET /api/history/1f9a2320-efc1-4d4a-9b99-27301c0981d7
[2026-07-31T13:18:10.961Z] [INFO] ← GET /1f9a2320-efc1-4d4a-9b99-27301c0981d7 304 (1ms)
[2026-07-31T13:18:12.966Z] [INFO] → GET /api/history/1f9a2320-efc1-4d4a-9b99-27301c0981d7
[2026-07-31T13:18:12.967Z] [INFO] ← GET /1f9a2320-efc1-4d4a-9b99-27301c0981d7 304 (1ms)
[2026-07-31T13:18:14.973Z] [INFO] → GET /api/history/1f9a2320-efc1-4d4a-9b99-27301c0981d7
[2026-07-31T13:18:14.973Z] [INFO] ← GET /1f9a2320-efc1-4d4a-9b99-27301c0981d7 304 (1ms)
[2026-07-31T13:18:16.874Z] [WARN] [notes:5-mark] Openrouter/primary/nvidia/nemotron-3-nano-omni-30b-a3b-reasoning:free rate limited → cooling 800ms
[2026-07-31T13:18:16.981Z] [INFO] → GET /api/history/1f9a2320-efc1-4d4a-9b99-27301c0981d7
[2026-07-31T13:18:16.982Z] [INFO] ← GET /1f9a2320-efc1-4d4a-9b99-27301c0981d7 304 (1ms)
[2026-07-31T13:18:18.992Z] [INFO] → GET /api/history/1f9a2320-efc1-4d4a-9b99-27301c0981d7
[2026-07-31T13:18:18.993Z] [INFO] ← GET /1f9a2320-efc1-4d4a-9b99-27301c0981d7 304 (0ms)
[2026-07-31T13:18:21.001Z] [INFO] → GET /api/history/1f9a2320-efc1-4d4a-9b99-27301c0981d7
[2026-07-31T13:18:21.002Z] [INFO] ← GET /1f9a2320-efc1-4d4a-9b99-27301c0981d7 304 (2ms)
[2026-07-31T13:18:21.097Z] [WARN] [Notes] 5-mark unit "Data Structures in AIML using Python" produced no item
[2026-07-31T13:18:23.007Z] [INFO] → GET /api/history/1f9a2320-efc1-4d4a-9b99-27301c0981d7
[2026-07-31T13:18:23.008Z] [INFO] ← GET /1f9a2320-efc1-4d4a-9b99-27301c0981d7 304 (1ms)
[2026-07-31T13:18:23.213Z] [WARN] [notes:5-mark] Groq/veng/qwen/qwen3.6-27b rate limited → cooling 30000ms
[2026-07-31T13:18:24.608Z] [WARN] [Notes] 5-mark "Python as a Language for AIML" is 13/380 words — rewrite pass
[2026-07-31T13:18:26.638Z] [WARN] [notes:5-mark] Openrouter/primary/nvidia/nemotron-3-nano-30b-a3b:free rate limited → cooling 1600ms
[2026-07-31T13:18:27.020Z] [INFO] → GET /api/history/1f9a2320-efc1-4d4a-9b99-27301c0981d7
[2026-07-31T13:18:27.021Z] [INFO] ← GET /1f9a2320-efc1-4d4a-9b99-27301c0981d7 304 (1ms)
[2026-07-31T13:18:28.074Z] [WARN] [notes:5-mark] Openrouter/primary/poolside/laguna-s-2.1:free rate limited → cooling 800ms
[2026-07-31T13:18:29.323Z] [INFO] → GET /api/history/1f9a2320-efc1-4d4a-9b99-27301c0981d7
[2026-07-31T13:18:29.324Z] [INFO] ← GET /1f9a2320-efc1-4d4a-9b99-27301c0981d7 304 (1ms)
[2026-07-31T13:18:29.997Z] [WARN] [notes:5-mark] Openrouter/primary/nvidia/nemotron-nano-12b-v2-vl:free rate limited → cooling 3200ms
[2026-07-31T13:18:31.507Z] [WARN] [notes:5-mark] Openrouter/primary/nvidia/nemotron-nano-9b-v2:free rate limited → cooling 1600ms
[2026-07-31T13:18:31.659Z] [INFO] → GET /api/history/1f9a2320-efc1-4d4a-9b99-27301c0981d7
[2026-07-31T13:18:31.660Z] [INFO] ← GET /1f9a2320-efc1-4d4a-9b99-27301c0981d7 304 (1ms)
[2026-07-31T13:18:32.693Z] [INFO] → GET /api/rag/docs
[2026-07-31T13:18:32.695Z] [INFO] ← GET /docs 304 (1ms)
[2026-07-31T13:18:32.697Z] [INFO] → GET /api/history
[2026-07-31T13:18:32.700Z] [INFO] ← GET / 200 (3ms)
[2026-07-31T13:18:33.323Z] [WARN] [notes:5-mark] Openrouter/primary/cohere/north-mini-code:free rate limited → cooling 6400ms
[2026-07-31T13:18:34.885Z] [WARN] [notes:5-mark] Openrouter/primary/poolside/laguna-xs-2.1:free rate limited → cooling 3200ms
[2026-07-31T13:18:34.949Z] [WARN] [notes:5-mark] Groq/dark/llama-3.3-70b-versatile rate limited → cooling 30000ms
[2026-07-31T13:18:34.989Z] [WARN] [notes:5-mark] Groq/veng/llama-3.3-70b-versatile rate limited → cooling 30000ms
[2026-07-31T13:18:36.665Z] [WARN] [notes:5-mark] Openrouter/primary/inclusionai/ling-3.0-flash:free rate limited → cooling 12800ms
[2026-07-31T13:18:52.544Z] [INFO] → POST /api/history/draft
[2026-07-31T13:18:52.550Z] [INFO] ← POST /draft 200 (7ms)
[2026-07-31T13:18:52.561Z] [INFO] → GET /api/history/88bc76e8-6e5e-467f-9970-9d0d0701b719
[2026-07-31T13:18:52.563Z] [INFO] ← GET /88bc76e8-6e5e-467f-9970-9d0d0701b719 200 (1ms)
[2026-07-31T13:18:52.569Z] [INFO] → POST /api/study/plan
[2026-07-31T13:18:53.973Z] [INFO] ← POST /plan 200 (1403ms)
[2026-07-31T13:18:53.979Z] [INFO] → PATCH /api/history/88bc76e8-6e5e-467f-9970-9d0d0701b719
[2026-07-31T13:18:53.983Z] [INFO] ← PATCH /88bc76e8-6e5e-467f-9970-9d0d0701b719 200 (5ms)
[2026-07-31T13:18:53.988Z] [INFO] → GET /api/history/88bc76e8-6e5e-467f-9970-9d0d0701b719
[2026-07-31T13:18:53.988Z] [INFO] ← GET /88bc76e8-6e5e-467f-9970-9d0d0701b719 200 (1ms)
[2026-07-31T13:18:53.996Z] [INFO] → GET /api/rag/docs
[2026-07-31T13:18:53.997Z] [INFO] ← GET /docs 304 (1ms)
[2026-07-31T13:18:56.270Z] [WARN] [Notes] 5-mark "Python as a Language for AIML" is 115/380 words — continue pass
[2026-07-31T13:18:59.679Z] [WARN] [notes:5-mark] Openrouter/primary/google/gemma-4-31b-it:free rate limited → cooling 800ms
[2026-07-31T13:19:03.125Z] [WARN] [notes:5-mark] Openrouter/primary/google/gemma-4-26b-a4b-it:free rate limited → cooling 1600ms
[2026-07-31T13:19:04.740Z] [WARN] [Notes] 5-mark continue pass added nothing — keeping the 115-word version
[2026-07-31T13:19:04.740Z] [WARN] [Notes] 5-mark "Python as a Language for AIML" finished at 115/380 words
[2026-07-31T13:19:04.741Z] [WARN] [Notes] 5-mark group failed: No JSON found in response
[2026-07-31T13:19:04.741Z] [WARN] [Notes] 5-mark group failed: Unexpected token 'O', "[OSINT]" is not valid JSON
[2026-07-31T13:19:04.741Z] [WARN] [Notes] 5-mark group failed: Unexpected token 'A', "[Attacker]" is not valid JSON
[2026-07-31T13:19:04.742Z] [WARN] [Notes] 5-mark group failed: No JSON found in response
[2026-07-31T13:19:04.742Z] [WARN] [Notes] 5-mark group failed: Unexpected token 'U', "[User Input]" is not valid JSON
[2026-07-31T13:19:04.742Z] [WARN] [Notes] 5-mark group failed: Expected double-quoted property name in JSON at position 1039 (line 19 column 17)
[2026-07-31T13:19:04.743Z] [WARN] [Notes] 5-mark group failed: No JSON found in response
[2026-07-31T13:19:04.743Z] [WARN] [Notes] 5-mark: retrying 8 missing question(s) individually
[2026-07-31T13:19:04.829Z] [WARN] [notes:5-mark] Groq/dark/qwen/qwen3.6-27b rate limited → cooling 30000ms
[2026-07-31T13:19:04.887Z] [WARN] [notes:5-mark] Groq/veng/qwen/qwen3.6-27b rate limited → cooling 30000ms
[2026-07-31T13:19:08.101Z] [WARN] [notes:5-mark] Openrouter/primary/openai/gpt-oss-20b:free rate limited → cooling 800ms
[2026-07-31T13:19:08.328Z] [WARN] [notes:5-mark] Openrouter/primary/nvidia/nemotron-3-nano-30b-a3b:free rate limited → cooling 3200ms
[2026-07-31T13:19:08.733Z] [WARN] [notes:5-mark] Openrouter/primary/nvidia/nemotron-3-nano-omni-30b-a3b-reasoning:free rate limited → cooling 800ms
[2026-07-31T13:19:08.811Z] [WARN] [notes:5-mark] Groq/dark/llama-3.3-70b-versatile rate limited → cooling 30000ms
[2026-07-31T13:19:08.851Z] [WARN] [notes:5-mark] Groq/veng/llama-3.3-70b-versatile rate limited → cooling 30000ms
[2026-07-31T13:19:09.333Z] [WARN] [notes:5-mark] Openrouter/primary/poolside/laguna-s-2.1:free rate limited → cooling 800ms
[2026-07-31T13:19:09.492Z] [WARN] [Notes] 5-mark unit "What is AIML and its Applications?" produced no item
[2026-07-31T13:19:09.629Z] [WARN] [notes:5-mark] Openrouter/primary/nvidia/nemotron-nano-12b-v2-vl:free rate limited → cooling 800ms
[2026-07-31T13:19:10.136Z] [WARN] [notes:5-mark] Openrouter/primary/nvidia/nemotron-nano-9b-v2:free rate limited → cooling 800ms
[2026-07-31T13:19:11.464Z] [WARN] [notes:5-mark] Openrouter/primary/cohere/north-mini-code:free rate limited → cooling 1600ms
[2026-07-31T13:19:11.586Z] [WARN] [notes:5-mark] Openrouter/primary/poolside/laguna-xs-2.1:free rate limited → cooling 6400ms
[2026-07-31T13:19:12.074Z] [WARN] [notes:5-mark] Openrouter/primary/inclusionai/ling-3.0-flash:free rate limited → cooling 1600ms
[2026-07-31T13:19:12.997Z] [WARN] [notes:5-mark] Openrouter/primary/google/gemma-4-31b-it:free rate limited → cooling 1600ms
[2026-07-31T13:19:13.155Z] [WARN] [Notes] 5-mark unit "Object-Oriented Programming (OOP) in AIML" produced no item
[2026-07-31T13:19:13.377Z] [WARN] [notes:5-mark] Openrouter/primary/google/gemma-4-26b-a4b-it:free rate limited → cooling 1600ms
[2026-07-31T13:19:14.614Z] [INFO] → PATCH /api/history/88bc76e8-6e5e-467f-9970-9d0d0701b719
[2026-07-31T13:19:14.623Z] [INFO] ← PATCH /88bc76e8-6e5e-467f-9970-9d0d0701b719 200 (8ms)
[2026-07-31T13:19:14.628Z] [INFO] → GET /api/history/88bc76e8-6e5e-467f-9970-9d0d0701b719
[2026-07-31T13:19:14.629Z] [INFO] ← GET /88bc76e8-6e5e-467f-9970-9d0d0701b719 200 (2ms)
[2026-07-31T13:19:14.636Z] [INFO] → POST /api/study/notes
[2026-07-31T13:19:14.816Z] [INFO] [Notes] 30067 chars of source material for "aiml"
[2026-07-31T13:19:14.816Z] [INFO] [Notes] 10-mark: 6 question(s) planned (~6000 words) [approved plan]
[2026-07-31T13:19:14.819Z] [INFO] [notes:10-mark] 24 lane(s) available: Groq(dark), Openrouter(primary), Groq(veng)
[2026-07-31T13:19:14.870Z] [WARN] [notes:10-mark] Groq/dark/llama-3.3-70b-versatile rate limited → cooling 1000ms
[2026-07-31T13:19:14.925Z] [WARN] [notes:10-mark] Groq/veng/qwen/qwen3.6-27b rate limited → cooling 30000ms
[2026-07-31T13:19:14.931Z] [WARN] [notes:5-mark] Openrouter/primary/openai/gpt-oss-20b:free rate limited → cooling 12800ms
[2026-07-31T13:19:15.143Z] [WARN] [notes:10-mark] Groq/veng/llama-3.3-70b-versatile rate limited → cooling 1000ms
[2026-07-31T13:19:15.161Z] [WARN] [notes:10-mark] Groq/dark/qwen/qwen3.6-27b rate limited → cooling 30000ms
[2026-07-31T13:19:16.635Z] [INFO] → GET /api/history/88bc76e8-6e5e-467f-9970-9d0d0701b719
[2026-07-31T13:19:16.636Z] [INFO] ← GET /88bc76e8-6e5e-467f-9970-9d0d0701b719 304 (1ms)
[2026-07-31T13:19:18.165Z] [WARN] [notes:10-mark] Openrouter/primary/google/gemma-4-31b-it:free rate limited → cooling 800ms
[2026-07-31T13:19:18.388Z] [WARN] [notes:10-mark] Openrouter/primary/google/gemma-4-26b-a4b-it:free rate limited → cooling 3200ms
[2026-07-31T13:19:18.646Z] [INFO] → GET /api/history/88bc76e8-6e5e-467f-9970-9d0d0701b719
[2026-07-31T13:19:18.647Z] [INFO] ← GET /88bc76e8-6e5e-467f-9970-9d0d0701b719 304 (0ms)
[2026-07-31T13:19:20.653Z] [INFO] → GET /api/history/88bc76e8-6e5e-467f-9970-9d0d0701b719
[2026-07-31T13:19:20.654Z] [INFO] ← GET /88bc76e8-6e5e-467f-9970-9d0d0701b719 304 (1ms)
[2026-07-31T13:19:21.589Z] [WARN] [notes:10-mark] Openrouter/primary/openai/gpt-oss-20b:free rate limited → cooling 1600ms
[2026-07-31T13:19:21.641Z] [WARN] [notes:10-mark] Groq/veng/llama-3.1-8b-instant rate limited → cooling 3200ms
[2026-07-31T13:19:22.338Z] [WARN] [notes:10-mark] Groq/veng/allam-2-7b rate limited → cooling 800ms
[2026-07-31T13:19:22.662Z] [INFO] → GET /api/history/88bc76e8-6e5e-467f-9970-9d0d0701b719
[2026-07-31T13:19:22.663Z] [INFO] ← GET /88bc76e8-6e5e-467f-9970-9d0d0701b719 304 (1ms)
[2026-07-31T13:19:24.676Z] [INFO] → GET /api/history/88bc76e8-6e5e-467f-9970-9d0d0701b719
[2026-07-31T13:19:24.677Z] [INFO] ← GET /88bc76e8-6e5e-467f-9970-9d0d0701b719 304 (1ms)
[2026-07-31T13:19:25.440Z] [WARN] [Notes] 5-mark unit "Exception Handling in AIML" produced no item
[2026-07-31T13:19:25.733Z] [WARN] [notes:10-mark] Openrouter/primary/nvidia/nemotron-3-nano-omni-30b-a3b-reasoning:free rate limited → cooling 1600ms
[2026-07-31T13:19:26.383Z] [WARN] [notes:10-mark] Openrouter rejected model "poolside/laguna-m.1:free": 404 No endpoints found for poolside/laguna-m.1:free.
[2026-07-31T13:19:26.682Z] [INFO] → GET /api/history/88bc76e8-6e5e-467f-9970-9d0d0701b719
[2026-07-31T13:19:26.683Z] [INFO] ← GET /88bc76e8-6e5e-467f-9970-9d0d0701b719 304 (1ms)
[2026-07-31T13:19:27.490Z] [WARN] [notes:10-mark] Openrouter/primary/nvidia/nemotron-3-nano-30b-a3b:free rate limited → cooling 800ms
[2026-07-31T13:19:28.695Z] [INFO] → GET /api/history/88bc76e8-6e5e-467f-9970-9d0d0701b719
[2026-07-31T13:19:28.696Z] [INFO] ← GET /88bc76e8-6e5e-467f-9970-9d0d0701b719 304 (1ms)
[2026-07-31T13:19:29.658Z] [WARN] [notes:10-mark] Openrouter/primary/poolside/laguna-s-2.1:free rate limited → cooling 3200ms
[2026-07-31T13:19:30.703Z] [INFO] → GET /api/history/88bc76e8-6e5e-467f-9970-9d0d0701b719
[2026-07-31T13:19:30.704Z] [INFO] ← GET /88bc76e8-6e5e-467f-9970-9d0d0701b719 304 (1ms)
[2026-07-31T13:19:30.866Z] [WARN] [notes:10-mark] Openrouter/primary/nvidia/nemotron-nano-12b-v2-vl:free rate limited → cooling 1600ms
[2026-07-31T13:19:31.208Z] [WARN] [notes:5-mark] Openrouter/primary/nvidia/nemotron-3-nano-omni-30b-a3b-reasoning:free rate limited → cooling 800ms
[2026-07-31T13:19:31.586Z] [WARN] [Notes] 5-mark "Data Structures in AIML using Python" is 265/380 words — rewrite pass
[2026-07-31T13:19:32.715Z] [INFO] → GET /api/history/88bc76e8-6e5e-467f-9970-9d0d0701b719
[2026-07-31T13:19:32.716Z] [INFO] ← GET /88bc76e8-6e5e-467f-9970-9d0d0701b719 304 (1ms)
[2026-07-31T13:19:33.066Z] [WARN] [notes:10-mark] Openrouter/primary/nvidia/nemotron-nano-9b-v2:free rate limited → cooling 6400ms
[2026-07-31T13:19:34.213Z] [WARN] [notes:10-mark] Openrouter/primary/cohere/north-mini-code:free rate limited → cooling 3200ms
[2026-07-31T13:19:34.460Z] [WARN] [notes:5-mark] Openrouter/primary/nvidia/nemotron-3-nano-30b-a3b:free rate limited → cooling 1600ms
[2026-07-31T13:19:34.721Z] [INFO] → GET /api/history/88bc76e8-6e5e-467f-9970-9d0d0701b719
[2026-07-31T13:19:34.722Z] [INFO] ← GET /88bc76e8-6e5e-467f-9970-9d0d0701b719 304 (1ms)
[2026-07-31T13:19:34.732Z] [WARN] [notes:5-mark] Openrouter/primary/poolside/laguna-s-2.1:free rate limited → cooling 800ms
[2026-07-31T13:19:36.436Z] [WARN] [notes:10-mark] Openrouter/primary/poolside/laguna-xs-2.1:free rate limited → cooling 12800ms
[2026-07-31T13:19:36.507Z] [WARN] [notes:10-mark] Groq/dark/llama-3.3-70b-versatile rate limited → cooling 1000ms
[2026-07-31T13:19:36.555Z] [WARN] [notes:10-mark] Groq/veng/llama-3.3-70b-versatile rate limited → cooling 1000ms
[2026-07-31T13:19:36.729Z] [INFO] → GET /api/history/88bc76e8-6e5e-467f-9970-9d0d0701b719
[2026-07-31T13:19:36.730Z] [INFO] ← GET /88bc76e8-6e5e-467f-9970-9d0d0701b719 304 (0ms)
[2026-07-31T13:19:37.491Z] [WARN] [notes:10-mark] Openrouter/primary/inclusionai/ling-3.0-flash:free rate limited → cooling 6400ms
[2026-07-31T13:19:37.856Z] [WARN] [notes:5-mark] Openrouter/primary/nvidia/nemotron-nano-12b-v2-vl:free rate limited → cooling 3200ms
[2026-07-31T13:19:37.908Z] [WARN] [notes:5-mark] Groq/dark/qwen/qwen3.6-27b rate limited → cooling 30000ms
[2026-07-31T13:19:37.956Z] [WARN] [notes:5-mark] Groq/veng/qwen/qwen3.6-27b rate limited → cooling 30000ms
[2026-07-31T13:19:37.982Z] [WARN] [notes:5-mark] Openrouter/primary/nvidia/nemotron-nano-9b-v2:free rate limited → cooling 1600ms
[2026-07-31T13:19:38.755Z] [INFO] → GET /api/history/88bc76e8-6e5e-467f-9970-9d0d0701b719
[2026-07-31T13:19:38.756Z] [INFO] ← GET /88bc76e8-6e5e-467f-9970-9d0d0701b719 304 (1ms)
[2026-07-31T13:19:40.763Z] [INFO] → GET /api/history/88bc76e8-6e5e-467f-9970-9d0d0701b719
[2026-07-31T13:19:40.764Z] [INFO] ← GET /88bc76e8-6e5e-467f-9970-9d0d0701b719 304 (1ms)
[2026-07-31T13:19:40.955Z] [WARN] [notes:10-mark] Groq/veng/openai/gpt-oss-120b rate limited → cooling 30000ms
[2026-07-31T13:19:41.179Z] [WARN] [notes:5-mark] Openrouter/primary/poolside/laguna-xs-2.1:free rate limited → cooling 3200ms
[2026-07-31T13:19:42.380Z] [WARN] [notes:5-mark] Openrouter/primary/cohere/north-mini-code:free rate limited → cooling 15000ms
[2026-07-31T13:19:42.427Z] [WARN] [notes:5-mark] Groq/dark/llama-3.3-70b-versatile rate limited → cooling 30000ms
[2026-07-31T13:19:42.472Z] [WARN] [notes:5-mark] Groq/veng/llama-3.3-70b-versatile rate limited → cooling 30000ms
[2026-07-31T13:19:42.770Z] [INFO] → GET /api/history/88bc76e8-6e5e-467f-9970-9d0d0701b719
[2026-07-31T13:19:42.771Z] [INFO] ← GET /88bc76e8-6e5e-467f-9970-9d0d0701b719 304 (1ms)
[2026-07-31T13:19:44.398Z] [WARN] [notes:10-mark] Openrouter/primary/google/gemma-4-31b-it:free rate limited → cooling 1600ms
[2026-07-31T13:19:44.466Z] [WARN] [notes:5-mark] Openrouter/primary/inclusionai/ling-3.0-flash:free rate limited → cooling 6400ms
[2026-07-31T13:19:47.571Z] [WARN] [notes:10-mark] Openrouter/primary/google/gemma-4-26b-a4b-it:free rate limited → cooling 3200ms
[2026-07-31T13:19:47.628Z] [WARN] [notes:10-mark] Groq/dark/qwen/qwen3.6-27b rate limited → cooling 30000ms
[2026-07-31T13:19:47.681Z] [WARN] [notes:10-mark] Groq/veng/qwen/qwen3.6-27b rate limited → cooling 30000ms
[2026-07-31T13:19:48.096Z] [WARN] [Notes] 10-mark unit "How does AIML interact with web fundamentals?" produced no item
[2026-07-31T13:19:50.949Z] [WARN] [notes:10-mark] Openrouter/primary/openai/gpt-oss-20b:free rate limited → cooling 15000ms
[2026-07-31T13:19:55.819Z] [WARN] [Notes] 5-mark unit "File Handling in AIML" produced no item
[2026-07-31T13:20:00.693Z] [WARN] [notes:10-mark] Groq/dark/openai/gpt-oss-120b rate limited → cooling 23662ms
[2026-07-31T13:20:05.679Z] [WARN] [Notes] 5-mark rewrite pass added nothing — keeping the 265-word version
[2026-07-31T13:20:05.679Z] [WARN] [Notes] 5-mark "Data Structures in AIML using Python" is 265/380 words — continue pass
[2026-07-31T13:20:09.085Z] [WARN] [notes:5-mark] Openrouter/primary/google/gemma-4-31b-it:free rate limited → cooling 800ms
[2026-07-31T13:20:12.295Z] [WARN] [notes:5-mark] Openrouter/primary/google/gemma-4-26b-a4b-it:free rate limited → cooling 1600ms
[2026-07-31T13:20:14.612Z] [WARN] [notes:10-mark] Groq/veng/openai/gpt-oss-120b rate limited → cooling 30000ms
[2026-07-31T13:20:34.124Z] [WARN] [notes:5-mark] Groq/dark/allam-2-7b rate limited → cooling 18130ms
[2026-07-31T13:20:37.529Z] [WARN] [notes:5-mark] Openrouter/primary/openai/gpt-oss-20b:free rate limited → cooling 15000ms
[2026-07-31T13:20:51.321Z] [WARN] [Notes] 5-mark continue pass added nothing — keeping the 265-word version
[2026-07-31T13:20:51.322Z] [WARN] [Notes] 5-mark "Data Structures in AIML using Python" finished at 265/380 words
[2026-07-31T13:21:08.359Z] [WARN] [Notes] 5-mark "Database Handling in AIML" is 262/380 words — rewrite pass
[2026-07-31T13:21:10.073Z] [WARN] [Notes] 5-mark rewrite pass added nothing — keeping the 262-word version
[2026-07-31T13:21:10.074Z] [WARN] [Notes] 5-mark "Database Handling in AIML" is 262/380 words — continue pass
[2026-07-31T13:21:10.368Z] [WARN] [Notes] 5-mark retry failed: 429 Rate limit reached for model `llama-3.3-70b-versatile` in organization `org_01kyhptq34e7tr7r6wk4zamnh6` service tier `on_demand` on tokens per day (TPD): Limit 100000, Used 99151, Requested 4275. Please try again in 49m20.064s. Need more tokens? Upgrade to Dev Tier today at https://console.groq.com/settings/billing
[2026-07-31T13:21:10.369Z] [WARN] [Notes] 5-mark retry failed: Unexpected token 'A', "[AIML System]" is not valid JSON
[2026-07-31T13:21:10.369Z] [INFO] [Notes] 5-mark: 3/9 question(s) written in 205.2s across 24 lane(s)
[2026-07-31T13:21:10.370Z] [INFO] ✗ Notes(5-mark) validation {
  "valid": false,
  "errors": [
    "Question 1: Answer too short: 115 words (minimum 400)",
    "Question 2: Answer too short: 265 words (minimum 400)",
    "Question 3: Answer too short: 388 words (minimum 400)"
  ],
  "warnings": [
    "Question 1: Should have at least 3-4 subtopics",
    "Question 1: Should have at least 2 examples",
    "Question 1: Should have at least 4 key points",
    "Question 2: Should have at least 2 examples",
    "Question 2: Should have at least 4 key points",
    "Question 3: Should have at least 2 examples",
    "Question 3: Should have at least 4 key points"
  ],
  "metrics": {
    "wordCount": 115
  }
}
[2026-07-31T13:21:10.370Z] [WARN] Notes validation issues for 5-mark: [
  "Question 1: Answer too short: 115 words (minimum 400)",
  "Question 2: Answer too short: 265 words (minimum 400)",
  "Question 3: Answer too short: 388 words (minimum 400)"
]
[2026-07-31T13:21:10.374Z] [ACTION] [ACTION] generation.complete | {"draftId":"1f9a2320-efc1-4d4a-9b99-27301c0981d7","type":"notes","subType":"5-mark","scope":"notes"}
[2026-07-31T13:21:10.375Z] [INFO] ← POST /notes 200 (205530ms)
[2026-07-31T13:21:16.446Z] [INFO] → GET /api/history/88bc76e8-6e5e-467f-9970-9d0d0701b719
[2026-07-31T13:21:16.447Z] [INFO] ← GET /88bc76e8-6e5e-467f-9970-9d0d0701b719 304 (2ms)
[2026-07-31T13:21:18.456Z] [INFO] → GET /api/history/88bc76e8-6e5e-467f-9970-9d0d0701b719
[2026-07-31T13:21:18.457Z] [INFO] ← GET /88bc76e8-6e5e-467f-9970-9d0d0701b719 304 (1ms)
[2026-07-31T13:21:20.467Z] [INFO] → GET /api/history/88bc76e8-6e5e-467f-9970-9d0d0701b719
[2026-07-31T13:21:20.467Z] [INFO] ← GET /88bc76e8-6e5e-467f-9970-9d0d0701b719 304 (1ms)
[2026-07-31T13:21:22.475Z] [INFO] → GET /api/history/88bc76e8-6e5e-467f-9970-9d0d0701b719
[2026-07-31T13:21:22.476Z] [INFO] ← GET /88bc76e8-6e5e-467f-9970-9d0d0701b719 304 (1ms)
[2026-07-31T13:21:24.483Z] [INFO] → GET /api/history/88bc76e8-6e5e-467f-9970-9d0d0701b719
[2026-07-31T13:21:24.484Z] [INFO] ← GET /88bc76e8-6e5e-467f-9970-9d0d0701b719 304 (1ms)
[2026-07-31T13:21:26.491Z] [INFO] → GET /api/history/88bc76e8-6e5e-467f-9970-9d0d0701b719
[2026-07-31T13:21:26.493Z] [INFO] ← GET /88bc76e8-6e5e-467f-9970-9d0d0701b719 304 (2ms)
[2026-07-31T13:21:28.498Z] [INFO] → GET /api/history/88bc76e8-6e5e-467f-9970-9d0d0701b719
[2026-07-31T13:21:28.499Z] [INFO] ← GET /88bc76e8-6e5e-467f-9970-9d0d0701b719 304 (1ms)
[2026-07-31T13:21:53.857Z] [WARN] [Notes] 10-mark group failed: Expected ',' or ']' after array element in JSON at position 2099 (line 18 column 1)
[2026-07-31T13:21:53.857Z] [WARN] [Notes] 10-mark group failed: No JSON found in response
[2026-07-31T13:21:53.858Z] [WARN] [Notes] 10-mark group failed: 429 Rate limit reached for model `llama-3.3-70b-versatile` in organization `org_01kyhptq34e7tr7r6wk4zamnh6` service tier `on_demand` on tokens per day (TPD): Limit 100000, Used 99158, Requested 8283. Please try again in 1h47m9.024s. Need more tokens? Upgrade to Dev Tier today at https://console.groq.com/settings/billing
[2026-07-31T13:21:53.858Z] [WARN] [Notes] 10-mark group failed: Expected ',' or ']' after array element in JSON at position 2567 (line 34 column 1)
[2026-07-31T13:21:53.859Z] [WARN] [Notes] 10-mark group failed: No JSON found in response
[2026-07-31T13:21:53.859Z] [WARN] [Notes] 10-mark: retrying 6 missing question(s) individually
[2026-07-31T13:21:57.675Z] [WARN] [notes:10-mark] Openrouter/primary/cohere/north-mini-code:free rate limited → cooling 800ms
[2026-07-31T13:21:58.006Z] [WARN] [notes:10-mark] Openrouter/primary/nvidia/nemotron-nano-9b-v2:free rate limited → cooling 800ms
[2026-07-31T13:21:58.010Z] [WARN] [notes:10-mark] Openrouter/primary/nvidia/nemotron-nano-12b-v2-vl:free rate limited → cooling 800ms
[2026-07-31T13:21:58.075Z] [WARN] [notes:10-mark] Openrouter/primary/nvidia/nemotron-3-nano-omni-30b-a3b-reasoning:free rate limited → cooling 800ms
[2026-07-31T13:21:58.120Z] [WARN] [notes:10-mark] Groq/dark/llama-3.3-70b-versatile rate limited → cooling 1000ms
[2026-07-31T13:21:58.140Z] [WARN] [notes:10-mark] Groq/veng/llama-3.3-70b-versatile rate limited → cooling 1000ms
[2026-07-31T13:21:58.141Z] [WARN] [notes:10-mark] Openrouter/primary/poolside/laguna-s-2.1:free rate limited → cooling 800ms
[2026-07-31T13:21:58.244Z] [WARN] [notes:10-mark] Openrouter/primary/nvidia/nemotron-3-nano-30b-a3b:free rate limited → cooling 800ms
[2026-07-31T13:21:58.297Z] [WARN] [notes:10-mark] Groq/dark/qwen/qwen3.6-27b rate limited → cooling 30000ms
[2026-07-31T13:21:58.350Z] [WARN] [notes:10-mark] Groq/veng/qwen/qwen3.6-27b rate limited → cooling 30000ms
[2026-07-31T13:22:01.306Z] [WARN] [notes:10-mark] Openrouter/primary/inclusionai/ling-3.0-flash:free rate limited → cooling 1600ms
[2026-07-31T13:22:01.308Z] [WARN] [notes:10-mark] Openrouter/primary/google/gemma-4-31b-it:free rate limited → cooling 3200ms
[2026-07-31T13:22:01.536Z] [WARN] [notes:10-mark] Openrouter/primary/google/gemma-4-26b-a4b-it:free rate limited → cooling 1600ms
[2026-07-31T13:22:01.598Z] [WARN] [notes:10-mark] Openrouter/primary/openai/gpt-oss-20b:free rate limited → cooling 6400ms
[2026-07-31T13:22:01.603Z] [WARN] [notes:10-mark] Groq/dark/allam-2-7b rate limited → cooling 3200ms
[2026-07-31T13:22:01.642Z] [WARN] [notes:10-mark] Openrouter/primary/poolside/laguna-xs-2.1:free rate limited → cooling 1600ms
[2026-07-31T13:22:01.652Z] [WARN] [notes:10-mark] Groq/veng/openai/gpt-oss-120b rate limited → cooling 30000ms
[2026-07-31T13:22:06.114Z] [WARN] [notes:10-mark] Openrouter/primary/nvidia/nemotron-3-nano-omni-30b-a3b-reasoning:free rate limited → cooling 800ms
[2026-07-31T13:22:06.440Z] [WARN] [notes:10-mark] Openrouter/primary/nvidia/nemotron-3-nano-30b-a3b:free rate limited → cooling 800ms
[2026-07-31T13:22:06.636Z] [WARN] [notes:10-mark] Openrouter/primary/poolside/laguna-s-2.1:free rate limited → cooling 800ms
[2026-07-31T13:22:08.849Z] [WARN] [notes:10-mark] Openrouter/primary/nvidia/nemotron-nano-12b-v2-vl:free rate limited → cooling 800ms
[2026-07-31T13:22:09.504Z] [WARN] [notes:10-mark] Openrouter/primary/nvidia/nemotron-nano-9b-v2:free rate limited → cooling 1600ms
[2026-07-31T13:22:09.579Z] [WARN] [notes:10-mark] Groq/dark/llama-3.3-70b-versatile rate limited → cooling 1000ms
[2026-07-31T13:22:09.622Z] [WARN] [notes:10-mark] Groq/veng/llama-3.3-70b-versatile rate limited → cooling 1000ms
[2026-07-31T13:22:09.701Z] [WARN] [notes:10-mark] Openrouter/primary/cohere/north-mini-code:free rate limited → cooling 1600ms
[2026-07-31T13:22:09.934Z] [WARN] [notes:10-mark] Openrouter/primary/poolside/laguna-xs-2.1:free rate limited → cooling 1600ms
[2026-07-31T13:22:12.181Z] [WARN] [notes:10-mark] Openrouter/primary/inclusionai/ling-3.0-flash:free rate limited → cooling 1600ms
[2026-07-31T13:22:12.879Z] [WARN] [notes:10-mark] Openrouter/primary/google/gemma-4-31b-it:free rate limited → cooling 3200ms
[2026-07-31T13:22:13.169Z] [WARN] [notes:10-mark] Openrouter/primary/google/gemma-4-26b-a4b-it:free rate limited → cooling 3200ms
[2026-07-31T13:22:14.358Z] [WARN] [Notes] 10-mark "What is AIML and its Basic Syntax?" is 272/750 words — rewrite pass
[2026-07-31T13:22:14.635Z] [WARN] [Notes] 10-mark "How does AIML interact with web fundamentals?" is 279/750 words — rewrite pass
[2026-07-31T13:22:16.561Z] [WARN] [notes:10-mark] Openrouter/primary/openai/gpt-oss-20b:free rate limited → cooling 3200ms
[2026-07-31T13:22:19.941Z] [WARN] [notes:10-mark] Openrouter/primary/nvidia/nemotron-3-nano-omni-30b-a3b-reasoning:free rate limited → cooling 6400ms
[2026-07-31T13:22:23.393Z] [WARN] [notes:10-mark] Openrouter/primary/nvidia/nemotron-3-nano-30b-a3b:free rate limited → cooling 12800ms
[2026-07-31T13:22:26.635Z] [WARN] [notes:10-mark] Openrouter/primary/poolside/laguna-s-2.1:free rate limited → cooling 15000ms
[2026-07-31T13:22:29.904Z] [WARN] [notes:10-mark] Openrouter/primary/nvidia/nemotron-nano-12b-v2-vl:free rate limited → cooling 15000ms
[2026-07-31T13:22:30.036Z] [WARN] [notes:10-mark] Groq/dark/qwen/qwen3.6-27b rate limited → cooling 30000ms
[2026-07-31T13:22:32.198Z] [WARN] [Notes] 10-mark unit "What is OSINT and how does it relate to AIML?" produced no item
[2026-07-31T13:22:35.863Z] [INFO] → GET /api/history/88bc76e8-6e5e-467f-9970-9d0d0701b719
[2026-07-31T13:22:35.865Z] [INFO] ← GET /88bc76e8-6e5e-467f-9970-9d0d0701b719 304 (1ms)
[2026-07-31T13:22:36.733Z] [WARN] [notes:10-mark] Groq/veng/qwen/qwen3.6-27b rate limited → cooling 30000ms
[2026-07-31T13:22:37.428Z] [WARN] [Notes] 10-mark unit "Design a simple AIML script to demonstrate its cap" produced no item
[2026-07-31T13:22:37.873Z] [INFO] → GET /api/history/88bc76e8-6e5e-467f-9970-9d0d0701b719
[2026-07-31T13:22:37.873Z] [INFO] ← GET /88bc76e8-6e5e-467f-9970-9d0d0701b719 304 (1ms)
[2026-07-31T13:22:39.880Z] [INFO] → GET /api/history/88bc76e8-6e5e-467f-9970-9d0d0701b719
[2026-07-31T13:22:39.881Z] [INFO] ← GET /88bc76e8-6e5e-467f-9970-9d0d0701b719 304 (1ms)
[2026-07-31T13:22:41.887Z] [INFO] → GET /api/history/88bc76e8-6e5e-467f-9970-9d0d0701b719
[2026-07-31T13:22:41.887Z] [INFO] ← GET /88bc76e8-6e5e-467f-9970-9d0d0701b719 304 (1ms)
[2026-07-31T13:22:55.368Z] [WARN] [Notes] 10-mark retry failed: No JSON found in response
[2026-07-31T13:22:55.368Z] [WARN] [Notes] 10-mark retry failed: 429 Rate limit reached for model `qwen/qwen3.6-27b` in organization `org_01j5vsewhzfvwv0es1mwmhwt27` service tier `on_demand` on tokens per day (TPD): Limit 200000, Used 199424, Requested 7155. Please try again in 47m22.128s. Need more tokens? Upgrade to Dev Tier today at https://console.groq.com/settings/billing
[2026-07-31T13:22:55.368Z] [INFO] [Notes] 10-mark: 2/6 question(s) written in 220.5s across 24 lane(s)
[2026-07-31T13:22:55.369Z] [INFO] ✓ Notes(10-mark) validation {
  "valid": true,
  "errors": [],
  "warnings": [
    "Question 1: Missing introduction section",
    "Question 1: Missing conclusion section",
    "Question 1: Should have at least 1-2 diagrams",
    "Question 1: Should have at least 3-4 examples",
    "Question 1: Should have at least 6-8 key points",
    "Question 2: Answer slightly short: 875 words (recommended 900-1200)",
    "Question 2: Missing introduction section",
    "Question 2: Should have at least 4-6 subtopics",
    "Question 2: Missing conclusion section",
    "Question 2: Should have at least 1-2 diagrams",
    "Question 2: Should have at least 3-4 examples",
    "Question 2: Should have at least 6-8 key points"
  ],
  "metrics": {
    "wordCount": 1272
  }
}
[2026-07-31T13:22:55.370Z] [WARN] Notes validation passed with warnings for 10-mark: [
  "Question 1: Missing introduction section",
  "Question 1: Missing conclusion section",
  "Question 1: Should have at least 1-2 diagrams",
  "Question 1: Should have at least 3-4 examples",
  "Question 1: Should have at least 6-8 key points",
  "Question 2: Answer slightly short: 875 words (recommended 900-1200)",
  "Question 2: Missing introduction section",
  "Question 2: Should have at least 4-6 subtopics",
  "Question 2: Missing conclusion section",
  "Question 2: Should have at least 1-2 diagrams",
  "Question 2: Should have at least 3-4 examples",
  "Question 2: Should have at least 6-8 key points"
]
[2026-07-31T13:22:55.372Z] [ACTION] [ACTION] generation.complete | {"draftId":"88bc76e8-6e5e-467f-9970-9d0d0701b719","type":"notes","subType":"10-mark","scope":"notes"}
[2026-07-31T13:22:55.373Z] [INFO] ← POST /notes 200 (220738ms)
[2026-07-31T13:22:55.378Z] [INFO] → GET /api/history/88bc76e8-6e5e-467f-9970-9d0d0701b719
[2026-07-31T13:22:55.380Z] [INFO] ← GET /88bc76e8-6e5e-467f-9970-9d0d0701b719 200 (1ms)
[2026-07-31T13:23:34.410Z] [INFO] → GET /api/rag/docs
[2026-07-31T13:23:34.411Z] [INFO] ← GET /docs 304 (1ms)
[2026-07-31T13:23:34.412Z] [INFO] → GET /api/history
[2026-07-31T13:23:34.416Z] [INFO] ← GET / 200 (3ms)
[2026-07-31T13:23:47.712Z] [INFO] → POST /api/history/draft
[2026-07-31T13:23:47.718Z] [INFO] ← POST /draft 200 (7ms)
[2026-07-31T13:23:47.735Z] [INFO] → GET /api/history/47d15fdd-fc92-41b8-aebd-31818006d811
[2026-07-31T13:23:47.736Z] [INFO] ← GET /47d15fdd-fc92-41b8-aebd-31818006d811 200 (1ms)
[2026-07-31T13:23:47.744Z] [INFO] → POST /api/study/plan
[2026-07-31T13:23:48.790Z] [INFO] ← POST /plan 200 (1047ms)
[2026-07-31T13:23:48.795Z] [INFO] → PATCH /api/history/47d15fdd-fc92-41b8-aebd-31818006d811
[2026-07-31T13:23:48.799Z] [INFO] ← PATCH /47d15fdd-fc92-41b8-aebd-31818006d811 200 (4ms)
[2026-07-31T13:23:48.803Z] [INFO] → GET /api/history/47d15fdd-fc92-41b8-aebd-31818006d811
[2026-07-31T13:23:48.804Z] [INFO] ← GET /47d15fdd-fc92-41b8-aebd-31818006d811 200 (1ms)
[2026-07-31T13:23:48.812Z] [INFO] → GET /api/rag/docs
[2026-07-31T13:23:48.812Z] [INFO] ← GET /docs 304 (1ms)
[2026-07-31T13:24:05.072Z] [INFO] → PATCH /api/history/47d15fdd-fc92-41b8-aebd-31818006d811
[2026-07-31T13:24:05.079Z] [INFO] ← PATCH /47d15fdd-fc92-41b8-aebd-31818006d811 200 (7ms)
[2026-07-31T13:24:05.085Z] [INFO] → GET /api/history/47d15fdd-fc92-41b8-aebd-31818006d811
[2026-07-31T13:24:05.086Z] [INFO] ← GET /47d15fdd-fc92-41b8-aebd-31818006d811 200 (1ms)
[2026-07-31T13:24:05.092Z] [INFO] → POST /api/study/notes
[2026-07-31T13:24:05.297Z] [INFO] [Notes] 12967 chars of source material for "python"
[2026-07-31T13:24:05.297Z] [INFO] [Notes] one-page: 7 section(s) planned (~1155 words) [approved plan]
[2026-07-31T13:24:05.299Z] [INFO] [notes:one-page] 24 lane(s) available: Groq(dark), Openrouter(primary), Groq(veng)
[2026-07-31T13:24:05.350Z] [WARN] [notes:one-page] Groq/dark/llama-3.3-70b-versatile rate limited → cooling 30000ms
[2026-07-31T13:24:05.378Z] [WARN] [notes:one-page] Groq/dark/qwen/qwen3.6-27b rate limited → cooling 30000ms
[2026-07-31T13:24:05.634Z] [WARN] [notes:one-page] Groq/veng/openai/gpt-oss-120b rate limited → cooling 30000ms
[2026-07-31T13:24:05.635Z] [WARN] [notes:one-page] Groq/veng/llama-3.3-70b-versatile rate limited → cooling 30000ms
[2026-07-31T13:24:06.152Z] [WARN] [notes:one-page] Groq/veng/qwen/qwen3.6-27b rate limited → cooling 30000ms
[2026-07-31T13:24:07.092Z] [INFO] → GET /api/history/47d15fdd-fc92-41b8-aebd-31818006d811
[2026-07-31T13:24:07.093Z] [INFO] ← GET /47d15fdd-fc92-41b8-aebd-31818006d811 304 (1ms)
[2026-07-31T13:24:09.100Z] [INFO] → GET /api/history/47d15fdd-fc92-41b8-aebd-31818006d811
[2026-07-31T13:24:09.100Z] [INFO] ← GET /47d15fdd-fc92-41b8-aebd-31818006d811 304 (1ms)
[2026-07-31T13:24:09.231Z] [WARN] [notes:one-page] Openrouter/primary/google/gemma-4-31b-it:free rate limited → cooling 800ms
[2026-07-31T13:24:09.436Z] [WARN] [notes:one-page] Openrouter/primary/google/gemma-4-26b-a4b-it:free rate limited → cooling 1600ms
[2026-07-31T13:24:09.582Z] [WARN] [notes:one-page] Openrouter/primary/openai/gpt-oss-20b:free rate limited → cooling 1600ms
[2026-07-31T13:24:10.587Z] [WARN] [Notes] one-page unit "Data Structures in Python" produced no item
[2026-07-31T13:24:11.112Z] [INFO] → GET /api/history/47d15fdd-fc92-41b8-aebd-31818006d811
[2026-07-31T13:24:11.113Z] [INFO] ← GET /47d15fdd-fc92-41b8-aebd-31818006d811 304 (1ms)
[2026-07-31T13:24:12.659Z] [WARN] [notes:one-page] Openrouter/primary/nvidia/nemotron-3-nano-omni-30b-a3b-reasoning:free rate limited → cooling 3200ms
[2026-07-31T13:24:12.967Z] [WARN] [notes:one-page] Openrouter/primary/nvidia/nemotron-3-nano-30b-a3b:free rate limited → cooling 3200ms
[2026-07-31T13:24:13.120Z] [INFO] → GET /api/history/47d15fdd-fc92-41b8-aebd-31818006d811
[2026-07-31T13:24:13.121Z] [INFO] ← GET /47d15fdd-fc92-41b8-aebd-31818006d811 304 (0ms)
[2026-07-31T13:24:13.297Z] [WARN] [notes:one-page] Openrouter rejected model "poolside/laguna-m.1:free": 404 No endpoints found for poolside/laguna-m.1:free.
[2026-07-31T13:24:15.127Z] [INFO] → GET /api/history/47d15fdd-fc92-41b8-aebd-31818006d811
[2026-07-31T13:24:15.127Z] [INFO] ← GET /47d15fdd-fc92-41b8-aebd-31818006d811 304 (1ms)
[2026-07-31T13:24:16.218Z] [WARN] [notes:one-page] Openrouter/primary/poolside/laguna-s-2.1:free rate limited → cooling 6400ms
[2026-07-31T13:24:16.611Z] [WARN] [notes:one-page] Openrouter/primary/nvidia/nemotron-nano-12b-v2-vl:free rate limited → cooling 6400ms
[2026-07-31T13:24:17.134Z] [INFO] → GET /api/history/47d15fdd-fc92-41b8-aebd-31818006d811
[2026-07-31T13:24:17.134Z] [INFO] ← GET /47d15fdd-fc92-41b8-aebd-31818006d811 304 (1ms)
[2026-07-31T13:24:19.141Z] [INFO] → GET /api/history/47d15fdd-fc92-41b8-aebd-31818006d811
[2026-07-31T13:24:19.142Z] [INFO] ← GET /47d15fdd-fc92-41b8-aebd-31818006d811 304 (1ms)
[2026-07-31T13:24:19.749Z] [WARN] [notes:one-page] Openrouter/primary/nvidia/nemotron-nano-9b-v2:free rate limited → cooling 12800ms
[2026-07-31T13:24:19.917Z] [WARN] [notes:one-page] Openrouter/primary/cohere/north-mini-code:free rate limited → cooling 12800ms
[2026-07-31T13:24:21.148Z] [INFO] → GET /api/history/47d15fdd-fc92-41b8-aebd-31818006d811
[2026-07-31T13:24:21.149Z] [INFO] ← GET /47d15fdd-fc92-41b8-aebd-31818006d811 304 (1ms)
[2026-07-31T13:24:23.054Z] [WARN] [notes:one-page] Openrouter/primary/poolside/laguna-xs-2.1:free rate limited → cooling 15000ms
[2026-07-31T13:24:23.155Z] [INFO] → GET /api/history/47d15fdd-fc92-41b8-aebd-31818006d811
[2026-07-31T13:24:23.157Z] [INFO] ← GET /47d15fdd-fc92-41b8-aebd-31818006d811 304 (1ms)
[2026-07-31T13:24:24.731Z] [WARN] [notes:one-page] Openrouter/primary/inclusionai/ling-3.0-flash:free rate limited → cooling 15000ms
[2026-07-31T13:24:25.167Z] [INFO] → GET /api/history/47d15fdd-fc92-41b8-aebd-31818006d811
[2026-07-31T13:24:25.168Z] [INFO] ← GET /47d15fdd-fc92-41b8-aebd-31818006d811 304 (1ms)
[2026-07-31T13:24:27.175Z] [INFO] → GET /api/history/47d15fdd-fc92-41b8-aebd-31818006d811
[2026-07-31T13:24:27.176Z] [INFO] ← GET /47d15fdd-fc92-41b8-aebd-31818006d811 304 (1ms)
[2026-07-31T13:24:28.170Z] [WARN] [notes:one-page] Openrouter/primary/google/gemma-4-31b-it:free rate limited → cooling 15000ms
[2026-07-31T13:24:28.171Z] [WARN] [Notes] one-page group failed: 429 Rate limit exceeded: free-models-per-day. Add 5 credits to unlock 1000 free model requests per day
[2026-07-31T13:24:28.171Z] [WARN] [Notes] one-page group failed: No JSON found in response
[2026-07-31T13:24:28.172Z] [WARN] [Notes] one-page group failed: No JSON found in response
[2026-07-31T13:24:28.173Z] [WARN] [Notes] one-page: retrying 4 missing section(s) individually
[2026-07-31T13:24:29.194Z] [INFO] → GET /api/history/47d15fdd-fc92-41b8-aebd-31818006d811
[2026-07-31T13:24:29.195Z] [INFO] ← GET /47d15fdd-fc92-41b8-aebd-31818006d811 304 (1ms)
[2026-07-31T13:24:31.201Z] [INFO] → GET /api/history/47d15fdd-fc92-41b8-aebd-31818006d811
[2026-07-31T13:24:31.202Z] [INFO] ← GET /47d15fdd-fc92-41b8-aebd-31818006d811 304 (1ms)
[2026-07-31T13:24:31.572Z] [WARN] [notes:one-page] Openrouter/primary/google/gemma-4-26b-a4b-it:free rate limited → cooling 800ms
[2026-07-31T13:24:31.716Z] [WARN] [notes:one-page] Openrouter/primary/openai/gpt-oss-20b:free rate limited → cooling 800ms
[2026-07-31T13:24:33.210Z] [INFO] → GET /api/history/47d15fdd-fc92-41b8-aebd-31818006d811
[2026-07-31T13:24:33.211Z] [INFO] ← GET /47d15fdd-fc92-41b8-aebd-31818006d811 304 (1ms)
[2026-07-31T13:24:35.218Z] [INFO] → GET /api/history/47d15fdd-fc92-41b8-aebd-31818006d811
[2026-07-31T13:24:35.220Z] [INFO] ← GET /47d15fdd-fc92-41b8-aebd-31818006d811 304 (1ms)
[2026-07-31T13:24:36.682Z] [WARN] [notes:one-page] Openrouter/primary/nvidia/nemotron-3-nano-omni-30b-a3b-reasoning:free rate limited → cooling 800ms
[2026-07-31T13:24:36.744Z] [WARN] [notes:one-page] Groq/dark/llama-3.3-70b-versatile rate limited → cooling 30000ms
[2026-07-31T13:24:36.823Z] [WARN] [notes:one-page] Groq/veng/llama-3.3-70b-versatile rate limited → cooling 30000ms
[2026-07-31T13:24:37.231Z] [INFO] → GET /api/history/47d15fdd-fc92-41b8-aebd-31818006d811
[2026-07-31T13:24:37.232Z] [INFO] ← GET /47d15fdd-fc92-41b8-aebd-31818006d811 304 (1ms)
[2026-07-31T13:24:38.591Z] [WARN] [Notes] one-page "Introduction to Python" is 0/80 words — rewrite pass
[2026-07-31T13:24:38.636Z] [WARN] [notes:one-page] Groq/dark/qwen/qwen3.6-27b rate limited → cooling 30000ms
[2026-07-31T13:24:38.679Z] [WARN] [notes:one-page] Groq/veng/qwen/qwen3.6-27b rate limited → cooling 30000ms
[2026-07-31T13:24:39.241Z] [INFO] → GET /api/history/47d15fdd-fc92-41b8-aebd-31818006d811
[2026-07-31T13:24:39.242Z] [INFO] ← GET /47d15fdd-fc92-41b8-aebd-31818006d811 304 (1ms)
[2026-07-31T13:24:41.249Z] [INFO] → GET /api/history/47d15fdd-fc92-41b8-aebd-31818006d811
[2026-07-31T13:24:41.250Z] [INFO] ← GET /47d15fdd-fc92-41b8-aebd-31818006d811 304 (1ms)
[2026-07-31T13:24:42.067Z] [WARN] [notes:one-page] Openrouter/primary/nvidia/nemotron-3-nano-30b-a3b:free rate limited → cooling 3200ms
[2026-07-31T13:24:43.261Z] [INFO] → GET /api/history/47d15fdd-fc92-41b8-aebd-31818006d811
[2026-07-31T13:24:43.262Z] [INFO] ← GET /47d15fdd-fc92-41b8-aebd-31818006d811 304 (1ms)
[2026-07-31T13:24:45.273Z] [INFO] → GET /api/history/47d15fdd-fc92-41b8-aebd-31818006d811
[2026-07-31T13:24:45.274Z] [INFO] ← GET /47d15fdd-fc92-41b8-aebd-31818006d811 304 (1ms)
[2026-07-31T13:24:45.423Z] [WARN] [notes:one-page] Openrouter/primary/poolside/laguna-s-2.1:free rate limited → cooling 6400ms
[2026-07-31T13:24:47.280Z] [INFO] → GET /api/history/47d15fdd-fc92-41b8-aebd-31818006d811
[2026-07-31T13:24:47.281Z] [INFO] ← GET /47d15fdd-fc92-41b8-aebd-31818006d811 304 (2ms)
[2026-07-31T13:24:48.570Z] [WARN] [notes:one-page] Openrouter/primary/nvidia/nemotron-nano-12b-v2-vl:free rate limited → cooling 12800ms
[2026-07-31T13:24:49.290Z] [INFO] → GET /api/history/47d15fdd-fc92-41b8-aebd-31818006d811
[2026-07-31T13:24:49.291Z] [INFO] ← GET /47d15fdd-fc92-41b8-aebd-31818006d811 304 (0ms)
[2026-07-31T13:24:51.300Z] [INFO] → GET /api/history/47d15fdd-fc92-41b8-aebd-31818006d811
[2026-07-31T13:24:51.301Z] [INFO] ← GET /47d15fdd-fc92-41b8-aebd-31818006d811 304 (1ms)
[2026-07-31T13:24:51.796Z] [WARN] [notes:one-page] Openrouter/primary/nvidia/nemotron-nano-9b-v2:free rate limited → cooling 15000ms
[2026-07-31T13:24:53.307Z] [INFO] → GET /api/history/47d15fdd-fc92-41b8-aebd-31818006d811
[2026-07-31T13:24:53.308Z] [INFO] ← GET /47d15fdd-fc92-41b8-aebd-31818006d811 304 (1ms)
[2026-07-31T13:24:55.032Z] [WARN] [notes:one-page] Openrouter/primary/cohere/north-mini-code:free rate limited → cooling 15000ms
[2026-07-31T13:24:55.315Z] [INFO] → GET /api/history/47d15fdd-fc92-41b8-aebd-31818006d811
[2026-07-31T13:24:55.316Z] [INFO] ← GET /47d15fdd-fc92-41b8-aebd-31818006d811 304 (1ms)
[2026-07-31T13:24:57.325Z] [INFO] → GET /api/history/47d15fdd-fc92-41b8-aebd-31818006d811
[2026-07-31T13:24:57.326Z] [INFO] ← GET /47d15fdd-fc92-41b8-aebd-31818006d811 304 (2ms)
[2026-07-31T13:24:58.359Z] [WARN] [notes:one-page] Openrouter/primary/poolside/laguna-xs-2.1:free rate limited → cooling 15000ms
[2026-07-31T13:24:58.360Z] [WARN] [Notes] one-page expansion failed, keeping 0-word version: 429 Rate limit exceeded: free-models-per-day. Add 5 credits to unlock 1000 free model requests per day
[2026-07-31T13:24:58.360Z] [WARN] [Notes] one-page "Introduction to Python" finished at 0/80 words
[2026-07-31T13:24:59.334Z] [INFO] → GET /api/history/47d15fdd-fc92-41b8-aebd-31818006d811
[2026-07-31T13:24:59.335Z] [INFO] ← GET /47d15fdd-fc92-41b8-aebd-31818006d811 304 (1ms)
[2026-07-31T13:25:01.342Z] [INFO] → GET /api/history/47d15fdd-fc92-41b8-aebd-31818006d811
[2026-07-31T13:25:01.343Z] [INFO] ← GET /47d15fdd-fc92-41b8-aebd-31818006d811 304 (0ms)
[2026-07-31T13:25:03.349Z] [INFO] → GET /api/history/47d15fdd-fc92-41b8-aebd-31818006d811
[2026-07-31T13:25:03.350Z] [INFO] ← GET /47d15fdd-fc92-41b8-aebd-31818006d811 304 (1ms)
[2026-07-31T13:25:03.596Z] [WARN] [notes:one-page] Openrouter/primary/inclusionai/ling-3.0-flash:free rate limited → cooling 800ms
[2026-07-31T13:25:05.360Z] [INFO] → GET /api/history/47d15fdd-fc92-41b8-aebd-31818006d811
[2026-07-31T13:25:05.361Z] [INFO] ← GET /47d15fdd-fc92-41b8-aebd-31818006d811 304 (1ms)
[2026-07-31T13:25:05.373Z] [WARN] [Notes] one-page unit "Object-Oriented Programming in Python" produced no item
[2026-07-31T13:25:05.373Z] [WARN] [Notes] one-page retry failed: No JSON found in response
[2026-07-31T13:25:05.373Z] [WARN] [Notes] one-page retry failed: No JSON found in response
[2026-07-31T13:25:05.374Z] [INFO] [Notes] one-page: 4/7 section(s) written in 60.1s across 24 lane(s)
[2026-07-31T13:25:05.374Z] [INFO] ✗ Notes(one-page) validation {
  "valid": false,
  "errors": [
    "One-page summary too short: 725 words (minimum 900)"
  ],
  "warnings": [],
  "metrics": {
    "wordCount": 725
  }
}
[2026-07-31T13:25:05.374Z] [WARN] Notes validation issues for one-page: [
  "One-page summary too short: 725 words (minimum 900)"
]
[2026-07-31T13:25:05.377Z] [ACTION] [ACTION] generation.complete | {"draftId":"47d15fdd-fc92-41b8-aebd-31818006d811","type":"notes","subType":"one-page","scope":"notes"}
[2026-07-31T13:25:05.378Z] [INFO] ← POST /notes 200 (60286ms)
[2026-07-31T13:25:05.383Z] [INFO] → GET /api/history/47d15fdd-fc92-41b8-aebd-31818006d811
[2026-07-31T13:25:05.383Z] [INFO] ← GET /47d15fdd-fc92-41b8-aebd-31818006d811 200 (1ms)
[2026-07-31T13:28:06.896Z] [INFO] → GET /api/rag/docs
[2026-07-31T13:28:06.898Z] [INFO] ← GET /docs 304 (1ms)
[2026-07-31T13:28:06.899Z] [INFO] → GET /api/history
[2026-07-31T13:28:06.902Z] [INFO] ← GET / 200 (3ms)
[2026-07-31T13:28:08.516Z] [INFO] → GET /api/rag/docs
[2026-07-31T13:28:08.518Z] [INFO] ← GET /docs 304 (1ms)
[2026-07-31T13:28:13.756Z] [INFO] → POST /api/history/draft
[2026-07-31T13:28:13.762Z] [INFO] ← POST /draft 200 (6ms)
[2026-07-31T13:28:13.775Z] [INFO] → GET /api/history/8b01cf7e-1e51-43ea-b126-bd988c662cbb
[2026-07-31T13:28:13.776Z] [INFO] ← GET /8b01cf7e-1e51-43ea-b126-bd988c662cbb 200 (2ms)
[2026-07-31T13:28:13.784Z] [INFO] → POST /api/study/plan
[2026-07-31T13:28:15.193Z] [INFO] ← POST /plan 200 (1410ms)
[2026-07-31T13:28:15.199Z] [INFO] → PATCH /api/history/8b01cf7e-1e51-43ea-b126-bd988c662cbb
[2026-07-31T13:28:15.203Z] [INFO] ← PATCH /8b01cf7e-1e51-43ea-b126-bd988c662cbb 200 (3ms)
[2026-07-31T13:28:15.207Z] [INFO] → GET /api/history/8b01cf7e-1e51-43ea-b126-bd988c662cbb
[2026-07-31T13:28:15.209Z] [INFO] ← GET /8b01cf7e-1e51-43ea-b126-bd988c662cbb 200 (1ms)
[2026-07-31T13:28:15.216Z] [INFO] → GET /api/rag/docs
[2026-07-31T13:28:15.217Z] [INFO] ← GET /docs 304 (1ms)
[2026-07-31T13:28:48.665Z] [INFO] → PATCH /api/history/8b01cf7e-1e51-43ea-b126-bd988c662cbb
[2026-07-31T13:28:48.672Z] [INFO] ← PATCH /8b01cf7e-1e51-43ea-b126-bd988c662cbb 200 (7ms)
[2026-07-31T13:28:48.679Z] [INFO] → GET /api/history/8b01cf7e-1e51-43ea-b126-bd988c662cbb
[2026-07-31T13:28:48.680Z] [INFO] ← GET /8b01cf7e-1e51-43ea-b126-bd988c662cbb 200 (1ms)
[2026-07-31T13:28:48.686Z] [INFO] → POST /api/study/slides
[2026-07-31T13:28:50.690Z] [INFO] → GET /api/history/8b01cf7e-1e51-43ea-b126-bd988c662cbb
[2026-07-31T13:28:50.691Z] [INFO] ← GET /8b01cf7e-1e51-43ea-b126-bd988c662cbb 304 (1ms)
[2026-07-31T13:28:51.872Z] [ACTION] [ACTION] generation.complete | {"draftId":"8b01cf7e-1e51-43ea-b126-bd988c662cbb","type":"slides","subType":"presentation","scope":"studio"}
[2026-07-31T13:28:51.872Z] [INFO] ← POST /slides 200 (3186ms)
[2026-07-31T13:28:51.878Z] [INFO] → PATCH /api/history/8b01cf7e-1e51-43ea-b126-bd988c662cbb
[2026-07-31T13:28:51.880Z] [INFO] ← PATCH /8b01cf7e-1e51-43ea-b126-bd988c662cbb 200 (3ms)
[2026-07-31T13:28:51.885Z] [INFO] → GET /api/history/8b01cf7e-1e51-43ea-b126-bd988c662cbb
[2026-07-31T13:28:51.886Z] [INFO] ← GET /8b01cf7e-1e51-43ea-b126-bd988c662cbb 200 (1ms)
[2026-07-31T13:28:51.887Z] [INFO] → POST /api/study/slides
[2026-07-31T13:29:00.418Z] [INFO] → GET /api/rag/docs
[2026-07-31T13:29:00.420Z] [INFO] ← GET /docs 304 (1ms)
[2026-07-31T13:29:06.525Z] [INFO] → POST /api/history/draft
[2026-07-31T13:29:06.532Z] [INFO] ← POST /draft 200 (7ms)
[2026-07-31T13:29:06.545Z] [INFO] → GET /api/history/22e7f5ca-8743-4224-a04f-9b5ad1fe2082
[2026-07-31T13:29:06.547Z] [INFO] ← GET /22e7f5ca-8743-4224-a04f-9b5ad1fe2082 200 (1ms)
[2026-07-31T13:29:06.554Z] [INFO] → POST /api/study/plan
[2026-07-31T13:29:08.555Z] [INFO] → GET /api/history/22e7f5ca-8743-4224-a04f-9b5ad1fe2082
[2026-07-31T13:29:08.556Z] [INFO] ← GET /22e7f5ca-8743-4224-a04f-9b5ad1fe2082 304 (1ms)
[2026-07-31T13:29:10.562Z] [INFO] → GET /api/history/22e7f5ca-8743-4224-a04f-9b5ad1fe2082
[2026-07-31T13:29:10.563Z] [INFO] ← GET /22e7f5ca-8743-4224-a04f-9b5ad1fe2082 304 (1ms)
[2026-07-31T13:29:10.732Z] [INFO] ← POST /plan 200 (4178ms)
[2026-07-31T13:29:10.737Z] [INFO] → PATCH /api/history/22e7f5ca-8743-4224-a04f-9b5ad1fe2082
[2026-07-31T13:29:10.741Z] [INFO] ← PATCH /22e7f5ca-8743-4224-a04f-9b5ad1fe2082 200 (3ms)
[2026-07-31T13:29:10.745Z] [INFO] → GET /api/history/22e7f5ca-8743-4224-a04f-9b5ad1fe2082
[2026-07-31T13:29:10.747Z] [INFO] ← GET /22e7f5ca-8743-4224-a04f-9b5ad1fe2082 200 (1ms)
[2026-07-31T13:29:10.754Z] [INFO] → GET /api/rag/docs
[2026-07-31T13:29:10.755Z] [INFO] ← GET /docs 304 (1ms)
[2026-07-31T13:29:25.038Z] [INFO] → PATCH /api/history/22e7f5ca-8743-4224-a04f-9b5ad1fe2082
[2026-07-31T13:29:25.043Z] [INFO] ← PATCH /22e7f5ca-8743-4224-a04f-9b5ad1fe2082 200 (4ms)
[2026-07-31T13:29:25.048Z] [INFO] → GET /api/history/22e7f5ca-8743-4224-a04f-9b5ad1fe2082
[2026-07-31T13:29:25.050Z] [INFO] ← GET /22e7f5ca-8743-4224-a04f-9b5ad1fe2082 200 (2ms)
[2026-07-31T13:29:25.056Z] [INFO] → POST /api/study/flashcards
[2026-07-31T13:29:27.055Z] [INFO] → GET /api/history/22e7f5ca-8743-4224-a04f-9b5ad1fe2082
[2026-07-31T13:29:27.055Z] [INFO] ← GET /22e7f5ca-8743-4224-a04f-9b5ad1fe2082 304 (1ms)
[2026-07-31T13:29:27.404Z] [ACTION] [ACTION] generation.complete | {"draftId":"22e7f5ca-8743-4224-a04f-9b5ad1fe2082","type":"flashcards","subType":"general","scope":"studio"}
[2026-07-31T13:29:27.406Z] [INFO] ← POST /flashcards 200 (2350ms)
[2026-07-31T13:29:27.411Z] [INFO] → PATCH /api/history/22e7f5ca-8743-4224-a04f-9b5ad1fe2082
[2026-07-31T13:29:27.415Z] [INFO] ← PATCH /22e7f5ca-8743-4224-a04f-9b5ad1fe2082 200 (4ms)
[2026-07-31T13:29:27.420Z] [INFO] → GET /api/history/22e7f5ca-8743-4224-a04f-9b5ad1fe2082
[2026-07-31T13:29:27.421Z] [INFO] ← GET /22e7f5ca-8743-4224-a04f-9b5ad1fe2082 200 (0ms)
[2026-07-31T13:29:27.422Z] [INFO] → POST /api/study/flashcards
[2026-07-31T13:29:32.402Z] [INFO] → POST /api/progress/activity
[2026-07-31T13:29:32.412Z] [INFO] ← POST /activity 200 (10ms)
[2026-07-31T13:29:35.461Z] [INFO] → POST /api/progress/activity
[2026-07-31T13:29:35.467Z] [INFO] ← POST /activity 200 (7ms)
[2026-07-31T13:29:38.274Z] [INFO] → GET /api/rag/docs
[2026-07-31T13:29:38.275Z] [INFO] ← GET /docs 304 (1ms)
[2026-07-31T13:29:41.250Z] [ACTION] [ACTION] generation.complete | {"draftId":"8b01cf7e-1e51-43ea-b126-bd988c662cbb","type":"slides","subType":"presentation","scope":"studio"}
[2026-07-31T13:29:41.251Z] [INFO] ← POST /slides 200 (49365ms)
[2026-07-31T13:29:41.265Z] [INFO] → PATCH /api/history/8b01cf7e-1e51-43ea-b126-bd988c662cbb
[2026-07-31T13:29:41.272Z] [INFO] ← PATCH /8b01cf7e-1e51-43ea-b126-bd988c662cbb 200 (6ms)
[2026-07-31T13:29:50.365Z] [INFO] → POST /api/history/draft
[2026-07-31T13:29:50.371Z] [INFO] ← POST /draft 200 (5ms)
[2026-07-31T13:29:50.390Z] [INFO] → GET /api/history/5bb38451-1965-4c09-b441-f2ff16d78098
[2026-07-31T13:29:50.392Z] [INFO] ← GET /5bb38451-1965-4c09-b441-f2ff16d78098 200 (2ms)
[2026-07-31T13:29:50.397Z] [INFO] → POST /api/study/plan
[2026-07-31T13:29:52.402Z] [INFO] → GET /api/history/5bb38451-1965-4c09-b441-f2ff16d78098
[2026-07-31T13:29:52.403Z] [INFO] ← GET /5bb38451-1965-4c09-b441-f2ff16d78098 304 (0ms)
[2026-07-31T13:29:54.408Z] [INFO] → GET /api/history/5bb38451-1965-4c09-b441-f2ff16d78098
[2026-07-31T13:29:54.409Z] [INFO] ← GET /5bb38451-1965-4c09-b441-f2ff16d78098 304 (1ms)
[2026-07-31T13:29:56.415Z] [INFO] → GET /api/history/5bb38451-1965-4c09-b441-f2ff16d78098
[2026-07-31T13:29:56.416Z] [INFO] ← GET /5bb38451-1965-4c09-b441-f2ff16d78098 304 (1ms)
[2026-07-31T13:29:58.422Z] [INFO] → GET /api/history/5bb38451-1965-4c09-b441-f2ff16d78098
[2026-07-31T13:29:58.423Z] [INFO] ← GET /5bb38451-1965-4c09-b441-f2ff16d78098 304 (1ms)
[2026-07-31T13:30:00.430Z] [INFO] → GET /api/history/5bb38451-1965-4c09-b441-f2ff16d78098
[2026-07-31T13:30:00.430Z] [INFO] ← GET /5bb38451-1965-4c09-b441-f2ff16d78098 304 (1ms)
[2026-07-31T13:30:02.441Z] [INFO] → GET /api/history/5bb38451-1965-4c09-b441-f2ff16d78098
[2026-07-31T13:30:02.442Z] [INFO] ← GET /5bb38451-1965-4c09-b441-f2ff16d78098 304 (1ms)
[2026-07-31T13:30:02.819Z] [INFO] ← POST /plan 200 (12423ms)
[2026-07-31T13:30:02.824Z] [INFO] → PATCH /api/history/5bb38451-1965-4c09-b441-f2ff16d78098
[2026-07-31T13:30:02.829Z] [INFO] ← PATCH /5bb38451-1965-4c09-b441-f2ff16d78098 200 (4ms)
[2026-07-31T13:30:02.833Z] [INFO] → GET /api/history/5bb38451-1965-4c09-b441-f2ff16d78098
[2026-07-31T13:30:02.834Z] [INFO] ← GET /5bb38451-1965-4c09-b441-f2ff16d78098 200 (0ms)
[2026-07-31T13:30:02.842Z] [INFO] → GET /api/rag/docs
[2026-07-31T13:30:02.843Z] [INFO] ← GET /docs 304 (1ms)
[2026-07-31T13:30:10.637Z] [INFO] → PATCH /api/history/5bb38451-1965-4c09-b441-f2ff16d78098
[2026-07-31T13:30:10.643Z] [INFO] ← PATCH /5bb38451-1965-4c09-b441-f2ff16d78098 200 (7ms)
[2026-07-31T13:30:10.649Z] [INFO] → GET /api/history/5bb38451-1965-4c09-b441-f2ff16d78098
[2026-07-31T13:30:10.650Z] [INFO] ← GET /5bb38451-1965-4c09-b441-f2ff16d78098 200 (1ms)
[2026-07-31T13:30:10.656Z] [INFO] → POST /api/study/mindmap
[2026-07-31T13:30:12.655Z] [INFO] → GET /api/history/5bb38451-1965-4c09-b441-f2ff16d78098
[2026-07-31T13:30:12.656Z] [INFO] ← GET /5bb38451-1965-4c09-b441-f2ff16d78098 304 (1ms)
[2026-07-31T13:30:14.665Z] [INFO] → GET /api/history/5bb38451-1965-4c09-b441-f2ff16d78098
[2026-07-31T13:30:14.666Z] [INFO] ← GET /5bb38451-1965-4c09-b441-f2ff16d78098 304 (1ms)
[2026-07-31T13:30:16.673Z] [INFO] → GET /api/history/5bb38451-1965-4c09-b441-f2ff16d78098
[2026-07-31T13:30:16.674Z] [INFO] ← GET /5bb38451-1965-4c09-b441-f2ff16d78098 304 (0ms)
[2026-07-31T13:30:19.783Z] [ACTION] [ACTION] generation.complete | {"draftId":"22e7f5ca-8743-4224-a04f-9b5ad1fe2082","type":"flashcards","subType":"general","scope":"studio"}
[2026-07-31T13:30:19.784Z] [INFO] ← POST /flashcards 200 (52363ms)
[2026-07-31T13:30:19.790Z] [INFO] → PATCH /api/history/22e7f5ca-8743-4224-a04f-9b5ad1fe2082
[2026-07-31T13:30:19.793Z] [INFO] ← PATCH /22e7f5ca-8743-4224-a04f-9b5ad1fe2082 200 (3ms)
[2026-07-31T13:30:47.438Z] [ACTION] [ACTION] generation.complete | {"draftId":"5bb38451-1965-4c09-b441-f2ff16d78098","type":"mindmap","scope":"studio"}
[2026-07-31T13:30:47.438Z] [INFO] ← POST /mindmap 200 (36782ms)
[2026-07-31T13:30:47.444Z] [INFO] → PATCH /api/history/5bb38451-1965-4c09-b441-f2ff16d78098
[2026-07-31T13:30:47.448Z] [INFO] ← PATCH /5bb38451-1965-4c09-b441-f2ff16d78098 200 (3ms)
[2026-07-31T13:30:47.453Z] [INFO] → GET /api/history/5bb38451-1965-4c09-b441-f2ff16d78098
[2026-07-31T13:30:47.454Z] [INFO] ← GET /5bb38451-1965-4c09-b441-f2ff16d78098 200 (0ms)
[2026-07-31T13:30:47.455Z] [INFO] → POST /api/study/mindmap
[2026-07-31T13:31:24.267Z] [ACTION] [ACTION] generation.complete | {"draftId":"5bb38451-1965-4c09-b441-f2ff16d78098","type":"mindmap","scope":"studio"}
[2026-07-31T13:31:24.268Z] [INFO] ← POST /mindmap 200 (36813ms)
[2026-07-31T13:31:24.274Z] [INFO] → PATCH /api/history/5bb38451-1965-4c09-b441-f2ff16d78098
[2026-07-31T13:31:24.277Z] [INFO] ← PATCH /5bb38451-1965-4c09-b441-f2ff16d78098 200 (3ms)
[2026-07-31T13:31:24.282Z] [INFO] → GET /api/history/5bb38451-1965-4c09-b441-f2ff16d78098
[2026-07-31T13:31:24.283Z] [INFO] ← GET /5bb38451-1965-4c09-b441-f2ff16d78098 200 (1ms)
[2026-07-31T13:31:48.443Z] [INFO] → GET /api/rag/docs
[2026-07-31T13:31:48.444Z] [INFO] ← GET /docs 304 (2ms)
[2026-07-31T13:32:00.302Z] [INFO] → POST /api/history/draft
[2026-07-31T13:32:00.310Z] [INFO] ← POST /draft 200 (8ms)
[2026-07-31T13:32:00.326Z] [INFO] → GET /api/history/255fbb9d-6c75-4a61-9c00-1aaa0c57bf49
[2026-07-31T13:32:00.327Z] [INFO] ← GET /255fbb9d-6c75-4a61-9c00-1aaa0c57bf49 200 (1ms)
[2026-07-31T13:32:00.334Z] [INFO] → POST /api/study/plan
[2026-07-31T13:32:01.616Z] [INFO] ← POST /plan 200 (1282ms)
[2026-07-31T13:32:01.621Z] [INFO] → PATCH /api/history/255fbb9d-6c75-4a61-9c00-1aaa0c57bf49
[2026-07-31T13:32:01.625Z] [INFO] ← PATCH /255fbb9d-6c75-4a61-9c00-1aaa0c57bf49 200 (3ms)
[2026-07-31T13:32:01.630Z] [INFO] → GET /api/history/255fbb9d-6c75-4a61-9c00-1aaa0c57bf49
[2026-07-31T13:32:01.631Z] [INFO] ← GET /255fbb9d-6c75-4a61-9c00-1aaa0c57bf49 200 (1ms)
[2026-07-31T13:32:01.638Z] [INFO] → GET /api/rag/docs
[2026-07-31T13:32:01.639Z] [INFO] ← GET /docs 304 (1ms)
[2026-07-31T13:32:07.613Z] [INFO] → PATCH /api/history/255fbb9d-6c75-4a61-9c00-1aaa0c57bf49
[2026-07-31T13:32:07.618Z] [INFO] ← PATCH /255fbb9d-6c75-4a61-9c00-1aaa0c57bf49 200 (5ms)
[2026-07-31T13:32:07.624Z] [INFO] → GET /api/history/255fbb9d-6c75-4a61-9c00-1aaa0c57bf49
[2026-07-31T13:32:07.625Z] [INFO] ← GET /255fbb9d-6c75-4a61-9c00-1aaa0c57bf49 200 (2ms)
[2026-07-31T13:32:07.632Z] [INFO] → POST /api/study/studyplan
[2026-07-31T13:32:08.866Z] [ACTION] [ACTION] generation.complete | {"draftId":"255fbb9d-6c75-4a61-9c00-1aaa0c57bf49","type":"studyplan","scope":"studio"}
[2026-07-31T13:32:08.867Z] [INFO] ← POST /studyplan 200 (1235ms)
[2026-07-31T13:32:08.871Z] [INFO] → PATCH /api/history/255fbb9d-6c75-4a61-9c00-1aaa0c57bf49
[2026-07-31T13:32:08.874Z] [INFO] ← PATCH /255fbb9d-6c75-4a61-9c00-1aaa0c57bf49 200 (3ms)
[2026-07-31T13:32:08.879Z] [INFO] → GET /api/history/255fbb9d-6c75-4a61-9c00-1aaa0c57bf49
[2026-07-31T13:32:08.880Z] [INFO] ← GET /255fbb9d-6c75-4a61-9c00-1aaa0c57bf49 200 (1ms)
[2026-07-31T13:32:08.881Z] [INFO] → POST /api/study/studyplan
[2026-07-31T13:32:12.036Z] [INFO] → GET /api/rag/docs
[2026-07-31T13:32:12.037Z] [INFO] ← GET /docs 304 (2ms)
[2026-07-31T13:32:21.266Z] [ACTION] [ACTION] generation.complete | {"draftId":"255fbb9d-6c75-4a61-9c00-1aaa0c57bf49","type":"studyplan","scope":"studio"}
[2026-07-31T13:32:21.268Z] [INFO] ← POST /studyplan 200 (12387ms)
[2026-07-31T13:32:21.272Z] [INFO] → PATCH /api/history/255fbb9d-6c75-4a61-9c00-1aaa0c57bf49
[2026-07-31T13:32:21.274Z] [INFO] ← PATCH /255fbb9d-6c75-4a61-9c00-1aaa0c57bf49 200 (2ms)
[2026-07-31T13:32:24.551Z] [INFO] → POST /api/history/draft
[2026-07-31T13:32:24.557Z] [INFO] ← POST /draft 200 (5ms)
[2026-07-31T13:32:24.573Z] [INFO] → GET /api/history/12b84a29-f257-459e-95e0-088f69208fd9
[2026-07-31T13:32:24.574Z] [INFO] ← GET /12b84a29-f257-459e-95e0-088f69208fd9 200 (2ms)
[2026-07-31T13:32:24.580Z] [INFO] → POST /api/study/plan
[2026-07-31T13:32:25.639Z] [INFO] ← POST /plan 200 (1059ms)
[2026-07-31T13:32:25.646Z] [INFO] → PATCH /api/history/12b84a29-f257-459e-95e0-088f69208fd9
[2026-07-31T13:32:25.650Z] [INFO] ← PATCH /12b84a29-f257-459e-95e0-088f69208fd9 200 (5ms)
[2026-07-31T13:32:25.655Z] [INFO] → GET /api/history/12b84a29-f257-459e-95e0-088f69208fd9
[2026-07-31T13:32:25.655Z] [INFO] ← GET /12b84a29-f257-459e-95e0-088f69208fd9 200 (1ms)
[2026-07-31T13:32:25.664Z] [INFO] → GET /api/rag/docs
[2026-07-31T13:32:25.665Z] [INFO] ← GET /docs 304 (1ms)
[2026-07-31T13:32:31.111Z] [INFO] → PATCH /api/history/12b84a29-f257-459e-95e0-088f69208fd9
[2026-07-31T13:32:31.117Z] [INFO] ← PATCH /12b84a29-f257-459e-95e0-088f69208fd9 200 (7ms)
[2026-07-31T13:32:31.123Z] [INFO] → GET /api/history/12b84a29-f257-459e-95e0-088f69208fd9
[2026-07-31T13:32:31.123Z] [INFO] ← GET /12b84a29-f257-459e-95e0-088f69208fd9 200 (1ms)
[2026-07-31T13:32:31.130Z] [INFO] → POST /api/study/quiz
[2026-07-31T13:32:33.131Z] [INFO] → GET /api/history/12b84a29-f257-459e-95e0-088f69208fd9
[2026-07-31T13:32:33.132Z] [INFO] ← GET /12b84a29-f257-459e-95e0-088f69208fd9 304 (2ms)
[2026-07-31T13:32:35.143Z] [INFO] → GET /api/history/12b84a29-f257-459e-95e0-088f69208fd9
[2026-07-31T13:32:35.143Z] [INFO] ← GET /12b84a29-f257-459e-95e0-088f69208fd9 304 (1ms)
[2026-07-31T13:32:37.149Z] [INFO] → GET /api/history/12b84a29-f257-459e-95e0-088f69208fd9
[2026-07-31T13:32:37.150Z] [INFO] ← GET /12b84a29-f257-459e-95e0-088f69208fd9 304 (1ms)
[2026-07-31T13:32:39.157Z] [INFO] → GET /api/history/12b84a29-f257-459e-95e0-088f69208fd9
[2026-07-31T13:32:39.158Z] [INFO] ← GET /12b84a29-f257-459e-95e0-088f69208fd9 304 (1ms)
[2026-07-31T13:32:41.164Z] [INFO] → GET /api/history/12b84a29-f257-459e-95e0-088f69208fd9
[2026-07-31T13:32:41.164Z] [INFO] ← GET /12b84a29-f257-459e-95e0-088f69208fd9 304 (1ms)
[2026-07-31T13:32:43.171Z] [INFO] → GET /api/history/12b84a29-f257-459e-95e0-088f69208fd9
[2026-07-31T13:32:43.172Z] [INFO] ← GET /12b84a29-f257-459e-95e0-088f69208fd9 304 (1ms)
[2026-07-31T13:32:45.179Z] [INFO] → GET /api/history/12b84a29-f257-459e-95e0-088f69208fd9
[2026-07-31T13:32:45.180Z] [INFO] ← GET /12b84a29-f257-459e-95e0-088f69208fd9 304 (1ms)
[2026-07-31T13:32:47.192Z] [INFO] → GET /api/history/12b84a29-f257-459e-95e0-088f69208fd9
[2026-07-31T13:32:47.193Z] [INFO] ← GET /12b84a29-f257-459e-95e0-088f69208fd9 304 (1ms)
[2026-07-31T13:32:47.491Z] [ACTION] [ACTION] generation.complete | {"draftId":"12b84a29-f257-459e-95e0-088f69208fd9","type":"quiz","subType":"mixed-quiz","scope":"studio"}
[2026-07-31T13:32:47.493Z] [INFO] ← POST /quiz 200 (16363ms)
[2026-07-31T13:32:47.502Z] [INFO] → PATCH /api/history/12b84a29-f257-459e-95e0-088f69208fd9
[2026-07-31T13:32:47.507Z] [INFO] ← PATCH /12b84a29-f257-459e-95e0-088f69208fd9 200 (6ms)
[2026-07-31T13:32:47.517Z] [INFO] → GET /api/history/12b84a29-f257-459e-95e0-088f69208fd9
[2026-07-31T13:32:47.518Z] [INFO] ← GET /12b84a29-f257-459e-95e0-088f69208fd9 200 (2ms)
[2026-07-31T13:32:47.519Z] [INFO] → POST /api/study/quiz
[2026-07-31T13:33:34.021Z] [ACTION] [ACTION] generation.complete | {"draftId":"12b84a29-f257-459e-95e0-088f69208fd9","type":"quiz","subType":"mixed-quiz","scope":"studio"}
[2026-07-31T13:33:34.022Z] [INFO] ← POST /quiz 200 (46502ms)
[2026-07-31T13:33:34.028Z] [INFO] → PATCH /api/history/12b84a29-f257-459e-95e0-088f69208fd9
[2026-07-31T13:33:34.031Z] [INFO] ← PATCH /12b84a29-f257-459e-95e0-088f69208fd9 200 (3ms)
[2026-07-31T13:33:34.037Z] [INFO] → GET /api/history/12b84a29-f257-459e-95e0-088f69208fd9
[2026-07-31T13:33:34.038Z] [INFO] ← GET /12b84a29-f257-459e-95e0-088f69208fd9 200 (0ms)
[2026-07-31T13:35:39.699Z] [INFO] → GET /api/rag/docs
[2026-07-31T13:35:39.700Z] [INFO] ← GET /docs 304 (1ms)
[2026-07-31T13:35:51.047Z] [INFO] → POST /api/history/draft
[2026-07-31T13:35:51.054Z] [INFO] ← POST /draft 200 (8ms)
[2026-07-31T13:35:51.070Z] [INFO] → GET /api/history/6355792e-bd5e-433c-b3aa-4d68411bc592
[2026-07-31T13:35:51.071Z] [INFO] ← GET /6355792e-bd5e-433c-b3aa-4d68411bc592 200 (2ms)
[2026-07-31T13:35:51.076Z] [INFO] → POST /api/study/plan
[2026-07-31T13:35:52.269Z] [INFO] ← POST /plan 200 (1193ms)
[2026-07-31T13:35:52.274Z] [INFO] → PATCH /api/history/6355792e-bd5e-433c-b3aa-4d68411bc592
[2026-07-31T13:35:52.278Z] [INFO] ← PATCH /6355792e-bd5e-433c-b3aa-4d68411bc592 200 (4ms)
[2026-07-31T13:35:52.282Z] [INFO] → GET /api/history/6355792e-bd5e-433c-b3aa-4d68411bc592
[2026-07-31T13:35:52.282Z] [INFO] ← GET /6355792e-bd5e-433c-b3aa-4d68411bc592 200 (1ms)
[2026-07-31T13:35:52.290Z] [INFO] → GET /api/rag/docs
[2026-07-31T13:35:52.291Z] [INFO] ← GET /docs 304 (1ms)
[2026-07-31T13:36:04.873Z] [INFO] → PATCH /api/history/6355792e-bd5e-433c-b3aa-4d68411bc592
[2026-07-31T13:36:04.877Z] [INFO] ← PATCH /6355792e-bd5e-433c-b3aa-4d68411bc592 200 (4ms)
[2026-07-31T13:36:04.881Z] [INFO] → GET /api/history/6355792e-bd5e-433c-b3aa-4d68411bc592
[2026-07-31T13:36:04.883Z] [INFO] ← GET /6355792e-bd5e-433c-b3aa-4d68411bc592 200 (1ms)
[2026-07-31T13:36:04.889Z] [INFO] → POST /api/study/graph
[2026-07-31T13:36:05.890Z] [ACTION] [ACTION] generation.complete | {"draftId":"6355792e-bd5e-433c-b3aa-4d68411bc592","type":"graph","scope":"studio"}
[2026-07-31T13:36:05.890Z] [INFO] ← POST /graph 200 (1001ms)
[2026-07-31T13:36:05.896Z] [INFO] → PATCH /api/history/6355792e-bd5e-433c-b3aa-4d68411bc592
[2026-07-31T13:36:05.900Z] [INFO] ← PATCH /6355792e-bd5e-433c-b3aa-4d68411bc592 200 (4ms)
[2026-07-31T13:36:05.905Z] [INFO] → GET /api/history/6355792e-bd5e-433c-b3aa-4d68411bc592
[2026-07-31T13:36:05.905Z] [INFO] ← GET /6355792e-bd5e-433c-b3aa-4d68411bc592 200 (1ms)
[2026-07-31T13:36:05.907Z] [INFO] → POST /api/study/graph
[2026-07-31T13:36:07.250Z] [ACTION] [ACTION] generation.complete | {"draftId":"6355792e-bd5e-433c-b3aa-4d68411bc592","type":"graph","scope":"studio"}
[2026-07-31T13:36:07.251Z] [INFO] ← POST /graph 200 (1345ms)
[2026-07-31T13:36:07.256Z] [INFO] → PATCH /api/history/6355792e-bd5e-433c-b3aa-4d68411bc592
[2026-07-31T13:36:07.259Z] [INFO] ← PATCH /6355792e-bd5e-433c-b3aa-4d68411bc592 200 (3ms)
[2026-07-31T13:36:07.264Z] [INFO] → GET /api/history/6355792e-bd5e-433c-b3aa-4d68411bc592
[2026-07-31T13:36:07.264Z] [INFO] ← GET /6355792e-bd5e-433c-b3aa-4d68411bc592 200 (1ms)
[2026-07-31T13:36:08.093Z] [INFO] → POST /api/study/graph
[2026-07-31T13:36:09.028Z] [ACTION] [ACTION] generation.create | {"historyId":"0631564e-ecc4-4d19-8acf-489d1907ad1f","type":"graph","scope":"studio"}
[2026-07-31T13:36:09.029Z] [INFO] ← POST /graph 200 (937ms)
[2026-07-31T13:36:09.035Z] [INFO] → POST /api/progress/activity
[2026-07-31T13:36:09.036Z] [WARN] ← POST /activity 400 (1ms)
[2026-07-31T13:36:28.646Z] [INFO] → GET /api/rag/docs
[2026-07-31T13:36:28.647Z] [INFO] ← GET /docs 304 (2ms)
[2026-07-31T13:36:44.225Z] [INFO] → POST /api/history/draft
[2026-07-31T13:36:44.232Z] [INFO] ← POST /draft 200 (6ms)
[2026-07-31T13:36:44.245Z] [INFO] → GET /api/history/95058aa1-7b68-48f7-9410-430bdc1c6ea7
[2026-07-31T13:36:44.246Z] [INFO] ← GET /95058aa1-7b68-48f7-9410-430bdc1c6ea7 200 (1ms)
[2026-07-31T13:36:44.253Z] [INFO] → POST /api/study/plan
[2026-07-31T13:36:45.292Z] [INFO] ← POST /plan 200 (1039ms)
[2026-07-31T13:36:45.297Z] [INFO] → PATCH /api/history/95058aa1-7b68-48f7-9410-430bdc1c6ea7
[2026-07-31T13:36:45.302Z] [INFO] ← PATCH /95058aa1-7b68-48f7-9410-430bdc1c6ea7 200 (5ms)
[2026-07-31T13:36:45.307Z] [INFO] → GET /api/history/95058aa1-7b68-48f7-9410-430bdc1c6ea7
[2026-07-31T13:36:45.308Z] [INFO] ← GET /95058aa1-7b68-48f7-9410-430bdc1c6ea7 200 (2ms)
[2026-07-31T13:36:45.315Z] [INFO] → GET /api/rag/docs
[2026-07-31T13:36:45.316Z] [INFO] ← GET /docs 304 (1ms)
[2026-07-31T13:36:57.809Z] [INFO] → PATCH /api/history/95058aa1-7b68-48f7-9410-430bdc1c6ea7
[2026-07-31T13:36:57.816Z] [INFO] ← PATCH /95058aa1-7b68-48f7-9410-430bdc1c6ea7 200 (7ms)
[2026-07-31T13:36:57.821Z] [INFO] → GET /api/history/95058aa1-7b68-48f7-9410-430bdc1c6ea7
[2026-07-31T13:36:57.822Z] [INFO] ← GET /95058aa1-7b68-48f7-9410-430bdc1c6ea7 200 (1ms)
[2026-07-31T13:36:57.828Z] [INFO] → POST /api/study/visual
[2026-07-31T13:36:58.359Z] [ACTION] [ACTION] generation.complete | {"draftId":"95058aa1-7b68-48f7-9410-430bdc1c6ea7","type":"visual","scope":"studio"}
[2026-07-31T13:36:58.360Z] [INFO] ← POST /visual 200 (532ms)
[2026-07-31T13:36:58.364Z] [INFO] → PATCH /api/history/95058aa1-7b68-48f7-9410-430bdc1c6ea7
[2026-07-31T13:36:58.367Z] [INFO] ← PATCH /95058aa1-7b68-48f7-9410-430bdc1c6ea7 200 (4ms)
[2026-07-31T13:36:58.372Z] [INFO] → GET /api/history/95058aa1-7b68-48f7-9410-430bdc1c6ea7
[2026-07-31T13:36:58.373Z] [INFO] ← GET /95058aa1-7b68-48f7-9410-430bdc1c6ea7 200 (1ms)
[2026-07-31T13:36:58.374Z] [INFO] → POST /api/study/visual
[2026-07-31T13:36:59.008Z] [ACTION] [ACTION] generation.complete | {"draftId":"95058aa1-7b68-48f7-9410-430bdc1c6ea7","type":"visual","scope":"studio"}
[2026-07-31T13:36:59.009Z] [INFO] ← POST /visual 200 (635ms)
[2026-07-31T13:36:59.013Z] [INFO] → PATCH /api/history/95058aa1-7b68-48f7-9410-430bdc1c6ea7
[2026-07-31T13:36:59.017Z] [INFO] ← PATCH /95058aa1-7b68-48f7-9410-430bdc1c6ea7 200 (4ms)
[2026-07-31T13:36:59.022Z] [INFO] → GET /api/history/95058aa1-7b68-48f7-9410-430bdc1c6ea7
[2026-07-31T13:36:59.023Z] [INFO] ← GET /95058aa1-7b68-48f7-9410-430bdc1c6ea7 200 (1ms)
[2026-07-31T13:37:01.363Z] [INFO] → POST /api/study/visual
[2026-07-31T13:37:01.908Z] [ACTION] [ACTION] generation.create | {"historyId":"6f9d9ce7-2707-4a8c-aa21-02eb160e6caf","type":"visual","scope":"studio"}
[2026-07-31T13:37:01.909Z] [INFO] ← POST /visual 200 (545ms)
[2026-07-31T13:37:01.913Z] [INFO] → POST /api/progress/activity
[2026-07-31T13:37:01.914Z] [WARN] ← POST /activity 400 (1ms)
[2026-07-31T13:37:18.006Z] [INFO] → POST /api/study/visual
[2026-07-31T13:37:18.394Z] [ACTION] [ACTION] generation.create | {"historyId":"21594497-f957-4163-af22-622277fca405","type":"visual","scope":"studio"}
[2026-07-31T13:37:18.395Z] [INFO] ← POST /visual 200 (390ms)
[2026-07-31T13:37:18.401Z] [INFO] → POST /api/progress/activity
[2026-07-31T13:37:18.402Z] [WARN] ← POST /activity 400 (0ms)
[2026-07-31T13:37:34.806Z] [INFO] → POST /api/study/visual
[2026-07-31T13:37:35.440Z] [ACTION] [ACTION] generation.create | {"historyId":"94c51834-57af-41dc-a171-ff2cc6fca5f7","type":"visual","scope":"studio"}
[2026-07-31T13:37:35.440Z] [INFO] ← POST /visual 200 (635ms)
[2026-07-31T13:37:35.446Z] [INFO] → POST /api/progress/activity
[2026-07-31T13:37:35.446Z] [WARN] ← POST /activity 400 (1ms)
[2026-07-31T13:58:10.665Z] [INFO] → GET /api/rag/docs
[2026-07-31T13:58:10.666Z] [INFO] ← GET /docs 304 (2ms)
[2026-07-31T13:58:35.064Z] [INFO] → POST /api/history/draft
[2026-07-31T13:58:35.070Z] [INFO] ← POST /draft 200 (6ms)
[2026-07-31T13:58:35.088Z] [INFO] → GET /api/history/c332d4ec-9473-464b-abc1-9accf535792f
[2026-07-31T13:58:35.089Z] [INFO] ← GET /c332d4ec-9473-464b-abc1-9accf535792f 200 (1ms)
[2026-07-31T13:58:35.095Z] [INFO] → POST /api/study/plan
[2026-07-31T13:58:36.260Z] [INFO] ← POST /plan 200 (1164ms)
[2026-07-31T13:58:36.265Z] [INFO] → PATCH /api/history/c332d4ec-9473-464b-abc1-9accf535792f
[2026-07-31T13:58:36.268Z] [INFO] ← PATCH /c332d4ec-9473-464b-abc1-9accf535792f 200 (4ms)
[2026-07-31T13:58:36.273Z] [INFO] → GET /api/history/c332d4ec-9473-464b-abc1-9accf535792f
[2026-07-31T13:58:36.273Z] [INFO] ← GET /c332d4ec-9473-464b-abc1-9accf535792f 200 (1ms)
[2026-07-31T13:58:36.280Z] [INFO] → GET /api/rag/docs
[2026-07-31T13:58:36.281Z] [INFO] ← GET /docs 304 (1ms)
[2026-07-31T13:58:48.546Z] [INFO] → PATCH /api/history/c332d4ec-9473-464b-abc1-9accf535792f
[2026-07-31T13:58:48.553Z] [INFO] ← PATCH /c332d4ec-9473-464b-abc1-9accf535792f 200 (7ms)
[2026-07-31T13:58:48.558Z] [INFO] → GET /api/history/c332d4ec-9473-464b-abc1-9accf535792f
[2026-07-31T13:58:48.558Z] [INFO] ← GET /c332d4ec-9473-464b-abc1-9accf535792f 200 (1ms)
[2026-07-31T13:58:48.564Z] [INFO] → POST /api/study/predict
[2026-07-31T13:58:49.000Z] [ACTION] [ACTION] generation.complete | {"draftId":"c332d4ec-9473-464b-abc1-9accf535792f","type":"prediction","scope":"studio"}
[2026-07-31T13:58:49.001Z] [INFO] ← POST /predict 200 (437ms)
[2026-07-31T13:58:49.005Z] [INFO] → PATCH /api/history/c332d4ec-9473-464b-abc1-9accf535792f
[2026-07-31T13:58:49.009Z] [INFO] ← PATCH /c332d4ec-9473-464b-abc1-9accf535792f 200 (4ms)
[2026-07-31T13:58:49.015Z] [INFO] → GET /api/history/c332d4ec-9473-464b-abc1-9accf535792f
[2026-07-31T13:58:49.016Z] [INFO] ← GET /c332d4ec-9473-464b-abc1-9accf535792f 200 (1ms)
[2026-07-31T13:58:49.016Z] [INFO] → POST /api/study/predict
[2026-07-31T13:58:49.380Z] [ACTION] [ACTION] generation.complete | {"draftId":"c332d4ec-9473-464b-abc1-9accf535792f","type":"prediction","scope":"studio"}
[2026-07-31T13:58:49.381Z] [INFO] ← POST /predict 200 (365ms)
[2026-07-31T13:58:49.386Z] [INFO] → PATCH /api/history/c332d4ec-9473-464b-abc1-9accf535792f
[2026-07-31T13:58:49.388Z] [INFO] ← PATCH /c332d4ec-9473-464b-abc1-9accf535792f 200 (3ms)
[2026-07-31T13:58:49.393Z] [INFO] → GET /api/history/c332d4ec-9473-464b-abc1-9accf535792f
[2026-07-31T13:58:49.394Z] [INFO] ← GET /c332d4ec-9473-464b-abc1-9accf535792f 200 (1ms)
[2026-07-31T13:58:58.881Z] [INFO] → GET /api/rag/docs
[2026-07-31T13:58:58.882Z] [INFO] ← GET /docs 304 (1ms)
[2026-07-31T13:59:05.387Z] [INFO] → POST /api/history/draft
[2026-07-31T13:59:05.395Z] [INFO] ← POST /draft 200 (8ms)
[2026-07-31T13:59:05.412Z] [INFO] → GET /api/history/01069d86-e978-4d51-b969-f78cf7463916
[2026-07-31T13:59:05.413Z] [INFO] ← GET /01069d86-e978-4d51-b969-f78cf7463916 200 (2ms)
[2026-07-31T13:59:05.419Z] [INFO] → POST /api/study/plan
[2026-07-31T13:59:06.596Z] [INFO] ← POST /plan 200 (1178ms)
[2026-07-31T13:59:06.601Z] [INFO] → PATCH /api/history/01069d86-e978-4d51-b969-f78cf7463916
[2026-07-31T13:59:06.604Z] [INFO] ← PATCH /01069d86-e978-4d51-b969-f78cf7463916 200 (3ms)
[2026-07-31T13:59:06.609Z] [INFO] → GET /api/history/01069d86-e978-4d51-b969-f78cf7463916
[2026-07-31T13:59:06.610Z] [INFO] ← GET /01069d86-e978-4d51-b969-f78cf7463916 200 (0ms)
[2026-07-31T13:59:06.619Z] [INFO] → GET /api/rag/docs
[2026-07-31T13:59:06.619Z] [INFO] ← GET /docs 304 (1ms)
[2026-07-31T13:59:15.188Z] [INFO] → PATCH /api/history/01069d86-e978-4d51-b969-f78cf7463916
[2026-07-31T13:59:15.197Z] [INFO] ← PATCH /01069d86-e978-4d51-b969-f78cf7463916 200 (9ms)
[2026-07-31T13:59:15.202Z] [INFO] → GET /api/history/01069d86-e978-4d51-b969-f78cf7463916
[2026-07-31T13:59:15.203Z] [INFO] ← GET /01069d86-e978-4d51-b969-f78cf7463916 200 (2ms)
[2026-07-31T13:59:15.210Z] [INFO] → POST /api/study/recommend
[2026-07-31T13:59:15.669Z] [ACTION] [ACTION] generation.complete | {"draftId":"01069d86-e978-4d51-b969-f78cf7463916","type":"recommendation","scope":"studio"}
[2026-07-31T13:59:15.670Z] [INFO] ← POST /recommend 200 (460ms)
[2026-07-31T13:59:15.675Z] [INFO] → PATCH /api/history/01069d86-e978-4d51-b969-f78cf7463916
[2026-07-31T13:59:15.678Z] [INFO] ← PATCH /01069d86-e978-4d51-b969-f78cf7463916 200 (3ms)
[2026-07-31T13:59:15.683Z] [INFO] → GET /api/history/01069d86-e978-4d51-b969-f78cf7463916
[2026-07-31T13:59:15.683Z] [INFO] ← GET /01069d86-e978-4d51-b969-f78cf7463916 200 (1ms)
[2026-07-31T13:59:15.684Z] [INFO] → POST /api/study/recommend
[2026-07-31T13:59:16.152Z] [ACTION] [ACTION] generation.complete | {"draftId":"01069d86-e978-4d51-b969-f78cf7463916","type":"recommendation","scope":"studio"}
[2026-07-31T13:59:16.153Z] [INFO] ← POST /recommend 200 (468ms)
[2026-07-31T13:59:16.157Z] [INFO] → PATCH /api/history/01069d86-e978-4d51-b969-f78cf7463916
[2026-07-31T13:59:16.160Z] [INFO] ← PATCH /01069d86-e978-4d51-b969-f78cf7463916 200 (3ms)
[2026-07-31T13:59:16.164Z] [INFO] → GET /api/history/01069d86-e978-4d51-b969-f78cf7463916
[2026-07-31T13:59:16.165Z] [INFO] ← GET /01069d86-e978-4d51-b969-f78cf7463916 200 (1ms)
[2026-07-31T13:59:20.617Z] [INFO] → GET /api/rag/docs
[2026-07-31T13:59:20.618Z] [INFO] ← GET /docs 304 (1ms)
[2026-07-31T14:01:28.274Z] [INFO] → GET /api/history
[2026-07-31T14:01:28.276Z] [INFO] ← GET / 200 (3ms)
[2026-07-31T14:01:31.784Z] [INFO] → GET /api/history
[2026-07-31T14:01:31.785Z] [INFO] ← GET / 200 (2ms)
[2026-07-31T14:01:33.512Z] [INFO] → GET /api/history/94c51834-57af-41dc-a171-ff2cc6fca5f7
[2026-07-31T14:01:33.513Z] [INFO] ← GET /94c51834-57af-41dc-a171-ff2cc6fca5f7 200 (1ms)
[2026-07-31T14:02:35.143Z] [INFO] → GET /api/rag/docs
[2026-07-31T14:02:35.144Z] [INFO] ← GET /docs 304 (1ms)
[2026-07-31T14:04:21.717Z] [INFO] → GET /api/chat/sessions
[2026-07-31T14:04:21.720Z] [INFO] ← GET /sessions 200 (2ms)
[2026-07-31T14:04:27.771Z] [INFO] → POST /api/chat/stream
[2026-07-31T14:04:28.201Z] [INFO] → POST /api/progress/activity
[2026-07-31T14:04:28.204Z] [INFO] ← POST /activity 200 (3ms)
[2026-07-31T14:04:29.042Z] [INFO] ← POST /stream 200 (1271ms)
[2026-07-31T14:04:29.047Z] [INFO] → PATCH /api/chat/sessions/296d91c9-c4b0-43cd-b8c4-c6367fd7fd59
[2026-07-31T14:04:29.050Z] [INFO] ← PATCH /sessions/296d91c9-c4b0-43cd-b8c4-c6367fd7fd59 200 (3ms)
[2026-07-31T14:04:29.052Z] [INFO] → GET /api/chat/sessions
[2026-07-31T14:04:29.054Z] [INFO] ← GET /sessions 200 (3ms)
[2026-07-31T14:04:35.148Z] [INFO] → POST /api/chat/stream
[2026-07-31T14:04:36.130Z] [INFO] → POST /api/progress/activity
[2026-07-31T14:04:36.132Z] [INFO] ← POST /activity 200 (2ms)
[2026-07-31T14:04:38.407Z] [INFO] ← POST /stream 200 (3260ms)
[2026-07-31T14:04:38.411Z] [INFO] → PATCH /api/chat/sessions/4abcb387-6ffd-4ac1-b871-365fe1bab0b5
[2026-07-31T14:04:38.414Z] [INFO] ← PATCH /sessions/4abcb387-6ffd-4ac1-b871-365fe1bab0b5 200 (4ms)
[2026-07-31T14:04:38.415Z] [INFO] → GET /api/chat/sessions
[2026-07-31T14:04:38.416Z] [INFO] ← GET /sessions 200 (1ms)
[2026-07-31T14:04:58.351Z] [INFO] → GET /api/chat/sessions/4abcb387-6ffd-4ac1-b871-365fe1bab0b5
[2026-07-31T14:04:58.353Z] [INFO] ← GET /sessions/4abcb387-6ffd-4ac1-b871-365fe1bab0b5 200 (1ms)
[2026-07-31T14:05:00.634Z] [INFO] → DELETE /api/chat/sessions/4abcb387-6ffd-4ac1-b871-365fe1bab0b5
[2026-07-31T14:05:00.639Z] [INFO] ← DELETE /sessions/4abcb387-6ffd-4ac1-b871-365fe1bab0b5 200 (6ms)
[2026-07-31T14:05:00.644Z] [INFO] → GET /api/chat/sessions
[2026-07-31T14:05:00.646Z] [INFO] ← GET /sessions 200 (1ms)
[2026-07-31T14:05:01.130Z] [INFO] → DELETE /api/chat/sessions/296d91c9-c4b0-43cd-b8c4-c6367fd7fd59
[2026-07-31T14:05:01.132Z] [INFO] ← DELETE /sessions/296d91c9-c4b0-43cd-b8c4-c6367fd7fd59 200 (3ms)
[2026-07-31T14:05:01.137Z] [INFO] → GET /api/chat/sessions
[2026-07-31T14:05:01.139Z] [INFO] ← GET /sessions 200 (1ms)
[2026-07-31T14:05:01.563Z] [INFO] → DELETE /api/chat/sessions/2347edde-9e13-4ca9-9155-ea6f9a95e5f0
[2026-07-31T14:05:01.567Z] [INFO] ← DELETE /sessions/2347edde-9e13-4ca9-9155-ea6f9a95e5f0 200 (3ms)
[2026-07-31T14:05:01.571Z] [INFO] → GET /api/chat/sessions
[2026-07-31T14:05:01.573Z] [INFO] ← GET /sessions 200 (1ms)
[2026-07-31T14:05:01.892Z] [INFO] → DELETE /api/chat/sessions/ddc3e2fe-e6be-4db1-98d7-61188b8cd727
[2026-07-31T14:05:01.897Z] [INFO] ← DELETE /sessions/ddc3e2fe-e6be-4db1-98d7-61188b8cd727 200 (5ms)
[2026-07-31T14:05:01.902Z] [INFO] → GET /api/chat/sessions
[2026-07-31T14:05:01.903Z] [INFO] ← GET /sessions 200 (2ms)
[2026-07-31T14:05:02.339Z] [INFO] → DELETE /api/chat/sessions/e90da939-de1a-43bb-98b6-da25378be8cb
[2026-07-31T14:05:02.343Z] [INFO] ← DELETE /sessions/e90da939-de1a-43bb-98b6-da25378be8cb 200 (5ms)
[2026-07-31T14:05:02.349Z] [INFO] → GET /api/chat/sessions
[2026-07-31T14:05:02.351Z] [INFO] ← GET /sessions 200 (2ms)
[2026-07-31T14:05:06.110Z] [INFO] → POST /api/chat/stream
[2026-07-31T14:05:07.181Z] [INFO] → POST /api/progress/activity
[2026-07-31T14:05:07.184Z] [INFO] ← POST /activity 200 (3ms)
[2026-07-31T14:05:07.978Z] [INFO] ← POST /stream 200 (1868ms)
[2026-07-31T14:05:07.983Z] [INFO] → PATCH /api/chat/sessions/b311841f-3f01-4bac-bd9f-65fee8a1c324
[2026-07-31T14:05:07.986Z] [INFO] ← PATCH /sessions/b311841f-3f01-4bac-bd9f-65fee8a1c324 200 (3ms)
[2026-07-31T14:05:07.988Z] [INFO] → GET /api/chat/sessions
[2026-07-31T14:05:07.989Z] [INFO] ← GET /sessions 200 (2ms)
[2026-07-31T14:06:47.907Z] [INFO] → GET /api/rag/docs
[2026-07-31T14:06:47.908Z] [INFO] ← GET /docs 304 (1ms)
[2026-07-31T14:06:59.387Z] [INFO] → POST /api/agent/run
[2026-07-31T14:07:02.795Z] [INFO] ← POST /run 200 (3408ms)
[2026-07-31T14:07:02.798Z] [INFO] → POST /api/progress/activity
[2026-07-31T14:07:02.801Z] [INFO] ← POST /activity 200 (2ms)
[2026-07-31T14:07:15.555Z] [INFO] → POST /api/agent/run
[2026-07-31T14:07:18.212Z] [INFO] ← POST /run 200 (2657ms)
[2026-07-31T14:07:18.217Z] [INFO] → POST /api/progress/activity
[2026-07-31T14:07:18.219Z] [INFO] ← POST /activity 200 (2ms)
[2026-07-31T14:07:48.107Z] [INFO] → POST /api/agent/run
[2026-07-31T14:07:52.874Z] [INFO] ← POST /run 200 (4768ms)
[2026-07-31T14:07:52.877Z] [INFO] → POST /api/progress/activity
[2026-07-31T14:07:52.880Z] [INFO] ← POST /activity 200 (2ms)
[2026-07-31T14:09:54.996Z] [INFO] → GET /api/rag/docs
[2026-07-31T14:09:54.997Z] [INFO] ← GET /docs 304 (2ms)
[2026-07-31T14:09:58.107Z] [INFO] → GET /api/voice/status
[2026-07-31T14:09:58.109Z] [INFO] ← GET /status 200 (3ms)
[2026-07-31T14:09:58.112Z] [INFO] → GET /api/voice/status
[2026-07-31T14:09:58.113Z] [INFO] ← GET /status 304 (1ms)
[2026-07-31T14:10:58.787Z] [INFO] → POST /api/voice/stt
[2026-07-31T14:10:59.172Z] [INFO] ← POST /stt 200 (385ms)
[2026-07-31T14:10:59.177Z] [INFO] → POST /api/chat/stream
[2026-07-31T14:11:00.305Z] [INFO] ← POST /stream 200 (1128ms)
[2026-07-31T14:11:00.309Z] [INFO] → POST /api/progress/activity
[2026-07-31T14:11:00.311Z] [INFO] ← POST /activity 200 (2ms)
[2026-07-31T14:11:00.312Z] [INFO] → POST /api/voice/tts
[2026-07-31T14:11:09.673Z] [INFO] ← POST /tts 200 (9361ms)
[2026-07-31T14:14:27.946Z] [INFO] → POST /api/voice/tts
[2026-07-31T14:14:36.677Z] [INFO] ← POST /tts 200 (8732ms)
[2026-07-31T14:14:38.365Z] [INFO] → POST /api/voice/stt
[2026-07-31T14:14:38.599Z] [INFO] ← POST /stt 200 (235ms)
[2026-07-31T14:14:38.605Z] [INFO] → POST /api/chat/stream
[2026-07-31T14:14:40.332Z] [INFO] ← POST /stream 200 (1727ms)
[2026-07-31T14:14:40.336Z] [INFO] → POST /api/progress/activity
[2026-07-31T14:14:40.338Z] [INFO] ← POST /activity 200 (3ms)
[2026-07-31T14:14:40.339Z] [INFO] → POST /api/voice/tts
[2026-07-31T14:14:40.382Z] [WARN] Voice TTS: "Groq" key "dark" hit 429 → cooldown, rotating key
[2026-07-31T14:14:51.614Z] [INFO] ← POST /tts 200 (11275ms)
[2026-07-31T14:18:47.037Z] [INFO] StudyForge server listening on http://localhost:5174
[2026-07-31T14:18:47.037Z] [INFO] API mounted at /api   (frontend dev proxy → :5173)
[2026-07-31T14:19:02.332Z] [INFO] StudyForge server listening on http://localhost:5174
[2026-07-31T14:19:02.333Z] [INFO] API mounted at /api   (frontend dev proxy → :5173)
[2026-07-31T14:19:18.254Z] [INFO] StudyForge server listening on http://localhost:5174
[2026-07-31T14:19:18.254Z] [INFO] API mounted at /api   (frontend dev proxy → :5173)
[2026-07-31T14:19:30.525Z] [INFO] StudyForge server listening on http://localhost:5174
[2026-07-31T14:19:30.526Z] [INFO] API mounted at /api   (frontend dev proxy → :5173)
[2026-07-31T14:19:52.589Z] [INFO] StudyForge server listening on http://localhost:5174
[2026-07-31T14:19:52.589Z] [INFO] API mounted at /api   (frontend dev proxy → :5173)
[2026-07-31T14:23:26.413Z] [INFO] StudyForge server listening on http://localhost:5174
[2026-07-31T14:23:26.414Z] [INFO] API mounted at /api   (frontend dev proxy → :5173)
[2026-07-31T14:24:49.879Z] [INFO] → GET /api/voice/status
[2026-07-31T14:24:49.885Z] [INFO] ← GET /status 304 (6ms)
[2026-07-31T14:56:01.275Z] [INFO] StudyForge server listening on http://localhost:5174
[2026-07-31T14:56:01.276Z] [INFO] API mounted at /api   (frontend dev proxy → :5173)
[2026-07-31T14:56:14.098Z] [INFO] StudyForge server listening on http://localhost:5174
[2026-07-31T14:56:14.099Z] [INFO] API mounted at /api   (frontend dev proxy → :5173)
[2026-07-31T14:56:42.587Z] [INFO] StudyForge server listening on http://localhost:5174
[2026-07-31T14:56:42.588Z] [INFO] API mounted at /api   (frontend dev proxy → :5173)
[2026-07-31T14:59:49.900Z] [INFO] → GET /api/voice/status
[2026-07-31T14:59:49.906Z] [INFO] ← GET /status 304 (6ms)
[2026-07-31T15:00:07.222Z] [INFO] → GET /api/voice/status
[2026-07-31T15:00:07.225Z] [INFO] ← GET /status 304 (4ms)
[2026-07-31T15:00:08.182Z] [INFO] → GET /api/voice/status
[2026-07-31T15:00:08.184Z] [INFO] ← GET /status 304 (2ms)
[2026-07-31T15:00:08.186Z] [INFO] → GET /api/voice/status
[2026-07-31T15:00:08.188Z] [INFO] ← GET /status 304 (1ms)
[2026-07-31T15:00:11.093Z] [INFO] → GET /api/rag/docs
[2026-07-31T15:00:11.289Z] [INFO] ← GET /docs 304 (195ms)
[2026-07-31T15:00:15.368Z] [INFO] → GET /api/chat/sessions
[2026-07-31T15:00:15.370Z] [INFO] ← GET /sessions 200 (3ms)
[2026-07-31T15:00:17.130Z] [INFO] → POST /api/chat/stream
[2026-07-31T15:00:17.524Z] [WARN] Provider "Groq" does not support embeddings (404); using the local embedding model instead.
[2026-07-31T15:00:17.525Z] [INFO] Loading local embedding model (Xenova/all-MiniLM-L6-v2)…
[2026-07-31T15:00:17.690Z] [INFO] Local embedding model ready
[2026-07-31T15:00:17.703Z] [INFO] FAISS index loaded (2944 vectors)
[2026-07-31T15:00:18.099Z] [INFO] → POST /api/progress/activity
[2026-07-31T15:00:18.103Z] [INFO] ← POST /activity 200 (5ms)
[2026-07-31T15:00:18.707Z] [INFO] ← POST /stream 200 (1577ms)
[2026-07-31T15:00:18.710Z] [INFO] → PATCH /api/chat/sessions/1f672c23-e7c6-40df-abc0-cd490396e5cc
[2026-07-31T15:00:18.713Z] [INFO] ← PATCH /sessions/1f672c23-e7c6-40df-abc0-cd490396e5cc 200 (2ms)
[2026-07-31T15:00:18.714Z] [INFO] → GET /api/chat/sessions
[2026-07-31T15:00:18.716Z] [INFO] ← GET /sessions 200 (1ms)
[2026-07-31T15:02:35.255Z] [INFO] StudyForge server listening on http://localhost:5174
[2026-07-31T15:02:35.255Z] [INFO] API mounted at /api   (frontend dev proxy → :5173)
[2026-07-31T15:04:33.184Z] [INFO] StudyForge server listening on http://localhost:5174
[2026-07-31T15:04:33.184Z] [INFO] API mounted at /api   (frontend dev proxy → :5173)
[2026-07-31T15:04:42.980Z] [INFO] StudyForge server listening on http://localhost:5174
[2026-07-31T15:04:42.981Z] [INFO] API mounted at /api   (frontend dev proxy → :5173)
[2026-07-31T15:37:58.279Z] [INFO] StudyForge server listening on http://localhost:5174
[2026-07-31T15:37:58.280Z] [INFO] API mounted at /api   (frontend dev proxy → :5173)
[2026-07-31T15:38:17.478Z] [INFO] StudyForge server listening on http://localhost:5174
[2026-07-31T15:38:17.478Z] [INFO] API mounted at /api   (frontend dev proxy → :5173)
[2026-07-31T15:38:26.681Z] [INFO] StudyForge server listening on http://localhost:5174
[2026-07-31T15:38:26.682Z] [INFO] API mounted at /api   (frontend dev proxy → :5173)
[2026-07-31T15:38:51.692Z] [INFO] StudyForge server listening on http://localhost:5174
[2026-07-31T15:38:51.693Z] [INFO] API mounted at /api   (frontend dev proxy → :5173)
[2026-07-31T15:39:04.654Z] [INFO] StudyForge server listening on http://localhost:5174
[2026-07-31T15:39:04.654Z] [INFO] API mounted at /api   (frontend dev proxy → :5173)
[2026-07-31T15:39:18.584Z] [INFO] StudyForge server listening on http://localhost:5174
[2026-07-31T15:39:18.584Z] [INFO] API mounted at /api   (frontend dev proxy → :5173)
