[2026-07-29T01:38:00.516Z] [INFO] → GET /api/rag/docs
[2026-07-29T01:38:00.517Z] [INFO] ← GET /docs 304 (2ms)
[2026-07-29T01:38:18.975Z] [INFO] → POST /api/history/draft
[2026-07-29T01:38:18.978Z] [INFO] ← POST /draft 200 (4ms)
[2026-07-29T01:38:18.992Z] [INFO] → GET /api/history/12dc330b-2d49-4dbd-afd0-86d7945c8478
[2026-07-29T01:38:18.993Z] [INFO] ← GET /12dc330b-2d49-4dbd-afd0-86d7945c8478 200 (1ms)
[2026-07-29T01:38:18.999Z] [INFO] → POST /api/study/explain
[2026-07-29T01:38:21.009Z] [INFO] → GET /api/history/12dc330b-2d49-4dbd-afd0-86d7945c8478
[2026-07-29T01:38:21.010Z] [INFO] ← GET /12dc330b-2d49-4dbd-afd0-86d7945c8478 304 (1ms)
[2026-07-29T01:38:22.217Z] [INFO] Explain: falling back to per-level generation for "Newton's laws of motion"
[2026-07-29T01:38:23.022Z] [INFO] → GET /api/history/12dc330b-2d49-4dbd-afd0-86d7945c8478
[2026-07-29T01:38:23.023Z] [INFO] ← GET /12dc330b-2d49-4dbd-afd0-86d7945c8478 304 (1ms)
[2026-07-29T01:38:25.030Z] [INFO] → GET /api/history/12dc330b-2d49-4dbd-afd0-86d7945c8478
[2026-07-29T01:38:25.030Z] [INFO] ← GET /12dc330b-2d49-4dbd-afd0-86d7945c8478 304 (1ms)
[2026-07-29T01:38:27.043Z] [INFO] → GET /api/history/12dc330b-2d49-4dbd-afd0-86d7945c8478
[2026-07-29T01:38:27.043Z] [INFO] ← GET /12dc330b-2d49-4dbd-afd0-86d7945c8478 304 (1ms)
[2026-07-29T01:38:27.456Z] [ACTION] [ACTION] generation.complete | {"draftId":"12dc330b-2d49-4dbd-afd0-86d7945c8478","type":"explanation","subType":"general"}
[2026-07-29T01:38:27.456Z] [INFO] ← POST /explain 200 (8457ms)
[2026-07-29T01:38:27.464Z] [INFO] → PATCH /api/history/12dc330b-2d49-4dbd-afd0-86d7945c8478
[2026-07-29T01:38:27.467Z] [INFO] ← PATCH /12dc330b-2d49-4dbd-afd0-86d7945c8478 200 (2ms)
[2026-07-29T01:38:27.473Z] [INFO] → GET /api/history/12dc330b-2d49-4dbd-afd0-86d7945c8478
[2026-07-29T01:38:27.473Z] [INFO] ← GET /12dc330b-2d49-4dbd-afd0-86d7945c8478 200 (0ms)
[2026-07-29T01:39:19.755Z] [INFO] → GET /api/chat/sessions
[2026-07-29T01:39:19.756Z] [INFO] ← GET /sessions 304 (1ms)
[2026-07-29T01:42:25.805Z] [INFO] StudyForge server listening on http://localhost:5174
[2026-07-29T01:42:25.805Z] [INFO] API mounted at /api   (frontend dev proxy → :5173)
[2026-07-29T01:42:43.704Z] [INFO] StudyForge server listening on http://localhost:5174
[2026-07-29T01:42:43.704Z] [INFO] API mounted at /api   (frontend dev proxy → :5173)
[2026-07-29T01:44:29.706Z] [INFO] StudyForge server listening on http://localhost:5174
[2026-07-29T01:44:29.707Z] [INFO] API mounted at /api   (frontend dev proxy → :5173)
[2026-07-29T01:45:01.082Z] [INFO] StudyForge server listening on http://localhost:5174
[2026-07-29T01:45:01.083Z] [INFO] API mounted at /api   (frontend dev proxy → :5173)
[2026-07-29T01:45:22.234Z] [INFO] → GET /api/chat/sessions
[2026-07-29T01:45:22.237Z] [INFO] ← GET /sessions 304 (3ms)
[2026-07-29T01:45:58.464Z] [INFO] StudyForge server listening on http://localhost:5174
[2026-07-29T01:45:58.464Z] [INFO] API mounted at /api   (frontend dev proxy → :5173)
[2026-07-29T01:46:04.494Z] [INFO] → GET /api/health
[2026-07-29T01:46:04.496Z] [INFO] ← GET /api/health 200 (3ms)
[2026-07-29T01:46:22.710Z] [INFO] → GET /api/rag/docs
[2026-07-29T01:46:22.937Z] [INFO] ← GET /docs 304 (227ms)
[2026-07-29T01:46:40.223Z] [INFO] → POST /api/history/draft
[2026-07-29T01:46:40.227Z] [INFO] ← POST /draft 200 (4ms)
[2026-07-29T01:46:40.241Z] [INFO] → GET /api/history/fd923dbf-ec25-4c3a-a399-2c5b59eb5d2a
[2026-07-29T01:46:40.243Z] [INFO] ← GET /fd923dbf-ec25-4c3a-a399-2c5b59eb5d2a 200 (1ms)
[2026-07-29T01:46:40.251Z] [INFO] → POST /api/study/explain
[2026-07-29T01:46:42.257Z] [INFO] → GET /api/history/fd923dbf-ec25-4c3a-a399-2c5b59eb5d2a
[2026-07-29T01:46:42.258Z] [INFO] ← GET /fd923dbf-ec25-4c3a-a399-2c5b59eb5d2a 304 (1ms)
[2026-07-29T01:46:43.340Z] [INFO] Explain: falling back to per-level generation for "Newton's laws of motion"
[2026-07-29T01:46:44.268Z] [INFO] → GET /api/history/fd923dbf-ec25-4c3a-a399-2c5b59eb5d2a
[2026-07-29T01:46:44.269Z] [INFO] ← GET /fd923dbf-ec25-4c3a-a399-2c5b59eb5d2a 304 (1ms)
[2026-07-29T01:46:46.280Z] [INFO] → GET /api/history/fd923dbf-ec25-4c3a-a399-2c5b59eb5d2a
[2026-07-29T01:46:46.281Z] [INFO] ← GET /fd923dbf-ec25-4c3a-a399-2c5b59eb5d2a 304 (1ms)
[2026-07-29T01:46:48.301Z] [INFO] → GET /api/history/fd923dbf-ec25-4c3a-a399-2c5b59eb5d2a
[2026-07-29T01:46:48.302Z] [INFO] ← GET /fd923dbf-ec25-4c3a-a399-2c5b59eb5d2a 304 (1ms)
[2026-07-29T01:46:48.651Z] [ACTION] [ACTION] generation.complete | {"draftId":"fd923dbf-ec25-4c3a-a399-2c5b59eb5d2a","type":"explanation","subType":"general"}
[2026-07-29T01:46:48.652Z] [INFO] ← POST /explain 200 (8401ms)
[2026-07-29T01:46:48.657Z] [INFO] → PATCH /api/history/fd923dbf-ec25-4c3a-a399-2c5b59eb5d2a
[2026-07-29T01:46:48.659Z] [INFO] ← PATCH /fd923dbf-ec25-4c3a-a399-2c5b59eb5d2a 200 (2ms)
[2026-07-29T01:46:48.666Z] [INFO] → GET /api/history/fd923dbf-ec25-4c3a-a399-2c5b59eb5d2a
[2026-07-29T01:46:48.666Z] [INFO] ← GET /fd923dbf-ec25-4c3a-a399-2c5b59eb5d2a 200 (1ms)
[2026-07-29T01:47:54.926Z] [INFO] → POST /api/study/explain
[2026-07-29T01:47:57.597Z] [INFO] Explain: falling back to per-level generation for "Photosynthesis"
[2026-07-29T01:48:02.458Z] [ACTION] [ACTION] generation.create | {"historyId":"25863fe5-c7ac-409e-a342-749e578f4911","type":"explanation","subType":"general"}
[2026-07-29T01:48:02.459Z] [INFO] ← POST /explain 200 (7533ms)
[2026-07-29T01:48:21.663Z] [INFO] → POST /api/study/explain
[2026-07-29T01:48:23.904Z] [INFO] Explain: falling back to per-level generation for "Photosynthesis"
[2026-07-29T01:48:28.914Z] [ACTION] [ACTION] generation.create | {"historyId":"209ddb10-2758-478c-8087-f8085e4748ad","type":"explanation","subType":"general"}
[2026-07-29T01:48:28.915Z] [INFO] ← POST /explain 200 (7252ms)
[2026-07-29T01:48:40.088Z] [INFO] → GET /api/rag/docs
[2026-07-29T01:48:40.089Z] [INFO] ← GET /docs 304 (1ms)
[2026-07-29T02:32:35.160Z] [INFO] → GET /api/rag/docs
[2026-07-29T02:32:35.161Z] [INFO] ← GET /docs 304 (2ms)
[2026-07-29T02:32:35.163Z] [INFO] → GET /api/history
[2026-07-29T02:32:35.166Z] [INFO] ← GET / 304 (3ms)
[2026-07-29T02:32:36.265Z] [INFO] → GET /api/rag/docs
[2026-07-29T02:32:36.266Z] [INFO] ← GET /docs 304 (1ms)
[2026-07-29T02:32:40.267Z] [INFO] → GET /api/rag/docs
[2026-07-29T02:32:40.268Z] [INFO] ← GET /docs 304 (0ms)
[2026-07-29T02:32:44.126Z] [INFO] → GET /api/history
[2026-07-29T02:32:44.127Z] [INFO] ← GET / 200 (1ms)
[2026-07-29T02:32:50.322Z] [INFO] → GET /api/chat/sessions
[2026-07-29T02:32:50.323Z] [INFO] ← GET /sessions 304 (2ms)
[2026-07-29T02:32:56.538Z] [INFO] → GET /api/history
[2026-07-29T02:32:56.539Z] [INFO] ← GET / 304 (1ms)
[2026-07-29T02:32:58.766Z] [INFO] → GET /api/chat/sessions
[2026-07-29T02:32:58.768Z] [INFO] ← GET /sessions 304 (2ms)
[2026-07-29T02:33:00.605Z] [INFO] → GET /api/chat/sessions/e90da939-de1a-43bb-98b6-da25378be8cb
[2026-07-29T02:33:00.606Z] [INFO] ← GET /sessions/e90da939-de1a-43bb-98b6-da25378be8cb 200 (2ms)
[2026-07-29T02:33:03.236Z] [INFO] → GET /api/chat/sessions/ddc3e2fe-e6be-4db1-98d7-61188b8cd727
[2026-07-29T02:33:03.238Z] [INFO] ← GET /sessions/ddc3e2fe-e6be-4db1-98d7-61188b8cd727 200 (1ms)
[2026-07-29T02:33:12.642Z] [INFO] → POST /api/chat/stream
[2026-07-29T02:33:13.043Z] [WARN] Provider "Groq" does not support embeddings (404); using the local embedding model instead.
[2026-07-29T02:33:13.044Z] [INFO] Loading local embedding model (Xenova/all-MiniLM-L6-v2)…
[2026-07-29T02:33:13.213Z] [INFO] Local embedding model ready
[2026-07-29T02:33:13.240Z] [INFO] FAISS index loaded (5146 vectors)
[2026-07-29T02:33:16.463Z] [INFO] → POST /api/progress/activity
[2026-07-29T02:33:16.466Z] [INFO] ← POST /activity 200 (3ms)
[2026-07-29T02:33:18.571Z] [INFO] ← POST /stream 200 (5929ms)
[2026-07-29T02:33:18.575Z] [INFO] → GET /api/chat/sessions
[2026-07-29T02:33:18.576Z] [INFO] ← GET /sessions 200 (1ms)
[2026-07-29T02:33:31.613Z] [INFO] → GET /api/chat/sessions/2347edde-9e13-4ca9-9155-ea6f9a95e5f0
[2026-07-29T02:33:31.614Z] [INFO] ← GET /sessions/2347edde-9e13-4ca9-9155-ea6f9a95e5f0 200 (1ms)
[2026-07-29T02:33:35.575Z] [INFO] → POST /api/chat/stream
[2026-07-29T02:33:37.145Z] [INFO] → POST /api/progress/activity
[2026-07-29T02:33:37.149Z] [INFO] ← POST /activity 200 (4ms)
[2026-07-29T02:33:38.358Z] [INFO] ← POST /stream 200 (2783ms)
[2026-07-29T02:33:38.361Z] [INFO] → GET /api/chat/sessions
[2026-07-29T02:33:38.362Z] [INFO] ← GET /sessions 200 (1ms)
[2026-07-29T02:34:07.935Z] [INFO] → GET /api/rag/folders
[2026-07-29T02:34:07.937Z] [INFO] ← GET /folders 200 (2ms)
[2026-07-29T02:34:07.938Z] [INFO] → GET /api/rag/docs
[2026-07-29T02:34:07.939Z] [INFO] ← GET /docs 200 (1ms)
[2026-07-29T02:34:07.940Z] [INFO] → GET /api/rag/staged
[2026-07-29T02:34:07.942Z] [INFO] ← GET /staged 200 (2ms)
[2026-07-29T02:34:07.943Z] [INFO] → GET /api/rag/folders/paths
[2026-07-29T02:34:07.944Z] [INFO] ← GET /folders/paths 200 (2ms)
[2026-07-29T02:34:09.000Z] [INFO] → GET /api/settings
[2026-07-29T02:34:09.001Z] [INFO] ← GET / 200 (2ms)
[2026-07-29T02:34:09.002Z] [INFO] → GET /api/providers
[2026-07-29T02:34:09.004Z] [INFO] ← GET / 200 (3ms)
[2026-07-29T02:34:19.759Z] [INFO] → GET /api/rag/docs
[2026-07-29T02:34:19.759Z] [INFO] ← GET /docs 304 (1ms)
[2026-07-29T02:34:22.733Z] [INFO] → GET /api/history
[2026-07-29T02:34:22.735Z] [INFO] ← GET / 304 (1ms)
[2026-07-29T02:34:26.307Z] [INFO] → GET /api/chat/sessions
[2026-07-29T02:34:26.309Z] [INFO] ← GET /sessions 304 (1ms)
[2026-07-29T02:34:29.812Z] [INFO] → GET /api/chat/sessions/2347edde-9e13-4ca9-9155-ea6f9a95e5f0
[2026-07-29T02:34:29.813Z] [INFO] ← GET /sessions/2347edde-9e13-4ca9-9155-ea6f9a95e5f0 200 (1ms)
[2026-07-29T02:34:36.250Z] [INFO] → POST /api/chat/stream
[2026-07-29T02:34:37.831Z] [INFO] → POST /api/progress/activity
[2026-07-29T02:34:37.834Z] [INFO] ← POST /activity 200 (2ms)
[2026-07-29T02:34:39.203Z] [INFO] ← POST /stream 200 (2953ms)
[2026-07-29T02:34:39.206Z] [INFO] → GET /api/chat/sessions
[2026-07-29T02:34:39.207Z] [INFO] ← GET /sessions 200 (1ms)
[2026-07-29T02:46:35.875Z] [INFO] → GET /api/progress
[2026-07-29T02:46:35.876Z] [INFO] ← GET / 200 (2ms)
[2026-07-29T02:46:35.877Z] [INFO] → GET /api/projects
[2026-07-29T02:46:35.878Z] [INFO] ← GET / 200 (1ms)
[2026-07-29T02:46:35.880Z] [INFO] → GET /api/analytics
[2026-07-29T02:46:35.882Z] [INFO] ← GET / 200 (2ms)
[2026-07-29T02:46:35.883Z] [INFO] → GET /api/providers
[2026-07-29T02:46:35.885Z] [INFO] ← GET / 304 (2ms)
[2026-07-29T02:47:14.619Z] [INFO] → GET /api/rag/docs
[2026-07-29T02:47:14.620Z] [INFO] ← GET /docs 304 (1ms)
[2026-07-29T02:47:14.622Z] [INFO] → GET /api/rag/folders
[2026-07-29T02:47:14.623Z] [INFO] ← GET /folders 304 (2ms)
[2026-07-29T02:47:14.625Z] [INFO] → GET /api/rag/staged
[2026-07-29T02:47:14.626Z] [INFO] ← GET /staged 304 (2ms)
[2026-07-29T02:47:14.627Z] [INFO] → GET /api/rag/folders/paths
[2026-07-29T02:47:14.629Z] [INFO] ← GET /folders/paths 304 (1ms)
[2026-07-29T02:47:39.406Z] [INFO] StudyForge server listening on http://localhost:5174
[2026-07-29T02:47:39.407Z] [INFO] API mounted at /api   (frontend dev proxy → :5173)
[2026-07-29T02:47:41.539Z] [INFO] → GET /api/progress
[2026-07-29T02:47:41.544Z] [INFO] ← GET / 200 (6ms)
[2026-07-29T02:47:41.547Z] [INFO] → GET /api/projects
[2026-07-29T02:47:41.548Z] [INFO] ← GET / 304 (2ms)
[2026-07-29T02:47:41.549Z] [INFO] → GET /api/providers
[2026-07-29T02:47:41.553Z] [INFO] ← GET / 200 (3ms)
[2026-07-29T02:47:41.554Z] [INFO] → GET /api/analytics
[2026-07-29T02:47:42.020Z] [INFO] ← GET / 200 (466ms)
[2026-07-29T02:47:47.793Z] [INFO] → GET /api/rag/docs
[2026-07-29T02:47:47.795Z] [INFO] ← GET /docs 304 (3ms)
[2026-07-29T02:47:47.797Z] [INFO] → GET /api/rag/folders
[2026-07-29T02:47:47.799Z] [INFO] ← GET /folders 304 (2ms)
[2026-07-29T02:47:47.800Z] [INFO] → GET /api/rag/staged
[2026-07-29T02:47:47.802Z] [INFO] ← GET /staged 304 (1ms)
[2026-07-29T02:47:47.803Z] [INFO] → GET /api/rag/folders/paths
[2026-07-29T02:47:47.805Z] [INFO] ← GET /folders/paths 304 (2ms)
[2026-07-29T02:47:48.851Z] [INFO] → GET /api/progress
[2026-07-29T02:47:48.852Z] [INFO] ← GET / 304 (2ms)
[2026-07-29T02:47:48.854Z] [INFO] → GET /api/projects
[2026-07-29T02:47:48.856Z] [INFO] ← GET / 304 (1ms)
[2026-07-29T02:47:48.857Z] [INFO] → GET /api/providers
[2026-07-29T02:47:48.860Z] [INFO] ← GET / 304 (3ms)
[2026-07-29T02:47:48.861Z] [INFO] → GET /api/analytics
[2026-07-29T02:47:48.863Z] [INFO] ← GET / 200 (2ms)
[2026-07-29T02:47:54.515Z] [INFO] → GET /api/rag/docs
[2026-07-29T02:47:54.517Z] [INFO] ← GET /docs 304 (1ms)
[2026-07-29T02:47:56.310Z] [INFO] → GET /api/providers
[2026-07-29T02:47:56.314Z] [INFO] ← GET / 304 (4ms)
[2026-07-29T02:47:56.316Z] [INFO] → GET /api/projects
[2026-07-29T02:47:56.318Z] [INFO] ← GET / 304 (2ms)
[2026-07-29T02:48:04.580Z] [INFO] → GET /api/settings
[2026-07-29T02:48:04.586Z] [INFO] ← GET / 200 (7ms)
[2026-07-29T02:48:04.589Z] [INFO] → GET /api/providers
[2026-07-29T02:48:04.593Z] [INFO] ← GET / 304 (4ms)
[2026-07-29T02:48:56.270Z] [INFO] → PUT /api/settings
[2026-07-29T02:48:56.273Z] [INFO] ← PUT / 200 (4ms)
[2026-07-29T02:48:56.278Z] [INFO] → PUT /api/settings
[2026-07-29T02:48:56.281Z] [INFO] ← PUT / 200 (3ms)
[2026-07-29T02:48:56.285Z] [INFO] → GET /api/settings
[2026-07-29T02:48:56.286Z] [INFO] ← GET / 200 (1ms)
[2026-07-29T02:48:57.748Z] [INFO] → PUT /api/settings
[2026-07-29T02:48:57.753Z] [INFO] ← PUT / 200 (4ms)
[2026-07-29T02:48:57.758Z] [INFO] → GET /api/settings
[2026-07-29T02:48:57.760Z] [INFO] ← GET / 200 (2ms)
[2026-07-29T02:49:02.236Z] [INFO] → PUT /api/settings
[2026-07-29T02:49:02.238Z] [INFO] ← PUT / 200 (2ms)
[2026-07-29T02:49:02.244Z] [INFO] → GET /api/settings
[2026-07-29T02:49:02.246Z] [INFO] ← GET / 200 (2ms)
[2026-07-29T02:49:07.102Z] [INFO] → GET /api/rag/docs
[2026-07-29T02:49:07.103Z] [INFO] ← GET /docs 304 (1ms)
[2026-07-29T02:49:07.104Z] [INFO] → GET /api/rag/folders
[2026-07-29T02:49:07.106Z] [INFO] ← GET /folders 304 (2ms)
[2026-07-29T02:49:07.107Z] [INFO] → GET /api/rag/staged
[2026-07-29T02:49:07.109Z] [INFO] ← GET /staged 304 (1ms)
[2026-07-29T02:49:07.111Z] [INFO] → GET /api/rag/folders/paths
[2026-07-29T02:49:07.113Z] [INFO] ← GET /folders/paths 304 (2ms)
[2026-07-29T02:49:10.653Z] [INFO] → GET /api/rag/docs
[2026-07-29T02:49:10.654Z] [INFO] ← GET /docs 304 (2ms)
[2026-07-29T02:49:12.323Z] [INFO] → GET /api/rag/docs
[2026-07-29T02:49:12.324Z] [INFO] ← GET /docs 304 (1ms)
[2026-07-29T02:49:13.015Z] [INFO] → GET /api/rag/docs
[2026-07-29T02:49:13.016Z] [INFO] ← GET /docs 304 (2ms)
[2026-07-29T02:49:14.065Z] [INFO] → GET /api/analytics/advanced
[2026-07-29T02:49:14.069Z] [INFO] ← GET / 200 (5ms)
[2026-07-29T02:49:14.071Z] [INFO] → GET /api/analytics/advanced/profile
[2026-07-29T02:49:14.075Z] [INFO] ← GET /profile 200 (4ms)
[2026-07-29T02:49:14.076Z] [INFO] → GET /api/analytics/advanced/recommendations
[2026-07-29T02:49:14.079Z] [INFO] ← GET /recommendations 304 (2ms)
[2026-07-29T02:49:20.495Z] [INFO] → GET /api/rag/docs
[2026-07-29T02:49:20.497Z] [INFO] ← GET /docs 304 (2ms)
[2026-07-29T02:49:20.498Z] [INFO] → GET /api/history
[2026-07-29T02:49:20.504Z] [INFO] ← GET / 200 (5ms)
[2026-07-29T02:49:24.177Z] [INFO] → POST /api/history/clear
[2026-07-29T02:49:24.182Z] [INFO] ← POST /clear 200 (5ms)
[2026-07-29T02:49:24.188Z] [INFO] → GET /api/history
[2026-07-29T02:49:24.189Z] [INFO] ← GET / 200 (2ms)
[2026-07-29T02:49:29.150Z] [INFO] → POST /api/history/draft
[2026-07-29T02:49:29.156Z] [INFO] ← POST /draft 200 (6ms)
[2026-07-29T02:49:29.172Z] [INFO] → GET /api/history/631b8270-d8d4-471e-928d-1acbaeab07f8
[2026-07-29T02:49:29.174Z] [INFO] ← GET /631b8270-d8d4-471e-928d-1acbaeab07f8 200 (1ms)
[2026-07-29T02:49:29.182Z] [INFO] → POST /api/study/notes
[2026-07-29T02:49:29.579Z] [WARN] Provider "Groq" does not support embeddings (404); using the local embedding model instead.
[2026-07-29T02:49:29.580Z] [INFO] Loading local embedding model (Xenova/all-MiniLM-L6-v2)…
[2026-07-29T02:49:29.751Z] [INFO] Local embedding model ready
[2026-07-29T02:49:29.781Z] [INFO] FAISS index loaded (5146 vectors)
[2026-07-29T02:49:30.698Z] [WARN] ← POST /notes 500 (1516ms)
[2026-07-29T02:49:31.182Z] [INFO] → GET /api/history/631b8270-d8d4-471e-928d-1acbaeab07f8
[2026-07-29T02:49:31.183Z] [INFO] ← GET /631b8270-d8d4-471e-928d-1acbaeab07f8 304 (1ms)
[2026-07-29T02:49:33.191Z] [INFO] → GET /api/history/631b8270-d8d4-471e-928d-1acbaeab07f8
[2026-07-29T02:49:33.192Z] [INFO] ← GET /631b8270-d8d4-471e-928d-1acbaeab07f8 304 (1ms)
[2026-07-29T02:49:35.209Z] [INFO] → GET /api/history/631b8270-d8d4-471e-928d-1acbaeab07f8
[2026-07-29T02:49:35.211Z] [INFO] ← GET /631b8270-d8d4-471e-928d-1acbaeab07f8 304 (2ms)
[2026-07-29T02:49:37.216Z] [INFO] → GET /api/history/631b8270-d8d4-471e-928d-1acbaeab07f8
[2026-07-29T02:49:37.217Z] [INFO] ← GET /631b8270-d8d4-471e-928d-1acbaeab07f8 304 (1ms)
[2026-07-29T02:49:37.262Z] [INFO] → GET /api/providers
[2026-07-29T02:49:37.265Z] [INFO] ← GET / 304 (3ms)
[2026-07-29T02:49:37.266Z] [INFO] → GET /api/projects
[2026-07-29T02:49:37.268Z] [INFO] ← GET / 304 (2ms)
[2026-07-29T02:49:44.713Z] [INFO] → PUT /api/providers/fac7fd53-2675-4e3b-84df-ca4649bcd3cd
[2026-07-29T02:49:44.719Z] [INFO] ← PUT /fac7fd53-2675-4e3b-84df-ca4649bcd3cd 200 (6ms)
[2026-07-29T02:49:44.725Z] [INFO] → GET /api/providers
[2026-07-29T02:49:44.728Z] [INFO] ← GET / 304 (3ms)
[2026-07-29T02:49:44.729Z] [INFO] → PUT /api/projects/2c20b7f8-ddfa-431d-937e-40eb1e4f1e09
[2026-07-29T02:49:44.732Z] [INFO] ← PUT /2c20b7f8-ddfa-431d-937e-40eb1e4f1e09 200 (2ms)
[2026-07-29T02:49:44.736Z] [INFO] → GET /api/projects
[2026-07-29T02:49:44.738Z] [INFO] ← GET / 200 (1ms)
[2026-07-29T02:49:48.407Z] [INFO] → GET /api/rag/docs
[2026-07-29T02:49:48.408Z] [INFO] ← GET /docs 304 (1ms)
[2026-07-29T02:49:48.409Z] [INFO] → GET /api/rag/folders
[2026-07-29T02:49:48.411Z] [INFO] ← GET /folders 304 (2ms)
[2026-07-29T02:49:48.412Z] [INFO] → GET /api/rag/staged
[2026-07-29T02:49:48.413Z] [INFO] ← GET /staged 304 (1ms)
[2026-07-29T02:49:48.414Z] [INFO] → GET /api/rag/folders/paths
[2026-07-29T02:49:48.416Z] [INFO] ← GET /folders/paths 304 (1ms)
[2026-07-29T02:49:49.763Z] [INFO] → GET /api/analytics/advanced
[2026-07-29T02:49:49.767Z] [INFO] ← GET / 304 (4ms)
[2026-07-29T02:49:49.769Z] [INFO] → GET /api/analytics/advanced/profile
[2026-07-29T02:49:49.772Z] [INFO] ← GET /profile 304 (4ms)
[2026-07-29T02:49:49.773Z] [INFO] → GET /api/analytics/advanced/recommendations
[2026-07-29T02:49:49.776Z] [INFO] ← GET /recommendations 304 (2ms)
[2026-07-29T02:49:50.709Z] [INFO] → GET /api/rag/docs
[2026-07-29T02:49:50.710Z] [INFO] ← GET /docs 304 (2ms)
[2026-07-29T02:49:50.713Z] [INFO] → GET /api/history
[2026-07-29T02:49:50.714Z] [INFO] ← GET / 200 (2ms)
[2026-07-29T02:49:54.289Z] [INFO] → GET /api/history/631b8270-d8d4-471e-928d-1acbaeab07f8
[2026-07-29T02:49:54.291Z] [INFO] ← GET /631b8270-d8d4-471e-928d-1acbaeab07f8 304 (1ms)
[2026-07-29T02:49:54.294Z] [INFO] → POST /api/study/notes
[2026-07-29T02:49:54.818Z] [WARN] ← POST /notes 500 (523ms)
[2026-07-29T02:49:56.299Z] [INFO] → GET /api/history/631b8270-d8d4-471e-928d-1acbaeab07f8
[2026-07-29T02:49:56.299Z] [INFO] ← GET /631b8270-d8d4-471e-928d-1acbaeab07f8 304 (1ms)
[2026-07-29T02:49:58.305Z] [INFO] → GET /api/history/631b8270-d8d4-471e-928d-1acbaeab07f8
[2026-07-29T02:49:58.306Z] [INFO] ← GET /631b8270-d8d4-471e-928d-1acbaeab07f8 304 (1ms)
[2026-07-29T02:50:00.313Z] [INFO] → GET /api/history/631b8270-d8d4-471e-928d-1acbaeab07f8
[2026-07-29T02:50:00.314Z] [INFO] ← GET /631b8270-d8d4-471e-928d-1acbaeab07f8 304 (1ms)
[2026-07-29T02:50:26.477Z] [INFO] → GET /api/history/631b8270-d8d4-471e-928d-1acbaeab07f8
[2026-07-29T02:50:26.478Z] [INFO] ← GET /631b8270-d8d4-471e-928d-1acbaeab07f8 304 (2ms)
[2026-07-29T02:50:28.028Z] [INFO] → GET /api/rag/docs
[2026-07-29T02:50:28.029Z] [INFO] ← GET /docs 304 (1ms)
[2026-07-29T02:50:28.031Z] [INFO] → GET /api/history
[2026-07-29T02:50:28.033Z] [INFO] ← GET / 304 (1ms)
[2026-07-29T02:50:36.692Z] [INFO] → DELETE /api/history/631b8270-d8d4-471e-928d-1acbaeab07f8
[2026-07-29T02:50:36.697Z] [INFO] ← DELETE /631b8270-d8d4-471e-928d-1acbaeab07f8 200 (4ms)
[2026-07-29T02:50:36.702Z] [INFO] → GET /api/history
[2026-07-29T02:50:36.703Z] [INFO] ← GET / 200 (2ms)
[2026-07-29T02:50:45.228Z] [INFO] → POST /api/history/draft
[2026-07-29T02:50:45.230Z] [INFO] ← POST /draft 200 (3ms)
[2026-07-29T02:50:45.242Z] [INFO] → GET /api/history/2287d182-19a8-4c3f-94ad-7edbd1c46dbe
[2026-07-29T02:50:45.244Z] [INFO] ← GET /2287d182-19a8-4c3f-94ad-7edbd1c46dbe 200 (1ms)
[2026-07-29T02:50:45.251Z] [INFO] → POST /api/study/notes
[2026-07-29T02:50:46.926Z] [ACTION] [ACTION] generation.complete | {"draftId":"2287d182-19a8-4c3f-94ad-7edbd1c46dbe","type":"notes","subType":"exam-notes"}
[2026-07-29T02:50:46.927Z] [INFO] ← POST /notes 200 (1676ms)
[2026-07-29T02:50:46.932Z] [INFO] → GET /api/history/2287d182-19a8-4c3f-94ad-7edbd1c46dbe
[2026-07-29T02:50:46.933Z] [INFO] ← GET /2287d182-19a8-4c3f-94ad-7edbd1c46dbe 200 (1ms)
[2026-07-29T02:50:58.718Z] [INFO] → GET /api/rag/docs
[2026-07-29T02:50:58.719Z] [INFO] ← GET /docs 304 (1ms)
[2026-07-29T02:50:58.722Z] [INFO] → GET /api/history
[2026-07-29T02:50:58.723Z] [INFO] ← GET / 200 (2ms)
[2026-07-29T02:51:19.845Z] [INFO] → POST /api/history/draft
[2026-07-29T02:51:19.849Z] [INFO] ← POST /draft 200 (4ms)
[2026-07-29T02:51:19.864Z] [INFO] → GET /api/history/835ab931-ec7a-4a46-9b73-3e714a368b42
[2026-07-29T02:51:19.865Z] [INFO] ← GET /835ab931-ec7a-4a46-9b73-3e714a368b42 200 (2ms)
[2026-07-29T02:51:19.873Z] [INFO] → POST /api/study/notes
[2026-07-29T02:51:21.876Z] [INFO] → GET /api/history/835ab931-ec7a-4a46-9b73-3e714a368b42
[2026-07-29T02:51:21.877Z] [INFO] ← GET /835ab931-ec7a-4a46-9b73-3e714a368b42 304 (1ms)
[2026-07-29T02:51:23.884Z] [INFO] → GET /api/history/835ab931-ec7a-4a46-9b73-3e714a368b42
[2026-07-29T02:51:23.885Z] [INFO] ← GET /835ab931-ec7a-4a46-9b73-3e714a368b42 304 (1ms)
[2026-07-29T02:51:29.896Z] [INFO] → GET /api/history/835ab931-ec7a-4a46-9b73-3e714a368b42
[2026-07-29T02:51:29.897Z] [INFO] ← GET /835ab931-ec7a-4a46-9b73-3e714a368b42 304 (1ms)
[2026-07-29T02:51:33.904Z] [INFO] → GET /api/history/835ab931-ec7a-4a46-9b73-3e714a368b42
[2026-07-29T02:51:33.905Z] [INFO] ← GET /835ab931-ec7a-4a46-9b73-3e714a368b42 304 (1ms)
[2026-07-29T02:51:35.651Z] [ACTION] [ACTION] generation.complete | {"draftId":"835ab931-ec7a-4a46-9b73-3e714a368b42","type":"notes","subType":"exam-notes"}
[2026-07-29T02:51:35.652Z] [INFO] ← POST /notes 200 (15779ms)
[2026-07-29T02:51:35.657Z] [INFO] → GET /api/history/835ab931-ec7a-4a46-9b73-3e714a368b42
[2026-07-29T02:51:35.659Z] [INFO] ← GET /835ab931-ec7a-4a46-9b73-3e714a368b42 200 (1ms)
[2026-07-29T02:51:56.546Z] [INFO] → GET /api/rag/docs
[2026-07-29T02:51:56.548Z] [INFO] ← GET /docs 304 (1ms)
[2026-07-29T02:51:56.551Z] [INFO] → GET /api/history
[2026-07-29T02:51:56.552Z] [INFO] ← GET / 200 (1ms)
[2026-07-29T02:52:03.479Z] [INFO] → POST /api/history/draft
[2026-07-29T02:52:03.484Z] [INFO] ← POST /draft 200 (5ms)
[2026-07-29T02:52:03.498Z] [INFO] → GET /api/history/bc741b3e-4dbb-42e3-bee9-d1472ed12e19
[2026-07-29T02:52:03.500Z] [INFO] ← GET /bc741b3e-4dbb-42e3-bee9-d1472ed12e19 200 (1ms)
[2026-07-29T02:52:03.506Z] [INFO] → POST /api/study/notes
[2026-07-29T02:52:04.075Z] [WARN] ← POST /notes 500 (569ms)
[2026-07-29T02:52:05.509Z] [INFO] → GET /api/history/bc741b3e-4dbb-42e3-bee9-d1472ed12e19
[2026-07-29T02:52:05.510Z] [INFO] ← GET /bc741b3e-4dbb-42e3-bee9-d1472ed12e19 304 (1ms)
[2026-07-29T02:52:07.526Z] [INFO] → GET /api/history/bc741b3e-4dbb-42e3-bee9-d1472ed12e19
[2026-07-29T02:52:07.527Z] [INFO] ← GET /bc741b3e-4dbb-42e3-bee9-d1472ed12e19 304 (1ms)
[2026-07-29T02:52:09.534Z] [INFO] → GET /api/history/bc741b3e-4dbb-42e3-bee9-d1472ed12e19
[2026-07-29T02:52:09.535Z] [INFO] ← GET /bc741b3e-4dbb-42e3-bee9-d1472ed12e19 304 (1ms)
[2026-07-29T02:52:11.540Z] [INFO] → GET /api/history/bc741b3e-4dbb-42e3-bee9-d1472ed12e19
[2026-07-29T02:52:11.541Z] [INFO] ← GET /bc741b3e-4dbb-42e3-bee9-d1472ed12e19 304 (1ms)
[2026-07-29T02:52:13.549Z] [INFO] → GET /api/history/bc741b3e-4dbb-42e3-bee9-d1472ed12e19
[2026-07-29T02:52:13.550Z] [INFO] ← GET /bc741b3e-4dbb-42e3-bee9-d1472ed12e19 304 (1ms)
[2026-07-29T02:52:15.562Z] [INFO] → GET /api/history/bc741b3e-4dbb-42e3-bee9-d1472ed12e19
[2026-07-29T02:52:15.563Z] [INFO] ← GET /bc741b3e-4dbb-42e3-bee9-d1472ed12e19 304 (1ms)
[2026-07-29T02:52:17.498Z] [INFO] → GET /api/history/bc741b3e-4dbb-42e3-bee9-d1472ed12e19
[2026-07-29T02:52:17.499Z] [INFO] ← GET /bc741b3e-4dbb-42e3-bee9-d1472ed12e19 304 (2ms)
[2026-07-29T02:52:17.510Z] [INFO] → POST /api/study/notes
[2026-07-29T02:52:19.514Z] [INFO] → GET /api/history/bc741b3e-4dbb-42e3-bee9-d1472ed12e19
[2026-07-29T02:52:19.515Z] [INFO] ← GET /bc741b3e-4dbb-42e3-bee9-d1472ed12e19 304 (2ms)
[2026-07-29T02:52:19.704Z] [INFO] → GET /api/rag/docs
[2026-07-29T02:52:19.706Z] [INFO] ← GET /docs 304 (1ms)
[2026-07-29T02:52:19.709Z] [INFO] → GET /api/history
[2026-07-29T02:52:19.711Z] [INFO] ← GET / 200 (2ms)
[2026-07-29T02:52:24.317Z] [INFO] → GET /api/history/bc741b3e-4dbb-42e3-bee9-d1472ed12e19
[2026-07-29T02:52:24.318Z] [INFO] ← GET /bc741b3e-4dbb-42e3-bee9-d1472ed12e19 304 (1ms)
[2026-07-29T02:52:24.320Z] [INFO] → POST /api/study/notes
[2026-07-29T02:52:26.325Z] [INFO] → GET /api/history/bc741b3e-4dbb-42e3-bee9-d1472ed12e19
[2026-07-29T02:52:26.326Z] [INFO] ← GET /bc741b3e-4dbb-42e3-bee9-d1472ed12e19 304 (1ms)
[2026-07-29T02:52:28.333Z] [INFO] → GET /api/history/bc741b3e-4dbb-42e3-bee9-d1472ed12e19
[2026-07-29T02:52:28.334Z] [INFO] ← GET /bc741b3e-4dbb-42e3-bee9-d1472ed12e19 304 (1ms)
[2026-07-29T02:52:30.053Z] [INFO] → GET /api/rag/docs
[2026-07-29T02:52:30.055Z] [INFO] ← GET /docs 304 (1ms)
[2026-07-29T02:52:30.058Z] [INFO] → GET /api/history
[2026-07-29T02:52:30.059Z] [INFO] ← GET / 304 (2ms)
[2026-07-29T02:52:31.841Z] [ACTION] [ACTION] generation.complete | {"draftId":"bc741b3e-4dbb-42e3-bee9-d1472ed12e19","type":"notes","subType":"5-mark"}
[2026-07-29T02:52:31.842Z] [INFO] ← POST /notes 200 (14333ms)
[2026-07-29T02:53:12.122Z] [INFO] → GET /api/history/bc741b3e-4dbb-42e3-bee9-d1472ed12e19
[2026-07-29T02:53:12.123Z] [INFO] ← GET /bc741b3e-4dbb-42e3-bee9-d1472ed12e19 200 (1ms)
[2026-07-29T02:53:12.124Z] [INFO] → POST /api/study/notes
[2026-07-29T02:53:20.960Z] [INFO] → GET /api/rag/docs
[2026-07-29T02:53:20.961Z] [INFO] ← GET /docs 304 (2ms)
[2026-07-29T02:53:20.964Z] [INFO] → GET /api/history
[2026-07-29T02:53:20.966Z] [INFO] ← GET / 200 (2ms)
[2026-07-29T02:53:22.117Z] [WARN] Provider "Groq" key "dark" hit 429 → cooldown 800ms, failing over to next key
[2026-07-29T02:53:22.974Z] [WARN] ← POST /notes 500 (58654ms)
[2026-07-29T02:53:26.846Z] [ACTION] [ACTION] generation.complete | {"draftId":"bc741b3e-4dbb-42e3-bee9-d1472ed12e19","type":"notes","subType":"5-mark"}
[2026-07-29T02:53:26.847Z] [INFO] ← POST /notes 200 (14723ms)
[2026-07-29T03:04:10.442Z] [INFO] StudyForge server listening on http://localhost:5174
[2026-07-29T03:04:10.442Z] [INFO] API mounted at /api   (frontend dev proxy → :5173)
[2026-07-29T03:04:12.593Z] [INFO] → GET /api/history/bc741b3e-4dbb-42e3-bee9-d1472ed12e19
[2026-07-29T03:04:12.598Z] [INFO] ← GET /bc741b3e-4dbb-42e3-bee9-d1472ed12e19 200 (6ms)
[2026-07-29T03:04:15.758Z] [INFO] → GET /api/rag/docs
[2026-07-29T03:04:16.188Z] [INFO] ← GET /docs 304 (429ms)
[2026-07-29T03:04:16.192Z] [INFO] → GET /api/history
[2026-07-29T03:04:16.193Z] [INFO] ← GET / 200 (2ms)
[2026-07-29T03:05:07.121Z] [INFO] → POST /api/history/draft
[2026-07-29T03:05:07.126Z] [INFO] ← POST /draft 200 (5ms)
[2026-07-29T03:05:07.139Z] [INFO] → GET /api/history/b4e32716-312d-4e3c-8653-92940deff236
[2026-07-29T03:05:07.140Z] [INFO] ← GET /b4e32716-312d-4e3c-8653-92940deff236 200 (1ms)
[2026-07-29T03:05:07.150Z] [INFO] → POST /api/study/notes
[2026-07-29T03:05:07.551Z] [WARN] Provider "Groq" does not support embeddings (404); using the local embedding model instead.
[2026-07-29T03:05:07.551Z] [INFO] Loading local embedding model (Xenova/all-MiniLM-L6-v2)…
[2026-07-29T03:05:07.786Z] [INFO] Local embedding model ready
[2026-07-29T03:05:07.826Z] [INFO] FAISS index loaded (5146 vectors)
[2026-07-29T03:05:08.368Z] [WARN] ← POST /notes 500 (1218ms)
[2026-07-29T03:05:09.152Z] [INFO] → GET /api/history/b4e32716-312d-4e3c-8653-92940deff236
[2026-07-29T03:05:09.153Z] [INFO] ← GET /b4e32716-312d-4e3c-8653-92940deff236 304 (1ms)
[2026-07-29T03:05:11.159Z] [INFO] → GET /api/history/b4e32716-312d-4e3c-8653-92940deff236
[2026-07-29T03:05:11.160Z] [INFO] ← GET /b4e32716-312d-4e3c-8653-92940deff236 304 (2ms)
[2026-07-29T03:05:13.168Z] [INFO] → GET /api/history/b4e32716-312d-4e3c-8653-92940deff236
[2026-07-29T03:05:13.169Z] [INFO] ← GET /b4e32716-312d-4e3c-8653-92940deff236 304 (2ms)
[2026-07-29T03:05:15.178Z] [INFO] → GET /api/history/b4e32716-312d-4e3c-8653-92940deff236
[2026-07-29T03:05:15.179Z] [INFO] ← GET /b4e32716-312d-4e3c-8653-92940deff236 304 (1ms)
[2026-07-29T03:06:34.629Z] [INFO] → GET /api/history/b4e32716-312d-4e3c-8653-92940deff236
[2026-07-29T03:06:34.631Z] [INFO] ← GET /b4e32716-312d-4e3c-8653-92940deff236 304 (3ms)
[2026-07-29T03:16:25.294Z] [INFO] → GET /api/history/b4e32716-312d-4e3c-8653-92940deff236
[2026-07-29T03:16:25.296Z] [INFO] ← GET /b4e32716-312d-4e3c-8653-92940deff236 304 (3ms)
[2026-07-29T03:16:25.298Z] [INFO] → POST /api/study/notes
[2026-07-29T03:16:25.905Z] [WARN] ← POST /notes 500 (606ms)
[2026-07-29T03:16:40.812Z] [INFO] StudyForge server listening on http://localhost:5174
[2026-07-29T03:16:40.813Z] [INFO] API mounted at /api   (frontend dev proxy → :5173)
[2026-07-29T03:16:45.106Z] [INFO] StudyForge server listening on http://localhost:5174
[2026-07-29T03:16:45.107Z] [INFO] API mounted at /api   (frontend dev proxy → :5173)
[2026-07-29T03:16:52.595Z] [INFO] StudyForge server listening on http://localhost:5174
[2026-07-29T03:16:52.595Z] [INFO] API mounted at /api   (frontend dev proxy → :5173)
[2026-07-29T03:16:57.178Z] [INFO] StudyForge server listening on http://localhost:5174
[2026-07-29T03:16:57.179Z] [INFO] API mounted at /api   (frontend dev proxy → :5173)
[2026-07-29T03:17:01.976Z] [INFO] StudyForge server listening on http://localhost:5174
[2026-07-29T03:17:01.977Z] [INFO] API mounted at /api   (frontend dev proxy → :5173)
[2026-07-29T03:17:09.337Z] [INFO] StudyForge server listening on http://localhost:5174
[2026-07-29T03:17:09.338Z] [INFO] API mounted at /api   (frontend dev proxy → :5173)
[2026-07-29T03:21:58.932Z] [INFO] StudyForge server listening on http://localhost:5174
[2026-07-29T03:21:58.933Z] [INFO] API mounted at /api   (frontend dev proxy → :5173)
[2026-07-29T03:22:03.705Z] [INFO] StudyForge server listening on http://localhost:5174
[2026-07-29T03:22:03.706Z] [INFO] API mounted at /api   (frontend dev proxy → :5173)
[2026-07-29T03:22:09.757Z] [INFO] StudyForge server listening on http://localhost:5174
[2026-07-29T03:22:09.757Z] [INFO] API mounted at /api   (frontend dev proxy → :5173)
[2026-07-29T03:22:29.941Z] [INFO] StudyForge server listening on http://localhost:5174
[2026-07-29T03:22:29.942Z] [INFO] API mounted at /api   (frontend dev proxy → :5173)
[2026-07-29T03:22:34.309Z] [INFO] StudyForge server listening on http://localhost:5174
[2026-07-29T03:22:34.310Z] [INFO] API mounted at /api   (frontend dev proxy → :5173)
[2026-07-29T03:22:39.310Z] [INFO] StudyForge server listening on http://localhost:5174
[2026-07-29T03:22:39.310Z] [INFO] API mounted at /api   (frontend dev proxy → :5173)
[2026-07-29T03:22:45.306Z] [INFO] StudyForge server listening on http://localhost:5174
[2026-07-29T03:22:45.306Z] [INFO] API mounted at /api   (frontend dev proxy → :5173)
[2026-07-29T03:22:50.242Z] [INFO] StudyForge server listening on http://localhost:5174
[2026-07-29T03:22:50.244Z] [INFO] API mounted at /api   (frontend dev proxy → :5173)
[2026-07-29T03:22:54.946Z] [INFO] StudyForge server listening on http://localhost:5174
[2026-07-29T03:22:54.947Z] [INFO] API mounted at /api   (frontend dev proxy → :5173)
[2026-07-29T03:23:04.395Z] [INFO] StudyForge server listening on http://localhost:5174
[2026-07-29T03:23:04.396Z] [INFO] API mounted at /api   (frontend dev proxy → :5173)
[2026-07-29T03:23:10.224Z] [INFO] StudyForge server listening on http://localhost:5174
[2026-07-29T03:23:10.225Z] [INFO] API mounted at /api   (frontend dev proxy → :5173)
[2026-07-29T04:30:57.626Z] [INFO] StudyForge server listening on http://localhost:5174
[2026-07-29T04:30:57.627Z] [INFO] API mounted at /api   (frontend dev proxy → :5173)
[2026-07-29T04:41:56.951Z] [INFO] → GET /
[2026-07-29T04:41:56.960Z] [INFO] ← GET / 200 (9ms)
[2026-07-29T04:41:56.972Z] [INFO] → GET /assets/index-DBG2xn5d.css
[2026-07-29T04:41:56.974Z] [INFO] → GET /assets/index-D33G45Y0.js
[2026-07-29T04:41:56.978Z] [INFO] ← GET /assets/index-DBG2xn5d.css 200 (6ms)
[2026-07-29T04:41:56.987Z] [INFO] ← GET /assets/index-D33G45Y0.js 200 (13ms)
[2026-07-29T04:41:57.142Z] [INFO] → GET /api/progress
[2026-07-29T04:41:57.148Z] [INFO] ← GET / 200 (5ms)
[2026-07-29T04:41:57.150Z] [INFO] → GET /api/projects
[2026-07-29T04:41:57.152Z] [INFO] ← GET / 200 (2ms)
[2026-07-29T04:41:57.154Z] [INFO] → GET /api/providers
[2026-07-29T04:41:57.159Z] [INFO] ← GET / 200 (5ms)
[2026-07-29T04:41:57.160Z] [INFO] → GET /api/analytics
[2026-07-29T04:41:57.640Z] [INFO] ← GET / 200 (479ms)
[2026-07-29T04:41:58.563Z] [INFO] → GET /api/rag/docs
[2026-07-29T04:41:58.565Z] [INFO] ← GET /docs 200 (2ms)
[2026-07-29T04:41:58.568Z] [INFO] → GET /api/history
[2026-07-29T04:41:58.573Z] [INFO] ← GET / 200 (5ms)
[2026-07-29T04:41:58.869Z] [INFO] → GET /api/rag/docs
[2026-07-29T04:41:58.871Z] [INFO] ← GET /docs 304 (1ms)
[2026-07-29T04:42:02.192Z] [INFO] → GET /api/settings
[2026-07-29T04:42:02.195Z] [INFO] ← GET / 200 (3ms)
[2026-07-29T04:42:02.196Z] [INFO] → GET /api/providers
[2026-07-29T04:42:02.199Z] [INFO] ← GET / 304 (3ms)
[2026-07-29T04:42:12.864Z] [INFO] → GET /api/rag/docs
[2026-07-29T04:42:12.866Z] [INFO] ← GET /docs 200 (2ms)
[2026-07-29T04:42:12.867Z] [INFO] → GET /api/rag/folders
[2026-07-29T04:42:12.869Z] [INFO] ← GET /folders 200 (2ms)
[2026-07-29T04:42:12.870Z] [INFO] → GET /api/rag/staged
[2026-07-29T04:42:12.873Z] [INFO] ← GET /staged 200 (2ms)
[2026-07-29T04:42:12.874Z] [INFO] → GET /api/rag/folders/paths
[2026-07-29T04:42:12.875Z] [INFO] ← GET /folders/paths 200 (1ms)
[2026-07-29T04:42:16.639Z] [INFO] → GET /api/analytics/advanced
[2026-07-29T04:42:16.647Z] [INFO] ← GET / 200 (8ms)
[2026-07-29T04:42:16.648Z] [INFO] → GET /api/analytics/advanced/profile
[2026-07-29T04:42:16.651Z] [INFO] ← GET /profile 200 (4ms)
[2026-07-29T04:42:16.652Z] [INFO] → GET /api/analytics/advanced/recommendations
[2026-07-29T04:42:16.653Z] [INFO] ← GET /recommendations 200 (2ms)
[2026-07-29T04:42:17.931Z] [INFO] → GET /api/rag/docs
[2026-07-29T04:42:17.933Z] [INFO] ← GET /docs 304 (2ms)
[2026-07-29T04:42:17.935Z] [INFO] → GET /api/history
[2026-07-29T04:42:17.936Z] [INFO] ← GET / 304 (2ms)
[2026-07-29T04:42:27.988Z] [INFO] → POST /api/study/plan
[2026-07-29T04:42:29.502Z] [INFO] ← POST /plan 200 (1513ms)
[2026-07-29T04:42:34.005Z] [INFO] → POST /api/history/draft
[2026-07-29T04:42:34.012Z] [INFO] ← POST /draft 200 (6ms)
[2026-07-29T04:42:34.019Z] [INFO] → GET /api/history/4b030ded-a011-437a-b7e5-e2e58d391310
[2026-07-29T04:42:34.020Z] [INFO] ← GET /4b030ded-a011-437a-b7e5-e2e58d391310 200 (2ms)
[2026-07-29T04:42:34.023Z] [INFO] → POST /api/study/notes
[2026-07-29T04:42:34.316Z] [WARN] Provider "Groq" does not support embeddings (404); using the local embedding model instead.
[2026-07-29T04:42:34.317Z] [INFO] Loading local embedding model (Xenova/all-MiniLM-L6-v2)…
[2026-07-29T04:42:34.592Z] [INFO] Local embedding model ready
[2026-07-29T04:42:34.631Z] [INFO] FAISS index loaded (5146 vectors)
[2026-07-29T04:42:36.030Z] [INFO] → GET /api/history/4b030ded-a011-437a-b7e5-e2e58d391310
[2026-07-29T04:42:36.031Z] [INFO] ← GET /4b030ded-a011-437a-b7e5-e2e58d391310 304 (2ms)
[2026-07-29T04:42:36.836Z] [ACTION] [ACTION] generation.complete | {"draftId":"4b030ded-a011-437a-b7e5-e2e58d391310","type":"notes","subType":"viva-questions"}
[2026-07-29T04:42:36.837Z] [INFO] ← POST /notes 200 (2814ms)
[2026-07-29T04:42:36.839Z] [INFO] → GET /api/history/4b030ded-a011-437a-b7e5-e2e58d391310
[2026-07-29T04:42:36.841Z] [INFO] ← GET /4b030ded-a011-437a-b7e5-e2e58d391310 200 (1ms)
[2026-07-29T04:42:39.720Z] [INFO] → GET /api/rag/docs
[2026-07-29T04:42:39.722Z] [INFO] ← GET /docs 304 (2ms)
[2026-07-29T04:42:39.724Z] [INFO] → GET /api/history
[2026-07-29T04:42:39.726Z] [INFO] ← GET / 200 (2ms)
[2026-07-29T04:42:43.908Z] [INFO] → POST /api/study/plan
[2026-07-29T04:42:44.986Z] [INFO] ← POST /plan 200 (1079ms)
[2026-07-29T04:42:47.543Z] [INFO] → POST /api/history/draft
[2026-07-29T04:42:47.548Z] [INFO] ← POST /draft 200 (6ms)
[2026-07-29T04:42:47.555Z] [INFO] → GET /api/history/c2311671-d480-41ed-8f9d-c87de42246b9
[2026-07-29T04:42:47.556Z] [INFO] ← GET /c2311671-d480-41ed-8f9d-c87de42246b9 200 (1ms)
[2026-07-29T04:42:47.559Z] [INFO] → POST /api/study/notes
[2026-07-29T04:42:49.561Z] [INFO] → GET /api/history/c2311671-d480-41ed-8f9d-c87de42246b9
[2026-07-29T04:42:49.562Z] [INFO] ← GET /c2311671-d480-41ed-8f9d-c87de42246b9 304 (2ms)
[2026-07-29T04:42:51.567Z] [INFO] → GET /api/history/c2311671-d480-41ed-8f9d-c87de42246b9
[2026-07-29T04:42:51.567Z] [INFO] ← GET /c2311671-d480-41ed-8f9d-c87de42246b9 304 (1ms)
[2026-07-29T04:42:53.577Z] [INFO] → GET /api/history/c2311671-d480-41ed-8f9d-c87de42246b9
[2026-07-29T04:42:53.578Z] [INFO] ← GET /c2311671-d480-41ed-8f9d-c87de42246b9 304 (1ms)
[2026-07-29T04:42:55.584Z] [INFO] → GET /api/history/c2311671-d480-41ed-8f9d-c87de42246b9
[2026-07-29T04:42:55.586Z] [INFO] ← GET /c2311671-d480-41ed-8f9d-c87de42246b9 304 (1ms)
[2026-07-29T04:42:57.594Z] [INFO] → GET /api/history/c2311671-d480-41ed-8f9d-c87de42246b9
[2026-07-29T04:42:57.595Z] [INFO] ← GET /c2311671-d480-41ed-8f9d-c87de42246b9 304 (1ms)
[2026-07-29T04:42:59.603Z] [INFO] → GET /api/history/c2311671-d480-41ed-8f9d-c87de42246b9
[2026-07-29T04:42:59.604Z] [INFO] ← GET /c2311671-d480-41ed-8f9d-c87de42246b9 304 (1ms)
[2026-07-29T04:43:01.608Z] [INFO] → GET /api/history/c2311671-d480-41ed-8f9d-c87de42246b9
[2026-07-29T04:43:01.610Z] [INFO] ← GET /c2311671-d480-41ed-8f9d-c87de42246b9 304 (1ms)
[2026-07-29T04:43:09.685Z] [ACTION] [ACTION] generation.complete | {"draftId":"c2311671-d480-41ed-8f9d-c87de42246b9","type":"notes","subType":"10-mark"}
[2026-07-29T04:43:09.686Z] [INFO] ← POST /notes 200 (22127ms)
[2026-07-29T04:43:09.690Z] [INFO] → GET /api/history/c2311671-d480-41ed-8f9d-c87de42246b9
[2026-07-29T04:43:09.691Z] [INFO] ← GET /c2311671-d480-41ed-8f9d-c87de42246b9 200 (1ms)
[2026-07-29T04:43:13.328Z] [INFO] → GET /api/history/b4e32716-312d-4e3c-8653-92940deff236
[2026-07-29T04:43:13.329Z] [INFO] ← GET /b4e32716-312d-4e3c-8653-92940deff236 304 (2ms)
[2026-07-29T04:43:15.341Z] [INFO] → GET /api/history/b4e32716-312d-4e3c-8653-92940deff236
[2026-07-29T04:43:15.343Z] [INFO] ← GET /b4e32716-312d-4e3c-8653-92940deff236 304 (1ms)
[2026-07-29T04:43:16.547Z] [INFO] → GET /api/rag/docs
[2026-07-29T04:43:16.548Z] [INFO] ← GET /docs 304 (1ms)
[2026-07-29T04:43:16.554Z] [INFO] → GET /api/history
[2026-07-29T04:43:16.555Z] [INFO] ← GET / 200 (2ms)
[2026-07-29T04:43:27.411Z] [INFO] → POST /api/history/draft
[2026-07-29T04:43:27.417Z] [INFO] ← POST /draft 200 (5ms)
[2026-07-29T04:43:27.434Z] [INFO] → GET /api/history/42c50215-f954-456c-96b1-0945ada2a1b4
[2026-07-29T04:43:27.435Z] [INFO] ← GET /42c50215-f954-456c-96b1-0945ada2a1b4 200 (1ms)
[2026-07-29T04:43:27.443Z] [INFO] → POST /api/study/notes
[2026-07-29T04:43:29.443Z] [INFO] → GET /api/history/42c50215-f954-456c-96b1-0945ada2a1b4
[2026-07-29T04:43:29.444Z] [INFO] ← GET /42c50215-f954-456c-96b1-0945ada2a1b4 304 (1ms)
[2026-07-29T04:43:31.326Z] [ACTION] [ACTION] generation.complete | {"draftId":"42c50215-f954-456c-96b1-0945ada2a1b4","type":"notes","subType":"10-mark"}
[2026-07-29T04:43:31.328Z] [INFO] ← POST /notes 200 (3885ms)
[2026-07-29T04:43:31.334Z] [INFO] → GET /api/history/42c50215-f954-456c-96b1-0945ada2a1b4
[2026-07-29T04:43:31.336Z] [INFO] ← GET /42c50215-f954-456c-96b1-0945ada2a1b4 200 (1ms)
[2026-07-29T04:43:45.328Z] [INFO] → GET /api/rag/docs
[2026-07-29T04:43:45.329Z] [INFO] ← GET /docs 304 (2ms)
[2026-07-29T04:43:45.331Z] [INFO] → GET /api/history
[2026-07-29T04:43:45.333Z] [INFO] ← GET / 200 (1ms)
[2026-07-29T04:43:50.307Z] [INFO] → POST /api/study/plan
[2026-07-29T04:43:51.335Z] [INFO] ← POST /plan 200 (1028ms)
[2026-07-29T04:43:57.937Z] [INFO] → POST /api/history/draft
[2026-07-29T04:43:57.941Z] [INFO] ← POST /draft 200 (5ms)
[2026-07-29T04:43:57.946Z] [INFO] → GET /api/history/af924c47-c291-4ed1-a3df-25611a1e6a00
[2026-07-29T04:43:57.947Z] [INFO] ← GET /af924c47-c291-4ed1-a3df-25611a1e6a00 200 (1ms)
[2026-07-29T04:43:57.951Z] [INFO] → POST /api/study/notes
[2026-07-29T04:43:59.954Z] [INFO] → GET /api/history/af924c47-c291-4ed1-a3df-25611a1e6a00
[2026-07-29T04:43:59.955Z] [INFO] ← GET /af924c47-c291-4ed1-a3df-25611a1e6a00 304 (2ms)
[2026-07-29T04:44:01.961Z] [INFO] → GET /api/history/af924c47-c291-4ed1-a3df-25611a1e6a00
[2026-07-29T04:44:01.962Z] [INFO] ← GET /af924c47-c291-4ed1-a3df-25611a1e6a00 304 (1ms)
[2026-07-29T04:44:03.966Z] [INFO] → GET /api/history/af924c47-c291-4ed1-a3df-25611a1e6a00
[2026-07-29T04:44:03.967Z] [INFO] ← GET /af924c47-c291-4ed1-a3df-25611a1e6a00 304 (2ms)
[2026-07-29T04:44:05.971Z] [INFO] → GET /api/history/af924c47-c291-4ed1-a3df-25611a1e6a00
[2026-07-29T04:44:05.972Z] [INFO] ← GET /af924c47-c291-4ed1-a3df-25611a1e6a00 304 (1ms)
[2026-07-29T04:44:07.980Z] [INFO] → GET /api/history/af924c47-c291-4ed1-a3df-25611a1e6a00
[2026-07-29T04:44:07.981Z] [INFO] ← GET /af924c47-c291-4ed1-a3df-25611a1e6a00 304 (1ms)
[2026-07-29T04:44:09.787Z] [ACTION] [ACTION] generation.complete | {"draftId":"af924c47-c291-4ed1-a3df-25611a1e6a00","type":"notes","subType":"5-mark"}
[2026-07-29T04:44:09.787Z] [INFO] ← POST /notes 200 (11837ms)
[2026-07-29T04:44:09.790Z] [INFO] → GET /api/history/af924c47-c291-4ed1-a3df-25611a1e6a00
[2026-07-29T04:44:09.791Z] [INFO] ← GET /af924c47-c291-4ed1-a3df-25611a1e6a00 200 (1ms)
[2026-07-29T04:44:53.291Z] [INFO] → GET /api/rag/docs
[2026-07-29T04:44:53.293Z] [INFO] ← GET /docs 304 (2ms)
[2026-07-29T04:44:53.296Z] [INFO] → GET /api/history
[2026-07-29T04:44:53.298Z] [INFO] ← GET / 200 (2ms)
[2026-07-29T04:44:57.237Z] [INFO] → GET /api/history
[2026-07-29T04:44:57.239Z] [INFO] ← GET / 200 (1ms)
[2026-07-29T04:46:58.400Z] [INFO] StudyForge server listening on http://localhost:5174
[2026-07-29T04:46:58.400Z] [INFO] API mounted at /api   (frontend dev proxy → :5173)
[2026-07-29T04:47:02.767Z] [INFO] StudyForge server listening on http://localhost:5174
[2026-07-29T04:47:02.768Z] [INFO] API mounted at /api   (frontend dev proxy → :5173)
[2026-07-29T04:47:19.401Z] [INFO] StudyForge server listening on http://localhost:5174
[2026-07-29T04:47:19.401Z] [INFO] API mounted at /api   (frontend dev proxy → :5173)
[2026-07-29T04:47:25.417Z] [INFO] StudyForge server listening on http://localhost:5174
[2026-07-29T04:47:25.417Z] [INFO] API mounted at /api   (frontend dev proxy → :5173)
[2026-07-29T04:48:19.629Z] [INFO] StudyForge server listening on http://localhost:5175
[2026-07-29T04:48:19.630Z] [INFO] API mounted at /api   (frontend dev proxy → :5173)
[2026-07-29T04:49:01.658Z] [INFO] StudyForge server listening on http://localhost:5174
[2026-07-29T04:49:01.663Z] [INFO] API mounted at /api   (frontend dev proxy → :5173)
[2026-07-29T04:50:00.468Z] [INFO] StudyForge server listening on http://localhost:5174
[2026-07-29T04:50:00.469Z] [INFO] API mounted at /api   (frontend dev proxy → :5173)
[2026-07-29T04:51:19.603Z] [INFO] StudyForge server listening on http://localhost:5174
[2026-07-29T04:51:19.604Z] [INFO] API mounted at /api   (frontend dev proxy → :5173)
[2026-07-29T04:52:04.287Z] [INFO] StudyForge server listening on http://localhost:5174
[2026-07-29T04:52:04.288Z] [INFO] API mounted at /api   (frontend dev proxy → :5173)
[2026-07-29T04:52:15.697Z] [INFO] → GET /api/health
[2026-07-29T04:52:15.702Z] [INFO] ← GET /api/health 200 (4ms)
[2026-07-29T04:52:38.959Z] [INFO] → GET /api/providers
[2026-07-29T04:52:38.965Z] [INFO] ← GET / 200 (5ms)
[2026-07-29T04:52:39.340Z] [INFO] → GET /api/projects
[2026-07-29T04:52:39.342Z] [INFO] ← GET / 200 (2ms)
[2026-07-29T04:52:39.366Z] [INFO] → GET /api/settings
[2026-07-29T04:52:39.367Z] [INFO] ← GET / 200 (2ms)
[2026-07-29T04:53:32.362Z] [INFO] → GET /api/health
[2026-07-29T04:53:32.363Z] [INFO] ← GET /api/health 200 (1ms)
[2026-07-29T04:53:32.372Z] [INFO] → GET /api/providers
[2026-07-29T04:53:32.375Z] [INFO] ← GET / 200 (3ms)
[2026-07-29T04:53:32.388Z] [INFO] → GET /api/projects
[2026-07-29T04:53:32.389Z] [INFO] ← GET / 200 (2ms)
[2026-07-29T04:53:32.402Z] [INFO] → GET /api/settings
[2026-07-29T04:53:32.405Z] [INFO] ← GET / 200 (2ms)
[2026-07-29T04:53:32.406Z] [INFO] → GET /api/rag/docs
[2026-07-29T04:53:32.871Z] [INFO] ← GET /docs 200 (465ms)
[2026-07-29T04:53:32.886Z] [INFO] → GET /api/rag/stats
[2026-07-29T04:53:32.917Z] [INFO] FAISS index loaded (5146 vectors)
[2026-07-29T04:53:32.917Z] [INFO] ← GET /stats 200 (32ms)
[2026-07-29T04:53:32.932Z] [INFO] → GET /api/chat/sessions
[2026-07-29T04:53:32.933Z] [INFO] ← GET /sessions 200 (2ms)
[2026-07-29T04:53:32.948Z] [INFO] → GET /api/progress
[2026-07-29T04:53:32.951Z] [INFO] ← GET / 200 (3ms)
[2026-07-29T04:53:32.963Z] [INFO] → GET /api/analytics
[2026-07-29T04:53:32.965Z] [INFO] ← GET / 200 (2ms)
[2026-07-29T04:53:32.977Z] [INFO] → GET /api/admin/overview
[2026-07-29T04:53:32.980Z] [INFO] ← GET /overview 200 (2ms)
[2026-07-29T04:53:32.993Z] [INFO] → GET /api/history
[2026-07-29T04:53:32.996Z] [INFO] ← GET / 200 (4ms)
[2026-07-29T04:53:33.009Z] [INFO] → GET /api/voice/status
[2026-07-29T04:53:33.010Z] [INFO] ← GET /status 200 (2ms)
[2026-07-29T04:53:33.802Z] [INFO] → GET /api/progress
[2026-07-29T04:53:33.805Z] [INFO] ← GET / 200 (3ms)
[2026-07-29T04:53:33.806Z] [INFO] → GET /api/projects
[2026-07-29T04:53:33.807Z] [INFO] ← GET / 200 (2ms)
[2026-07-29T04:53:33.808Z] [INFO] → GET /api/providers
[2026-07-29T04:53:33.811Z] [INFO] ← GET / 200 (2ms)
[2026-07-29T04:53:33.812Z] [INFO] → GET /api/analytics
[2026-07-29T04:53:33.814Z] [INFO] ← GET / 200 (2ms)
[2026-07-29T04:53:34.486Z] [INFO] → GET /api/providers
[2026-07-29T04:53:34.489Z] [INFO] ← GET / 304 (2ms)
[2026-07-29T04:53:34.490Z] [INFO] → GET /api/projects
[2026-07-29T04:53:34.492Z] [INFO] ← GET / 304 (2ms)
[2026-07-29T04:53:35.135Z] [INFO] → GET /api/rag/docs
[2026-07-29T04:53:35.137Z] [INFO] ← GET /docs 200 (2ms)
[2026-07-29T04:53:35.138Z] [INFO] → GET /api/rag/folders
[2026-07-29T04:53:35.140Z] [INFO] ← GET /folders 200 (1ms)
[2026-07-29T04:53:35.141Z] [INFO] → GET /api/rag/staged
[2026-07-29T04:53:35.143Z] [INFO] ← GET /staged 200 (1ms)
[2026-07-29T04:53:35.144Z] [INFO] → GET /api/rag/folders/paths
[2026-07-29T04:53:35.146Z] [INFO] ← GET /folders/paths 200 (2ms)
[2026-07-29T04:53:35.781Z] [INFO] → GET /api/rag/docs
[2026-07-29T04:53:35.783Z] [INFO] ← GET /docs 200 (2ms)
[2026-07-29T04:53:36.396Z] [INFO] → GET /api/settings
[2026-07-29T04:53:36.400Z] [INFO] ← GET / 200 (4ms)
[2026-07-29T04:53:36.401Z] [INFO] → GET /api/providers
[2026-07-29T04:53:36.403Z] [INFO] ← GET / 304 (2ms)
[2026-07-29T04:53:37.052Z] [INFO] → GET /api/analytics/advanced
[2026-07-29T04:53:37.058Z] [INFO] ← GET / 200 (5ms)
[2026-07-29T04:53:37.060Z] [INFO] → GET /api/analytics/advanced/profile
[2026-07-29T04:53:37.063Z] [INFO] ← GET /profile 200 (4ms)
[2026-07-29T04:53:37.064Z] [INFO] → GET /api/analytics/advanced/recommendations
[2026-07-29T04:53:37.066Z] [INFO] ← GET /recommendations 200 (1ms)
[2026-07-29T04:53:37.733Z] [INFO] → GET /api/admin/overview
[2026-07-29T04:53:37.735Z] [INFO] ← GET /overview 200 (1ms)
[2026-07-29T04:53:38.373Z] [INFO] → GET /api/rag/docs
[2026-07-29T04:53:38.375Z] [INFO] ← GET /docs 304 (1ms)
[2026-07-29T04:53:38.376Z] [INFO] → GET /api/history
[2026-07-29T04:53:38.377Z] [INFO] ← GET / 200 (2ms)
[2026-07-29T04:53:38.985Z] [INFO] → GET /api/history
[2026-07-29T04:53:38.986Z] [INFO] ← GET / 200 (2ms)
[2026-07-29T04:53:39.688Z] [INFO] → GET /api/progress
[2026-07-29T04:53:39.690Z] [INFO] ← GET / 304 (2ms)
[2026-07-29T04:53:39.691Z] [INFO] → GET /api/projects
[2026-07-29T04:53:39.693Z] [INFO] ← GET / 304 (2ms)
[2026-07-29T04:53:39.694Z] [INFO] → GET /api/providers
[2026-07-29T04:53:39.697Z] [INFO] ← GET / 304 (3ms)
[2026-07-29T04:53:39.698Z] [INFO] → GET /api/analytics
[2026-07-29T04:53:39.700Z] [INFO] ← GET / 304 (2ms)
[2026-07-29T04:53:40.386Z] [INFO] → GET /api/progress
[2026-07-29T04:53:40.388Z] [INFO] ← GET / 304 (1ms)
[2026-07-29T04:53:40.389Z] [INFO] → GET /api/projects
[2026-07-29T04:53:40.391Z] [INFO] ← GET / 304 (1ms)
[2026-07-29T04:53:40.392Z] [INFO] → GET /api/providers
[2026-07-29T04:53:40.393Z] [INFO] ← GET / 304 (2ms)
[2026-07-29T04:53:40.394Z] [INFO] → GET /api/analytics
[2026-07-29T04:53:40.395Z] [INFO] ← GET / 304 (1ms)
[2026-07-29T04:53:42.032Z] [INFO] → GET /api/progress
[2026-07-29T04:53:42.033Z] [INFO] ← GET / 304 (2ms)
[2026-07-29T04:53:42.034Z] [INFO] → GET /api/projects
[2026-07-29T04:53:42.036Z] [INFO] ← GET / 304 (1ms)
[2026-07-29T04:53:42.036Z] [INFO] → GET /api/providers
[2026-07-29T04:53:42.038Z] [INFO] ← GET / 304 (1ms)
[2026-07-29T04:53:42.039Z] [INFO] → GET /api/analytics
[2026-07-29T04:53:42.040Z] [INFO] ← GET / 304 (2ms)
[2026-07-29T04:53:43.124Z] [INFO] → GET /api/projects
[2026-07-29T04:53:43.125Z] [INFO] ← GET / 304 (2ms)
[2026-07-29T04:53:43.126Z] [INFO] → GET /api/progress
[2026-07-29T04:53:43.127Z] [INFO] ← GET / 304 (1ms)
[2026-07-29T04:53:43.128Z] [INFO] → GET /api/providers
[2026-07-29T04:53:43.130Z] [INFO] ← GET / 304 (2ms)
[2026-07-29T04:53:43.132Z] [INFO] → GET /api/analytics
[2026-07-29T04:53:43.134Z] [INFO] ← GET / 304 (2ms)
[2026-07-29T04:53:43.968Z] [INFO] → GET /api/rag/docs
[2026-07-29T04:53:43.970Z] [INFO] ← GET /docs 200 (2ms)
[2026-07-29T04:54:10.166Z] [INFO] → GET /api/health
[2026-07-29T04:54:10.167Z] [INFO] ← GET /api/health 200 (2ms)
[2026-07-29T04:54:10.174Z] [INFO] → GET /api/providers
[2026-07-29T04:54:10.177Z] [INFO] ← GET / 200 (4ms)
[2026-07-29T04:54:10.180Z] [INFO] → GET /api/projects
[2026-07-29T04:54:10.181Z] [INFO] ← GET / 200 (1ms)
[2026-07-29T04:54:10.193Z] [INFO] → GET /api/settings
[2026-07-29T04:54:10.194Z] [INFO] ← GET / 200 (1ms)
[2026-07-29T04:54:10.208Z] [INFO] → GET /api/rag/docs
[2026-07-29T04:54:10.210Z] [INFO] ← GET /docs 200 (2ms)
[2026-07-29T04:54:10.217Z] [INFO] → GET /api/rag/stats
[2026-07-29T04:54:10.218Z] [INFO] ← GET /stats 200 (2ms)
[2026-07-29T04:54:10.224Z] [INFO] → GET /api/chat/sessions
[2026-07-29T04:54:10.225Z] [INFO] ← GET /sessions 200 (2ms)
[2026-07-29T04:54:10.239Z] [INFO] → GET /api/progress
[2026-07-29T04:54:10.241Z] [INFO] ← GET / 200 (2ms)
[2026-07-29T04:54:10.242Z] [INFO] → GET /api/analytics
[2026-07-29T04:54:10.244Z] [INFO] ← GET / 200 (2ms)
[2026-07-29T04:54:10.254Z] [INFO] → GET /api/admin/overview
[2026-07-29T04:54:10.256Z] [INFO] ← GET /overview 200 (2ms)
[2026-07-29T04:54:10.270Z] [INFO] → GET /api/history
[2026-07-29T04:54:10.271Z] [INFO] ← GET / 200 (1ms)
[2026-07-29T04:54:10.285Z] [INFO] → GET /api/voice/status
[2026-07-29T04:54:10.288Z] [INFO] ← GET /status 200 (3ms)
[2026-07-29T04:54:10.828Z] [INFO] → GET /api/progress
[2026-07-29T04:54:10.830Z] [INFO] ← GET / 200 (2ms)
[2026-07-29T04:54:10.831Z] [INFO] → GET /api/projects
[2026-07-29T04:54:10.833Z] [INFO] ← GET / 200 (1ms)
[2026-07-29T04:54:10.835Z] [INFO] → GET /api/providers
[2026-07-29T04:54:10.839Z] [INFO] ← GET / 200 (3ms)
[2026-07-29T04:54:10.840Z] [INFO] → GET /api/analytics
[2026-07-29T04:54:10.842Z] [INFO] ← GET / 200 (2ms)
[2026-07-29T04:54:11.481Z] [INFO] → GET /api/providers
[2026-07-29T04:54:11.484Z] [INFO] ← GET / 304 (2ms)
[2026-07-29T04:54:11.485Z] [INFO] → GET /api/projects
[2026-07-29T04:54:11.486Z] [INFO] ← GET / 304 (2ms)
[2026-07-29T04:54:12.092Z] [INFO] → GET /api/rag/docs
[2026-07-29T04:54:12.093Z] [INFO] ← GET /docs 200 (1ms)
[2026-07-29T04:54:12.094Z] [INFO] → GET /api/rag/folders
[2026-07-29T04:54:12.094Z] [INFO] ← GET /folders 200 (1ms)
[2026-07-29T04:54:12.095Z] [INFO] → GET /api/rag/staged
[2026-07-29T04:54:12.096Z] [INFO] ← GET /staged 200 (1ms)
[2026-07-29T04:54:12.098Z] [INFO] → GET /api/rag/folders/paths
[2026-07-29T04:54:12.098Z] [INFO] ← GET /folders/paths 200 (1ms)
[2026-07-29T04:54:12.703Z] [INFO] → GET /api/rag/docs
[2026-07-29T04:54:12.704Z] [INFO] ← GET /docs 200 (2ms)
[2026-07-29T04:54:13.314Z] [INFO] → GET /api/settings
[2026-07-29T04:54:13.316Z] [INFO] ← GET / 200 (2ms)
[2026-07-29T04:54:13.317Z] [INFO] → GET /api/providers
[2026-07-29T04:54:13.321Z] [INFO] ← GET / 304 (4ms)
[2026-07-29T04:54:13.957Z] [INFO] → GET /api/analytics/advanced
[2026-07-29T04:54:13.958Z] [INFO] ← GET / 200 (2ms)
[2026-07-29T04:54:13.960Z] [INFO] → GET /api/analytics/advanced/profile
[2026-07-29T04:54:13.963Z] [INFO] ← GET /profile 200 (4ms)
[2026-07-29T04:54:13.964Z] [INFO] → GET /api/analytics/advanced/recommendations
[2026-07-29T04:54:13.965Z] [INFO] ← GET /recommendations 200 (2ms)
[2026-07-29T04:54:14.630Z] [INFO] → GET /api/admin/overview
[2026-07-29T04:54:14.633Z] [INFO] ← GET /overview 200 (3ms)
[2026-07-29T04:54:15.264Z] [INFO] → GET /api/rag/docs
[2026-07-29T04:54:15.266Z] [INFO] ← GET /docs 304 (1ms)
[2026-07-29T04:54:15.267Z] [INFO] → GET /api/history
[2026-07-29T04:54:15.269Z] [INFO] ← GET / 200 (2ms)
[2026-07-29T04:54:15.920Z] [INFO] → GET /api/history
[2026-07-29T04:54:15.922Z] [INFO] ← GET / 200 (2ms)
[2026-07-29T04:54:17.182Z] [INFO] → GET /api/progress
[2026-07-29T04:54:17.184Z] [INFO] ← GET / 304 (1ms)
[2026-07-29T04:54:17.184Z] [INFO] → GET /api/projects
[2026-07-29T04:54:17.185Z] [INFO] ← GET / 304 (1ms)
[2026-07-29T04:54:17.186Z] [INFO] → GET /api/providers
[2026-07-29T04:54:17.188Z] [INFO] ← GET / 304 (1ms)
[2026-07-29T04:54:17.189Z] [INFO] → GET /api/analytics
[2026-07-29T04:54:17.191Z] [INFO] ← GET / 304 (3ms)
[2026-07-29T04:54:18.859Z] [INFO] → GET /api/progress
[2026-07-29T04:54:18.862Z] [INFO] ← GET / 304 (3ms)
[2026-07-29T04:54:18.863Z] [INFO] → GET /api/projects
[2026-07-29T04:54:18.865Z] [INFO] ← GET / 304 (1ms)
[2026-07-29T04:54:18.866Z] [INFO] → GET /api/providers
[2026-07-29T04:54:18.869Z] [INFO] ← GET / 304 (3ms)
[2026-07-29T04:54:18.872Z] [INFO] → GET /api/analytics
[2026-07-29T04:54:18.875Z] [INFO] ← GET / 304 (4ms)
[2026-07-29T04:54:19.894Z] [INFO] → GET /api/progress
[2026-07-29T04:54:19.895Z] [INFO] ← GET / 304 (1ms)
[2026-07-29T04:54:19.896Z] [INFO] → GET /api/projects
[2026-07-29T04:54:19.897Z] [INFO] ← GET / 304 (2ms)
[2026-07-29T04:54:19.899Z] [INFO] → GET /api/providers
[2026-07-29T04:54:19.901Z] [INFO] ← GET / 304 (3ms)
[2026-07-29T04:54:19.902Z] [INFO] → GET /api/analytics
[2026-07-29T04:54:19.903Z] [INFO] ← GET / 304 (1ms)
[2026-07-29T04:54:20.694Z] [INFO] → GET /api/rag/docs
[2026-07-29T04:54:20.695Z] [INFO] ← GET /docs 200 (2ms)
[2026-07-29T04:56:32.480Z] [INFO] → GET /api/history
[2026-07-29T04:56:32.481Z] [INFO] ← GET / 200 (2ms)
[2026-07-29T04:56:32.930Z] [INFO] → GET /api/history
[2026-07-29T04:56:32.932Z] [INFO] ← GET / 200 (2ms)
[2026-07-29T04:57:19.231Z] [INFO] → GET /api/rag/docs
[2026-07-29T04:57:19.232Z] [INFO] ← GET /docs 304 (1ms)
[2026-07-29T04:57:20.049Z] [INFO] → GET /api/admin/overview
[2026-07-29T04:57:20.052Z] [INFO] ← GET /overview 200 (2ms)
[2026-07-29T04:57:22.950Z] [INFO] → GET /api/rag/docs
[2026-07-29T04:57:22.951Z] [INFO] ← GET /docs 304 (1ms)
[2026-07-29T04:57:24.771Z] [INFO] → GET /api/rag/docs
[2026-07-29T04:57:24.772Z] [INFO] ← GET /docs 304 (1ms)
[2026-07-29T04:57:24.775Z] [INFO] → GET /api/history
[2026-07-29T04:57:24.777Z] [INFO] ← GET / 304 (2ms)
[2026-07-29T04:57:26.423Z] [INFO] → GET /api/rag/docs
[2026-07-29T04:57:26.425Z] [INFO] ← GET /docs 304 (1ms)
[2026-07-29T04:57:26.426Z] [INFO] → GET /api/rag/folders
[2026-07-29T04:57:26.428Z] [INFO] ← GET /folders 304 (2ms)
[2026-07-29T04:57:26.429Z] [INFO] → GET /api/rag/staged
[2026-07-29T04:57:26.430Z] [INFO] ← GET /staged 304 (2ms)
[2026-07-29T04:57:26.430Z] [INFO] → GET /api/rag/folders/paths
[2026-07-29T04:57:26.431Z] [INFO] ← GET /folders/paths 304 (1ms)
[2026-07-29T04:57:27.462Z] [INFO] → GET /api/progress
[2026-07-29T04:57:27.463Z] [INFO] ← GET / 304 (1ms)
[2026-07-29T04:57:27.464Z] [INFO] → GET /api/projects
[2026-07-29T04:57:27.465Z] [INFO] ← GET / 304 (1ms)
[2026-07-29T04:57:27.466Z] [INFO] → GET /api/providers
[2026-07-29T04:57:27.469Z] [INFO] ← GET / 304 (2ms)
[2026-07-29T04:57:27.470Z] [INFO] → GET /api/analytics
[2026-07-29T04:57:27.471Z] [INFO] ← GET / 304 (2ms)
[2026-07-29T04:57:30.822Z] [INFO] → GET /api/providers
[2026-07-29T04:57:30.824Z] [INFO] ← GET / 304 (2ms)
[2026-07-29T04:57:30.825Z] [INFO] → GET /api/projects
[2026-07-29T04:57:30.826Z] [INFO] ← GET / 304 (1ms)
[2026-07-29T04:57:43.347Z] [INFO] → PUT /api/projects/2c20b7f8-ddfa-431d-937e-40eb1e4f1e09
[2026-07-29T04:57:43.350Z] [INFO] ← PUT /2c20b7f8-ddfa-431d-937e-40eb1e4f1e09 200 (3ms)
[2026-07-29T04:57:43.352Z] [INFO] → GET /api/projects
[2026-07-29T04:57:43.353Z] [INFO] ← GET / 304 (1ms)
[2026-07-29T04:57:44.587Z] [INFO] → PUT /api/projects/2c20b7f8-ddfa-431d-937e-40eb1e4f1e09
[2026-07-29T04:57:44.589Z] [INFO] ← PUT /2c20b7f8-ddfa-431d-937e-40eb1e4f1e09 200 (1ms)
[2026-07-29T04:57:44.591Z] [INFO] → GET /api/projects
[2026-07-29T04:57:44.592Z] [INFO] ← GET / 304 (1ms)
[2026-07-29T04:57:56.778Z] [INFO] → GET /api/settings
[2026-07-29T04:57:56.780Z] [INFO] ← GET / 304 (2ms)
[2026-07-29T04:57:56.781Z] [INFO] → GET /api/providers
[2026-07-29T04:57:56.784Z] [INFO] ← GET / 304 (3ms)
[2026-07-29T05:03:47.950Z] [INFO] → PUT /api/settings
[2026-07-29T05:03:47.952Z] [INFO] ← PUT / 200 (3ms)
[2026-07-29T05:04:22.119Z] [INFO] StudyForge server listening on http://localhost:5174
[2026-07-29T05:04:22.120Z] [INFO] API mounted at /api   (frontend dev proxy → :5173)
[2026-07-29T05:04:57.415Z] [INFO] StudyForge server listening on http://localhost:5174
[2026-07-29T05:04:57.416Z] [INFO] API mounted at /api   (frontend dev proxy → :5173)
[2026-07-29T05:05:04.843Z] [INFO] → GET /api/health
[2026-07-29T05:05:04.849Z] [INFO] ← GET /api/health 200 (7ms)
[2026-07-29T05:05:14.053Z] [INFO] → PUT /api/settings/tasks/voice-tts
[2026-07-29T05:05:14.059Z] [INFO] ← PUT /tasks/voice-tts 200 (6ms)
[2026-07-29T05:05:14.075Z] [INFO] → GET /api/settings
[2026-07-29T05:05:14.078Z] [INFO] ← GET / 200 (3ms)
[2026-07-29T05:05:22.313Z] [INFO] → PUT /api/settings
[2026-07-29T05:05:22.318Z] [INFO] ← PUT / 200 (4ms)
[2026-07-29T05:05:28.086Z] [INFO] → GET /api/health
[2026-07-29T05:05:28.088Z] [INFO] ← GET /api/health 200 (3ms)
[2026-07-29T05:05:28.102Z] [INFO] → GET /api/providers
[2026-07-29T05:05:28.105Z] [INFO] ← GET / 200 (4ms)
[2026-07-29T05:05:28.108Z] [INFO] → GET /api/projects
[2026-07-29T05:05:28.110Z] [INFO] ← GET / 200 (3ms)
[2026-07-29T05:05:28.126Z] [INFO] → GET /api/settings
[2026-07-29T05:05:28.127Z] [INFO] ← GET / 200 (2ms)
[2026-07-29T05:05:28.141Z] [INFO] → GET /api/rag/docs
[2026-07-29T05:05:28.694Z] [INFO] ← GET /docs 200 (554ms)
[2026-07-29T05:05:28.712Z] [INFO] → GET /api/rag/stats
[2026-07-29T05:05:28.751Z] [INFO] FAISS index loaded (5146 vectors)
[2026-07-29T05:05:28.753Z] [INFO] ← GET /stats 200 (40ms)
[2026-07-29T05:05:28.759Z] [INFO] → GET /api/chat/sessions
[2026-07-29T05:05:28.762Z] [INFO] ← GET /sessions 200 (3ms)
[2026-07-29T05:05:28.774Z] [INFO] → GET /api/progress
[2026-07-29T05:05:28.778Z] [INFO] ← GET / 200 (4ms)
[2026-07-29T05:05:28.790Z] [INFO] → GET /api/analytics
[2026-07-29T05:05:28.794Z] [INFO] ← GET / 200 (4ms)
[2026-07-29T05:05:28.806Z] [INFO] → GET /api/admin/overview
[2026-07-29T05:05:28.810Z] [INFO] ← GET /overview 200 (4ms)
[2026-07-29T05:05:28.821Z] [INFO] → GET /api/history
[2026-07-29T05:05:28.826Z] [INFO] ← GET / 200 (4ms)
[2026-07-29T05:05:28.828Z] [INFO] → GET /api/voice/status
[2026-07-29T05:05:28.832Z] [INFO] ← GET /status 200 (4ms)
[2026-07-29T05:05:39.359Z] [INFO] → GET /api/progress
[2026-07-29T05:05:39.363Z] [INFO] ← GET / 200 (3ms)
[2026-07-29T05:05:39.364Z] [INFO] → GET /api/projects
[2026-07-29T05:05:39.366Z] [INFO] ← GET / 200 (1ms)
[2026-07-29T05:05:39.368Z] [INFO] → GET /api/providers
[2026-07-29T05:05:39.373Z] [INFO] ← GET / 200 (5ms)
[2026-07-29T05:05:39.374Z] [INFO] → GET /api/analytics
[2026-07-29T05:05:39.377Z] [INFO] ← GET / 200 (2ms)
[2026-07-29T05:05:39.694Z] [INFO] → GET /api/providers
[2026-07-29T05:05:39.697Z] [INFO] ← GET / 304 (3ms)
[2026-07-29T05:05:39.698Z] [INFO] → GET /api/projects
[2026-07-29T05:05:39.700Z] [INFO] ← GET / 304 (2ms)
[2026-07-29T05:05:40.396Z] [INFO] → GET /api/rag/docs
[2026-07-29T05:05:40.397Z] [INFO] ← GET /docs 200 (1ms)
[2026-07-29T05:05:40.398Z] [INFO] → GET /api/rag/folders
[2026-07-29T05:05:40.400Z] [INFO] ← GET /folders 200 (2ms)
[2026-07-29T05:05:40.400Z] [INFO] → GET /api/rag/staged
[2026-07-29T05:05:40.401Z] [INFO] ← GET /staged 200 (1ms)
[2026-07-29T05:05:40.403Z] [INFO] → GET /api/rag/folders/paths
[2026-07-29T05:05:40.404Z] [INFO] ← GET /folders/paths 200 (2ms)
[2026-07-29T05:05:41.081Z] [INFO] → GET /api/rag/docs
[2026-07-29T05:05:41.082Z] [INFO] ← GET /docs 200 (2ms)
[2026-07-29T05:05:41.733Z] [INFO] → GET /api/settings
[2026-07-29T05:05:41.735Z] [INFO] ← GET / 200 (2ms)
[2026-07-29T05:05:41.737Z] [INFO] → GET /api/providers
[2026-07-29T05:05:41.740Z] [INFO] ← GET / 304 (4ms)
[2026-07-29T05:05:42.392Z] [INFO] → GET /api/analytics/advanced
[2026-07-29T05:05:42.398Z] [INFO] ← GET / 200 (6ms)
[2026-07-29T05:05:42.399Z] [INFO] → GET /api/analytics/advanced/profile
[2026-07-29T05:05:42.402Z] [INFO] ← GET /profile 200 (3ms)
[2026-07-29T05:05:42.402Z] [INFO] → GET /api/analytics/advanced/recommendations
[2026-07-29T05:05:42.404Z] [INFO] ← GET /recommendations 200 (2ms)
[2026-07-29T05:05:43.091Z] [INFO] → GET /api/admin/overview
[2026-07-29T05:05:43.094Z] [INFO] ← GET /overview 200 (3ms)
[2026-07-29T05:05:43.735Z] [INFO] → GET /api/rag/docs
[2026-07-29T05:05:43.736Z] [INFO] ← GET /docs 304 (2ms)
[2026-07-29T05:05:43.737Z] [INFO] → GET /api/history
[2026-07-29T05:05:43.738Z] [INFO] ← GET / 200 (1ms)
[2026-07-29T05:05:44.402Z] [INFO] → GET /api/history
[2026-07-29T05:05:44.404Z] [INFO] ← GET / 200 (2ms)
[2026-07-29T05:05:45.694Z] [INFO] → GET /api/progress
[2026-07-29T05:05:45.695Z] [INFO] ← GET / 304 (2ms)
[2026-07-29T05:05:45.697Z] [INFO] → GET /api/projects
[2026-07-29T05:05:45.699Z] [INFO] ← GET / 304 (2ms)
[2026-07-29T05:05:45.700Z] [INFO] → GET /api/providers
[2026-07-29T05:05:45.703Z] [INFO] ← GET / 304 (3ms)
[2026-07-29T05:05:45.705Z] [INFO] → GET /api/analytics
[2026-07-29T05:05:45.707Z] [INFO] ← GET / 304 (2ms)
[2026-07-29T05:05:47.370Z] [INFO] → GET /api/progress
[2026-07-29T05:05:47.372Z] [INFO] ← GET / 304 (2ms)
[2026-07-29T05:05:47.373Z] [INFO] → GET /api/projects
[2026-07-29T05:05:47.374Z] [INFO] ← GET / 304 (2ms)
[2026-07-29T05:05:47.375Z] [INFO] → GET /api/providers
[2026-07-29T05:05:47.378Z] [INFO] ← GET / 304 (3ms)
[2026-07-29T05:05:47.380Z] [INFO] → GET /api/analytics
[2026-07-29T05:05:47.382Z] [INFO] ← GET / 304 (2ms)
[2026-07-29T05:05:48.458Z] [INFO] → GET /api/progress
[2026-07-29T05:05:48.460Z] [INFO] ← GET / 304 (2ms)
[2026-07-29T05:05:48.461Z] [INFO] → GET /api/projects
[2026-07-29T05:05:48.462Z] [INFO] ← GET / 304 (1ms)
[2026-07-29T05:05:48.463Z] [INFO] → GET /api/providers
[2026-07-29T05:05:48.466Z] [INFO] ← GET / 304 (3ms)
[2026-07-29T05:05:48.468Z] [INFO] → GET /api/analytics
[2026-07-29T05:05:48.470Z] [INFO] ← GET / 304 (2ms)
[2026-07-29T05:05:49.287Z] [INFO] → GET /api/rag/docs
[2026-07-29T05:05:49.288Z] [INFO] ← GET /docs 200 (2ms)
[2026-07-29T05:07:15.600Z] [INFO] → GET /api/progress
[2026-07-29T05:07:15.602Z] [INFO] ← GET / 304 (2ms)
[2026-07-29T05:07:15.604Z] [INFO] → GET /api/projects
[2026-07-29T05:07:15.606Z] [INFO] ← GET / 304 (2ms)
[2026-07-29T05:07:15.607Z] [INFO] → GET /api/analytics
[2026-07-29T05:07:15.610Z] [INFO] ← GET / 200 (3ms)
[2026-07-29T05:07:15.611Z] [INFO] → GET /api/providers
[2026-07-29T05:07:15.614Z] [INFO] ← GET / 200 (4ms)
[2026-07-29T05:07:17.602Z] [INFO] → GET /api/providers
[2026-07-29T05:07:17.605Z] [INFO] ← GET / 304 (3ms)
[2026-07-29T05:07:17.607Z] [INFO] → GET /api/projects
[2026-07-29T05:07:17.608Z] [INFO] ← GET / 304 (2ms)
[2026-07-29T05:07:20.987Z] [INFO] → GET /api/settings
[2026-07-29T05:07:20.989Z] [INFO] ← GET / 200 (3ms)
[2026-07-29T05:07:20.992Z] [INFO] → GET /api/providers
[2026-07-29T05:07:20.995Z] [INFO] ← GET / 304 (3ms)
[2026-07-29T05:07:43.847Z] [INFO] → PUT /api/settings/tasks/voice-stt
[2026-07-29T05:07:43.850Z] [INFO] ← PUT /tasks/voice-stt 200 (3ms)
[2026-07-29T05:07:43.855Z] [INFO] → PUT /api/settings/tasks/voice-tts
[2026-07-29T05:07:43.858Z] [INFO] ← PUT /tasks/voice-tts 200 (3ms)
[2026-07-29T05:07:43.864Z] [INFO] → GET /api/settings
[2026-07-29T05:07:43.866Z] [INFO] ← GET / 200 (2ms)
[2026-07-29T05:07:44.751Z] [INFO] → PUT /api/settings
[2026-07-29T05:07:44.755Z] [INFO] ← PUT / 200 (4ms)
[2026-07-29T05:07:44.760Z] [INFO] → GET /api/settings
[2026-07-29T05:07:44.761Z] [INFO] ← GET / 200 (2ms)
[2026-07-29T05:07:47.263Z] [INFO] → GET /api/providers
[2026-07-29T05:07:47.266Z] [INFO] ← GET / 304 (4ms)
[2026-07-29T05:07:47.270Z] [INFO] → GET /api/projects
[2026-07-29T05:07:47.272Z] [INFO] ← GET / 304 (2ms)
[2026-07-29T05:07:48.201Z] [INFO] → GET /api/settings
[2026-07-29T05:07:48.203Z] [INFO] ← GET / 304 (2ms)
[2026-07-29T05:07:48.204Z] [INFO] → GET /api/providers
[2026-07-29T05:07:48.208Z] [INFO] ← GET / 304 (3ms)
[2026-07-29T05:08:05.432Z] [INFO] → GET /api/settings
[2026-07-29T05:08:05.435Z] [INFO] ← GET / 304 (3ms)
[2026-07-29T05:08:05.437Z] [INFO] → GET /api/providers
[2026-07-29T05:08:05.440Z] [INFO] ← GET / 304 (4ms)
[2026-07-29T05:08:05.801Z] [INFO] → GET /api/settings
[2026-07-29T05:08:05.803Z] [INFO] ← GET / 304 (2ms)
[2026-07-29T05:08:05.804Z] [INFO] → GET /api/providers
[2026-07-29T05:08:05.808Z] [INFO] ← GET / 304 (3ms)
[2026-07-29T05:08:47.477Z] [INFO] → PUT /api/settings/tasks/voice-stt
[2026-07-29T05:08:47.482Z] [INFO] ← PUT /tasks/voice-stt 200 (5ms)
[2026-07-29T05:08:47.487Z] [INFO] → PUT /api/settings/tasks/voice-tts
[2026-07-29T05:08:47.490Z] [INFO] ← PUT /tasks/voice-tts 200 (3ms)
[2026-07-29T05:08:47.497Z] [INFO] → GET /api/settings
[2026-07-29T05:08:47.499Z] [INFO] ← GET / 200 (2ms)
[2026-07-29T05:09:01.316Z] [INFO] → GET /api/progress
[2026-07-29T05:09:01.318Z] [INFO] ← GET / 304 (2ms)
[2026-07-29T05:09:01.320Z] [INFO] → GET /api/projects
[2026-07-29T05:09:01.322Z] [INFO] ← GET / 304 (2ms)
[2026-07-29T05:09:01.324Z] [INFO] → GET /api/providers
[2026-07-29T05:09:01.327Z] [INFO] ← GET / 304 (3ms)
[2026-07-29T05:09:01.328Z] [INFO] → GET /api/analytics
[2026-07-29T05:09:01.330Z] [INFO] ← GET / 304 (2ms)
[2026-07-29T05:09:01.580Z] [INFO] → GET /api/providers
[2026-07-29T05:09:01.583Z] [INFO] ← GET / 304 (3ms)
[2026-07-29T05:09:01.585Z] [INFO] → GET /api/projects
[2026-07-29T05:09:01.587Z] [INFO] ← GET / 304 (2ms)
[2026-07-29T05:09:02.319Z] [INFO] → GET /api/providers
[2026-07-29T05:09:02.322Z] [INFO] ← GET / 304 (3ms)
[2026-07-29T05:09:02.323Z] [INFO] → GET /api/projects
[2026-07-29T05:09:02.325Z] [INFO] ← GET / 304 (2ms)
[2026-07-29T05:09:04.699Z] [INFO] → GET /api/settings
[2026-07-29T05:09:04.701Z] [INFO] ← GET / 304 (2ms)
[2026-07-29T05:09:04.703Z] [INFO] → GET /api/providers
[2026-07-29T05:09:04.706Z] [INFO] ← GET / 304 (3ms)
[2026-07-29T05:09:07.639Z] [INFO] → PUT /api/settings
[2026-07-29T05:09:07.641Z] [INFO] ← PUT / 200 (3ms)
[2026-07-29T05:09:07.648Z] [INFO] → GET /api/settings
[2026-07-29T05:09:07.650Z] [INFO] ← GET / 200 (2ms)
[2026-07-29T05:09:09.718Z] [INFO] → GET /api/settings
[2026-07-29T05:09:09.721Z] [INFO] ← GET / 304 (2ms)
[2026-07-29T05:09:09.723Z] [INFO] → GET /api/providers
[2026-07-29T05:09:09.726Z] [INFO] ← GET / 304 (3ms)
[2026-07-29T05:09:19.992Z] [INFO] → GET /api/rag/docs
[2026-07-29T05:09:19.994Z] [INFO] ← GET /docs 304 (2ms)
[2026-07-29T05:09:19.996Z] [INFO] → GET /api/rag/folders
[2026-07-29T05:09:19.999Z] [INFO] ← GET /folders 304 (3ms)
[2026-07-29T05:09:20.001Z] [INFO] → GET /api/rag/staged
[2026-07-29T05:09:20.003Z] [INFO] ← GET /staged 304 (2ms)
[2026-07-29T05:09:20.005Z] [INFO] → GET /api/rag/folders/paths
[2026-07-29T05:09:20.006Z] [INFO] ← GET /folders/paths 304 (2ms)
[2026-07-29T05:09:22.126Z] [INFO] → GET /api/analytics/advanced
[2026-07-29T05:09:22.131Z] [INFO] ← GET / 304 (4ms)
[2026-07-29T05:09:22.133Z] [INFO] → GET /api/analytics/advanced/profile
[2026-07-29T05:09:22.137Z] [INFO] ← GET /profile 304 (3ms)
[2026-07-29T05:09:22.139Z] [INFO] → GET /api/analytics/advanced/recommendations
[2026-07-29T05:09:22.142Z] [INFO] ← GET /recommendations 304 (3ms)
[2026-07-29T05:09:30.112Z] [INFO] → GET /api/rag/docs
[2026-07-29T05:09:30.113Z] [INFO] ← GET /docs 304 (1ms)
[2026-07-29T05:09:30.114Z] [INFO] → GET /api/history
[2026-07-29T05:09:30.116Z] [INFO] ← GET / 200 (1ms)
[2026-07-29T05:09:39.987Z] [INFO] → POST /api/history/draft
[2026-07-29T05:09:39.995Z] [INFO] ← POST /draft 200 (8ms)
[2026-07-29T05:09:40.015Z] [INFO] → GET /api/history/05bfffda-1c64-4647-ad77-7233cf335f68
[2026-07-29T05:09:40.016Z] [INFO] ← GET /05bfffda-1c64-4647-ad77-7233cf335f68 200 (2ms)
[2026-07-29T05:09:40.022Z] [INFO] → POST /api/study/notes
[2026-07-29T05:09:41.126Z] [WARN] Provider "Groq" does not support embeddings (404); using the local embedding model instead.
[2026-07-29T05:09:41.126Z] [INFO] Loading local embedding model (Xenova/all-MiniLM-L6-v2)…
[2026-07-29T05:09:41.381Z] [INFO] Local embedding model ready
[2026-07-29T05:09:42.023Z] [INFO] → GET /api/history/05bfffda-1c64-4647-ad77-7233cf335f68
[2026-07-29T05:09:42.024Z] [INFO] ← GET /05bfffda-1c64-4647-ad77-7233cf335f68 304 (2ms)
[2026-07-29T05:09:43.513Z] [ACTION] [ACTION] generation.complete | {"draftId":"05bfffda-1c64-4647-ad77-7233cf335f68","type":"notes","subType":"short-notes"}
[2026-07-29T05:09:43.514Z] [INFO] ← POST /notes 200 (3491ms)
[2026-07-29T05:09:43.519Z] [INFO] → GET /api/history/05bfffda-1c64-4647-ad77-7233cf335f68
[2026-07-29T05:09:43.520Z] [INFO] ← GET /05bfffda-1c64-4647-ad77-7233cf335f68 200 (2ms)
[2026-07-29T05:11:25.812Z] [INFO] → GET /api/rag/docs
[2026-07-29T05:11:25.813Z] [INFO] ← GET /docs 304 (2ms)
[2026-07-29T05:11:25.815Z] [INFO] → GET /api/history
[2026-07-29T05:11:25.818Z] [INFO] ← GET / 200 (2ms)
[2026-07-29T05:11:34.858Z] [INFO] → POST /api/history/draft
[2026-07-29T05:11:34.861Z] [INFO] ← POST /draft 200 (4ms)
[2026-07-29T05:11:34.882Z] [INFO] → GET /api/history/1b63f778-eb4d-41d7-8ded-092656b9c71b
[2026-07-29T05:11:34.883Z] [INFO] ← GET /1b63f778-eb4d-41d7-8ded-092656b9c71b 200 (2ms)
[2026-07-29T05:11:34.891Z] [INFO] → POST /api/study/notes
[2026-07-29T05:11:36.895Z] [INFO] → GET /api/history/1b63f778-eb4d-41d7-8ded-092656b9c71b
[2026-07-29T05:11:36.896Z] [INFO] ← GET /1b63f778-eb4d-41d7-8ded-092656b9c71b 304 (2ms)
[2026-07-29T05:11:38.908Z] [INFO] → GET /api/history/1b63f778-eb4d-41d7-8ded-092656b9c71b
[2026-07-29T05:11:38.909Z] [INFO] ← GET /1b63f778-eb4d-41d7-8ded-092656b9c71b 304 (1ms)
[2026-07-29T05:11:40.915Z] [INFO] → GET /api/history/1b63f778-eb4d-41d7-8ded-092656b9c71b
[2026-07-29T05:11:40.916Z] [INFO] ← GET /1b63f778-eb4d-41d7-8ded-092656b9c71b 304 (1ms)
[2026-07-29T05:11:40.998Z] [ACTION] [ACTION] generation.complete | {"draftId":"1b63f778-eb4d-41d7-8ded-092656b9c71b","type":"notes","subType":"exam-notes"}
[2026-07-29T05:11:40.999Z] [INFO] ← POST /notes 200 (6109ms)
[2026-07-29T05:11:41.005Z] [INFO] → GET /api/history/1b63f778-eb4d-41d7-8ded-092656b9c71b
[2026-07-29T05:11:41.006Z] [INFO] ← GET /1b63f778-eb4d-41d7-8ded-092656b9c71b 200 (2ms)
[2026-07-29T05:13:18.374Z] [INFO] → GET /api/history/1b63f778-eb4d-41d7-8ded-092656b9c71b
[2026-07-29T05:13:18.376Z] [INFO] ← GET /1b63f778-eb4d-41d7-8ded-092656b9c71b 304 (1ms)
[2026-07-29T05:13:26.208Z] [INFO] StudyForge server listening on http://localhost:5174
[2026-07-29T05:13:26.209Z] [INFO] API mounted at /api   (frontend dev proxy → :5173)
[2026-07-29T05:13:36.543Z] [INFO] StudyForge server listening on http://localhost:5174
[2026-07-29T05:13:36.544Z] [INFO] API mounted at /api   (frontend dev proxy → :5173)
[2026-07-29T05:14:43.556Z] [INFO] StudyForge server listening on http://localhost:5174
[2026-07-29T05:14:43.557Z] [INFO] API mounted at /api   (frontend dev proxy → :5173)
[2026-07-29T05:14:46.711Z] [INFO] StudyForge server listening on http://localhost:5174
[2026-07-29T05:14:46.712Z] [INFO] API mounted at /api   (frontend dev proxy → :5173)
[2026-07-29T05:14:51.638Z] [INFO] StudyForge server listening on http://localhost:5174
[2026-07-29T05:14:51.639Z] [INFO] API mounted at /api   (frontend dev proxy → :5173)
[2026-07-29T05:14:56.489Z] [INFO] StudyForge server listening on http://localhost:5174
[2026-07-29T05:14:56.490Z] [INFO] API mounted at /api   (frontend dev proxy → :5173)
[2026-07-29T05:15:01.278Z] [INFO] StudyForge server listening on http://localhost:5174
[2026-07-29T05:15:01.278Z] [INFO] API mounted at /api   (frontend dev proxy → :5173)
[2026-07-29T05:15:05.115Z] [INFO] StudyForge server listening on http://localhost:5174
[2026-07-29T05:15:05.116Z] [INFO] API mounted at /api   (frontend dev proxy → :5173)
[2026-07-29T05:15:09.345Z] [INFO] StudyForge server listening on http://localhost:5174
[2026-07-29T05:15:09.346Z] [INFO] API mounted at /api   (frontend dev proxy → :5173)
[2026-07-29T05:15:37.289Z] [INFO] → GET /api/history/1b63f778-eb4d-41d7-8ded-092656b9c71b
[2026-07-29T05:15:37.302Z] [INFO] ← GET /1b63f778-eb4d-41d7-8ded-092656b9c71b 200 (13ms)
[2026-07-29T05:15:48.673Z] [INFO] StudyForge server listening on http://localhost:5174
[2026-07-29T05:15:48.673Z] [INFO] API mounted at /api   (frontend dev proxy → :5173)
[2026-07-29T05:16:09.425Z] [INFO] → GET /api/health
[2026-07-29T05:16:09.428Z] [INFO] ← GET /api/health 200 (4ms)
[2026-07-29T05:16:09.439Z] [INFO] → GET /api/providers
[2026-07-29T05:16:09.443Z] [INFO] ← GET / 200 (4ms)
[2026-07-29T05:16:09.447Z] [INFO] → GET /api/projects
[2026-07-29T05:16:09.449Z] [INFO] ← GET / 200 (1ms)
[2026-07-29T05:16:09.457Z] [INFO] → GET /api/settings
[2026-07-29T05:16:09.459Z] [INFO] ← GET / 200 (2ms)
[2026-07-29T05:16:09.472Z] [INFO] → GET /api/rag/docs
[2026-07-29T05:16:09.852Z] [INFO] ← GET /docs 200 (379ms)
[2026-07-29T05:16:09.859Z] [INFO] → GET /api/rag/stats
[2026-07-29T05:16:09.886Z] [INFO] FAISS index loaded (5146 vectors)
[2026-07-29T05:16:09.887Z] [INFO] ← GET /stats 200 (28ms)
[2026-07-29T05:16:09.890Z] [INFO] → GET /api/chat/sessions
[2026-07-29T05:16:09.892Z] [INFO] ← GET /sessions 200 (3ms)
[2026-07-29T05:16:09.905Z] [INFO] → GET /api/progress
[2026-07-29T05:16:09.907Z] [INFO] ← GET / 200 (2ms)
[2026-07-29T05:16:09.920Z] [INFO] → GET /api/analytics
[2026-07-29T05:16:09.922Z] [INFO] ← GET / 200 (2ms)
[2026-07-29T05:16:09.935Z] [INFO] → GET /api/admin/overview
[2026-07-29T05:16:09.937Z] [INFO] ← GET /overview 200 (2ms)
[2026-07-29T05:16:09.950Z] [INFO] → GET /api/history
[2026-07-29T05:16:09.953Z] [INFO] ← GET / 200 (3ms)
[2026-07-29T05:16:09.966Z] [INFO] → GET /api/voice/status
[2026-07-29T05:16:09.968Z] [INFO] ← GET /status 200 (2ms)
[2026-07-29T05:16:10.747Z] [INFO] → GET /api/progress
[2026-07-29T05:16:10.748Z] [INFO] ← GET / 200 (2ms)
[2026-07-29T05:16:10.749Z] [INFO] → GET /api/projects
[2026-07-29T05:16:10.751Z] [INFO] ← GET / 200 (1ms)
[2026-07-29T05:16:10.752Z] [INFO] → GET /api/providers
[2026-07-29T05:16:10.754Z] [INFO] ← GET / 200 (2ms)
[2026-07-29T05:16:10.755Z] [INFO] → GET /api/analytics
[2026-07-29T05:16:10.756Z] [INFO] ← GET / 200 (2ms)
[2026-07-29T05:16:11.449Z] [INFO] → GET /api/providers
[2026-07-29T05:16:11.451Z] [INFO] ← GET / 304 (2ms)
[2026-07-29T05:16:11.452Z] [INFO] → GET /api/projects
[2026-07-29T05:16:11.453Z] [INFO] ← GET / 304 (2ms)
[2026-07-29T05:16:12.090Z] [INFO] → GET /api/rag/docs
[2026-07-29T05:16:12.091Z] [INFO] ← GET /docs 200 (1ms)
[2026-07-29T05:16:12.092Z] [INFO] → GET /api/rag/folders
[2026-07-29T05:16:12.093Z] [INFO] ← GET /folders 200 (1ms)
[2026-07-29T05:16:12.094Z] [INFO] → GET /api/rag/staged
[2026-07-29T05:16:12.095Z] [INFO] ← GET /staged 200 (1ms)
[2026-07-29T05:16:12.096Z] [INFO] → GET /api/rag/folders/paths
[2026-07-29T05:16:12.097Z] [INFO] ← GET /folders/paths 200 (1ms)
[2026-07-29T05:16:12.711Z] [INFO] → GET /api/rag/docs
[2026-07-29T05:16:12.712Z] [INFO] ← GET /docs 200 (1ms)
[2026-07-29T05:16:13.316Z] [INFO] → GET /api/settings
[2026-07-29T05:16:13.317Z] [INFO] ← GET / 200 (1ms)
[2026-07-29T05:16:13.318Z] [INFO] → GET /api/providers
[2026-07-29T05:16:13.320Z] [INFO] ← GET / 304 (2ms)
[2026-07-29T05:16:13.932Z] [INFO] → GET /api/analytics/advanced
[2026-07-29T05:16:13.937Z] [INFO] ← GET / 200 (5ms)
[2026-07-29T05:16:13.938Z] [INFO] → GET /api/analytics/advanced/profile
[2026-07-29T05:16:13.940Z] [INFO] ← GET /profile 200 (3ms)
[2026-07-29T05:16:13.941Z] [INFO] → GET /api/analytics/advanced/recommendations
[2026-07-29T05:16:13.943Z] [INFO] ← GET /recommendations 200 (2ms)
[2026-07-29T05:16:14.576Z] [INFO] → GET /api/admin/overview
[2026-07-29T05:16:14.578Z] [INFO] ← GET /overview 200 (2ms)
[2026-07-29T05:16:15.191Z] [INFO] → GET /api/rag/docs
[2026-07-29T05:16:15.192Z] [INFO] ← GET /docs 304 (1ms)
[2026-07-29T05:16:15.193Z] [INFO] → GET /api/history
[2026-07-29T05:16:15.194Z] [INFO] ← GET / 200 (1ms)
[2026-07-29T05:16:15.798Z] [INFO] → GET /api/history
[2026-07-29T05:16:15.800Z] [INFO] ← GET / 200 (1ms)
[2026-07-29T05:16:17.005Z] [INFO] → GET /api/progress
[2026-07-29T05:16:17.006Z] [INFO] ← GET / 304 (1ms)
[2026-07-29T05:16:17.006Z] [INFO] → GET /api/projects
[2026-07-29T05:16:17.007Z] [INFO] ← GET / 304 (1ms)
[2026-07-29T05:16:17.008Z] [INFO] → GET /api/providers
[2026-07-29T05:16:17.010Z] [INFO] ← GET / 304 (3ms)
[2026-07-29T05:16:17.011Z] [INFO] → GET /api/analytics
[2026-07-29T05:16:17.012Z] [INFO] ← GET / 304 (1ms)
[2026-07-29T05:16:18.609Z] [INFO] → GET /api/progress
[2026-07-29T05:16:18.610Z] [INFO] ← GET / 304 (2ms)
[2026-07-29T05:16:18.611Z] [INFO] → GET /api/projects
[2026-07-29T05:16:18.611Z] [INFO] ← GET / 304 (1ms)
[2026-07-29T05:16:18.612Z] [INFO] → GET /api/providers
[2026-07-29T05:16:18.614Z] [INFO] ← GET / 304 (2ms)
[2026-07-29T05:16:18.615Z] [INFO] → GET /api/analytics
[2026-07-29T05:16:18.616Z] [INFO] ← GET / 304 (1ms)
[2026-07-29T05:16:19.658Z] [INFO] → GET /api/progress
[2026-07-29T05:16:19.660Z] [INFO] ← GET / 304 (2ms)
[2026-07-29T05:16:19.661Z] [INFO] → GET /api/projects
[2026-07-29T05:16:19.662Z] [INFO] ← GET / 304 (1ms)
[2026-07-29T05:16:19.663Z] [INFO] → GET /api/providers
[2026-07-29T05:16:19.665Z] [INFO] ← GET / 304 (1ms)
[2026-07-29T05:16:19.665Z] [INFO] → GET /api/analytics
[2026-07-29T05:16:19.667Z] [INFO] ← GET / 304 (1ms)
[2026-07-29T05:16:20.876Z] [INFO] → GET /api/rag/docs
[2026-07-29T05:16:20.877Z] [INFO] ← GET /docs 200 (1ms)
[2026-07-29T05:17:04.266Z] [INFO] → GET /api/rag/docs
[2026-07-29T05:17:04.268Z] [INFO] ← GET /docs 304 (2ms)
[2026-07-29T05:17:04.271Z] [INFO] → GET /api/history
[2026-07-29T05:17:04.273Z] [INFO] ← GET / 200 (3ms)
[2026-07-29T05:17:08.629Z] [INFO] → POST /api/history/draft
[2026-07-29T05:17:08.635Z] [INFO] ← POST /draft 200 (6ms)
[2026-07-29T05:17:08.656Z] [INFO] → GET /api/history/d7910b89-e80b-4fe8-89cc-3b8ce55d4172
[2026-07-29T05:17:08.658Z] [INFO] ← GET /d7910b89-e80b-4fe8-89cc-3b8ce55d4172 200 (2ms)
[2026-07-29T05:17:08.666Z] [INFO] → POST /api/study/notes
[2026-07-29T05:17:09.103Z] [WARN] Provider "Groq" does not support embeddings (404); using the local embedding model instead.
[2026-07-29T05:17:09.104Z] [INFO] Loading local embedding model (Xenova/all-MiniLM-L6-v2)…
[2026-07-29T05:17:09.376Z] [INFO] Local embedding model ready
[2026-07-29T05:17:10.667Z] [INFO] → GET /api/history/d7910b89-e80b-4fe8-89cc-3b8ce55d4172
[2026-07-29T05:17:10.669Z] [INFO] ← GET /d7910b89-e80b-4fe8-89cc-3b8ce55d4172 304 (2ms)
[2026-07-29T05:17:11.667Z] [ACTION] [ACTION] generation.complete | {"draftId":"d7910b89-e80b-4fe8-89cc-3b8ce55d4172","type":"notes","subType":"short-notes"}
[2026-07-29T05:17:11.668Z] [INFO] ← POST /notes 200 (3003ms)
[2026-07-29T05:17:11.674Z] [INFO] → GET /api/history/d7910b89-e80b-4fe8-89cc-3b8ce55d4172
[2026-07-29T05:17:11.675Z] [INFO] ← GET /d7910b89-e80b-4fe8-89cc-3b8ce55d4172 200 (2ms)
[2026-07-29T05:17:29.404Z] [INFO] → GET /api/rag/docs
[2026-07-29T05:17:29.405Z] [INFO] ← GET /docs 304 (2ms)
[2026-07-29T05:17:29.407Z] [INFO] → GET /api/history
[2026-07-29T05:17:29.410Z] [INFO] ← GET / 200 (2ms)
[2026-07-29T05:17:46.969Z] [INFO] → POST /api/history/draft
[2026-07-29T05:17:46.975Z] [INFO] ← POST /draft 200 (6ms)
[2026-07-29T05:17:47.006Z] [INFO] → GET /api/history/217ddd1c-87d4-4e41-b354-91cfb25757f1
[2026-07-29T05:17:47.007Z] [INFO] ← GET /217ddd1c-87d4-4e41-b354-91cfb25757f1 200 (1ms)
[2026-07-29T05:17:47.013Z] [INFO] → POST /api/study/notes
[2026-07-29T05:17:47.457Z] [WARN] Provider "Groq" key "dark" hit 429 → cooldown 800ms, failing over to next key
[2026-07-29T05:17:49.016Z] [INFO] → GET /api/history/217ddd1c-87d4-4e41-b354-91cfb25757f1
[2026-07-29T05:17:49.017Z] [INFO] ← GET /217ddd1c-87d4-4e41-b354-91cfb25757f1 304 (1ms)
[2026-07-29T05:17:51.029Z] [INFO] → GET /api/history/217ddd1c-87d4-4e41-b354-91cfb25757f1
[2026-07-29T05:17:51.030Z] [INFO] ← GET /217ddd1c-87d4-4e41-b354-91cfb25757f1 304 (1ms)
[2026-07-29T05:17:52.631Z] [ACTION] [ACTION] generation.complete | {"draftId":"217ddd1c-87d4-4e41-b354-91cfb25757f1","type":"notes","subType":"5-mark"}
[2026-07-29T05:17:52.632Z] [INFO] ← POST /notes 200 (5619ms)
[2026-07-29T05:17:52.639Z] [INFO] → GET /api/history/217ddd1c-87d4-4e41-b354-91cfb25757f1
[2026-07-29T05:17:52.641Z] [INFO] ← GET /217ddd1c-87d4-4e41-b354-91cfb25757f1 200 (1ms)
[2026-07-29T05:17:59.671Z] [INFO] StudyForge server listening on http://localhost:5174
[2026-07-29T05:17:59.671Z] [INFO] API mounted at /api   (frontend dev proxy → :5173)
[2026-07-29T05:18:00.397Z] [INFO] → GET /api/rag/docs
[2026-07-29T05:18:00.640Z] [INFO] ← GET /docs 304 (242ms)
[2026-07-29T05:18:00.643Z] [INFO] → GET /api/history
[2026-07-29T05:18:00.646Z] [INFO] ← GET / 200 (3ms)
[2026-07-29T05:18:06.236Z] [INFO] StudyForge server listening on http://localhost:5174
[2026-07-29T05:18:06.237Z] [INFO] API mounted at /api   (frontend dev proxy → :5173)
[2026-07-29T05:18:06.426Z] [INFO] → GET /api/history/217ddd1c-87d4-4e41-b354-91cfb25757f1
[2026-07-29T05:18:06.433Z] [INFO] ← GET /217ddd1c-87d4-4e41-b354-91cfb25757f1 304 (7ms)
[2026-07-29T05:18:10.390Z] [INFO] StudyForge server listening on http://localhost:5174
[2026-07-29T05:18:10.391Z] [INFO] API mounted at /api   (frontend dev proxy → :5173)
[2026-07-29T05:18:12.005Z] [INFO] → GET /api/rag/docs
[2026-07-29T05:18:12.255Z] [INFO] ← GET /docs 304 (251ms)
[2026-07-29T05:18:12.258Z] [INFO] → GET /api/history
[2026-07-29T05:18:12.260Z] [INFO] ← GET / 304 (2ms)
[2026-07-29T05:18:15.498Z] [INFO] StudyForge server listening on http://localhost:5174
[2026-07-29T05:18:15.499Z] [INFO] API mounted at /api   (frontend dev proxy → :5173)
[2026-07-29T05:18:20.838Z] [INFO] StudyForge server listening on http://localhost:5174
[2026-07-29T05:18:20.839Z] [INFO] API mounted at /api   (frontend dev proxy → :5173)
[2026-07-29T05:18:25.619Z] [INFO] StudyForge server listening on http://localhost:5174
[2026-07-29T05:18:25.619Z] [INFO] API mounted at /api   (frontend dev proxy → :5173)
[2026-07-29T05:18:31.453Z] [INFO] StudyForge server listening on http://localhost:5174
[2026-07-29T05:18:31.455Z] [INFO] API mounted at /api   (frontend dev proxy → :5173)
[2026-07-29T05:18:35.813Z] [INFO] StudyForge server listening on http://localhost:5174
[2026-07-29T05:18:35.813Z] [INFO] API mounted at /api   (frontend dev proxy → :5173)
[2026-07-29T05:18:45.386Z] [INFO] → GET /api/rag/docs
[2026-07-29T05:18:45.828Z] [INFO] ← GET /docs 304 (441ms)
[2026-07-29T05:18:45.833Z] [INFO] → GET /api/history
[2026-07-29T05:18:45.837Z] [INFO] ← GET / 304 (4ms)
[2026-07-29T05:19:17.080Z] [INFO] StudyForge server listening on http://localhost:5174
[2026-07-29T05:19:17.081Z] [INFO] API mounted at /api   (frontend dev proxy → :5173)
[2026-07-29T05:19:39.461Z] [INFO] StudyForge server listening on http://localhost:5174
[2026-07-29T05:19:39.462Z] [INFO] API mounted at /api   (frontend dev proxy → :5173)
[2026-07-29T05:19:55.914Z] [INFO] → GET /api/health
[2026-07-29T05:19:55.917Z] [INFO] ← GET /api/health 200 (4ms)
[2026-07-29T05:19:55.928Z] [INFO] → GET /api/providers
[2026-07-29T05:19:55.931Z] [INFO] ← GET / 200 (3ms)
[2026-07-29T05:19:55.935Z] [INFO] → GET /api/projects
[2026-07-29T05:19:55.936Z] [INFO] ← GET / 200 (1ms)
[2026-07-29T05:19:55.937Z] [INFO] → GET /api/settings
[2026-07-29T05:19:55.938Z] [INFO] ← GET / 200 (2ms)
[2026-07-29T05:19:55.951Z] [INFO] → GET /api/rag/docs
[2026-07-29T05:19:56.326Z] [INFO] ← GET /docs 200 (375ms)
[2026-07-29T05:19:56.340Z] [INFO] → GET /api/rag/stats
[2026-07-29T05:19:56.367Z] [INFO] FAISS index loaded (5146 vectors)
[2026-07-29T05:19:56.368Z] [INFO] ← GET /stats 200 (29ms)
[2026-07-29T05:19:56.386Z] [INFO] → GET /api/chat/sessions
[2026-07-29T05:19:56.389Z] [INFO] ← GET /sessions 200 (3ms)
[2026-07-29T05:19:56.401Z] [INFO] → GET /api/progress
[2026-07-29T05:19:56.404Z] [INFO] ← GET / 200 (2ms)
[2026-07-29T05:19:56.416Z] [INFO] → GET /api/analytics
[2026-07-29T05:19:56.419Z] [INFO] ← GET / 200 (3ms)
[2026-07-29T05:19:56.432Z] [INFO] → GET /api/admin/overview
[2026-07-29T05:19:56.435Z] [INFO] ← GET /overview 200 (2ms)
[2026-07-29T05:19:56.447Z] [INFO] → GET /api/history
[2026-07-29T05:19:56.451Z] [INFO] ← GET / 200 (4ms)
[2026-07-29T05:19:56.462Z] [INFO] → GET /api/voice/status
[2026-07-29T05:19:56.463Z] [INFO] ← GET /status 200 (2ms)
[2026-07-29T05:19:57.207Z] [INFO] → GET /api/progress
[2026-07-29T05:19:57.209Z] [INFO] ← GET / 200 (2ms)
[2026-07-29T05:19:57.211Z] [INFO] → GET /api/projects
[2026-07-29T05:19:57.212Z] [INFO] ← GET / 200 (1ms)
[2026-07-29T05:19:57.213Z] [INFO] → GET /api/providers
[2026-07-29T05:19:57.216Z] [INFO] ← GET / 200 (2ms)
[2026-07-29T05:19:57.217Z] [INFO] → GET /api/analytics
[2026-07-29T05:19:57.219Z] [INFO] ← GET / 200 (2ms)
[2026-07-29T05:19:57.893Z] [INFO] → GET /api/providers
[2026-07-29T05:19:57.895Z] [INFO] ← GET / 304 (2ms)
[2026-07-29T05:19:57.896Z] [INFO] → GET /api/projects
[2026-07-29T05:19:57.897Z] [INFO] ← GET / 304 (2ms)
[2026-07-29T05:19:58.555Z] [INFO] → GET /api/rag/docs
[2026-07-29T05:19:58.557Z] [INFO] ← GET /docs 200 (1ms)
[2026-07-29T05:19:58.558Z] [INFO] → GET /api/rag/folders
[2026-07-29T05:19:58.560Z] [INFO] ← GET /folders 200 (2ms)
[2026-07-29T05:19:58.561Z] [INFO] → GET /api/rag/staged
[2026-07-29T05:19:58.562Z] [INFO] ← GET /staged 200 (2ms)
[2026-07-29T05:19:58.563Z] [INFO] → GET /api/rag/folders/paths
[2026-07-29T05:19:58.565Z] [INFO] ← GET /folders/paths 200 (1ms)
[2026-07-29T05:19:59.172Z] [INFO] → GET /api/rag/docs
[2026-07-29T05:19:59.173Z] [INFO] ← GET /docs 200 (1ms)
[2026-07-29T05:19:59.774Z] [INFO] → GET /api/settings
[2026-07-29T05:19:59.775Z] [INFO] ← GET / 200 (1ms)
[2026-07-29T05:19:59.776Z] [INFO] → GET /api/providers
[2026-07-29T05:19:59.778Z] [INFO] ← GET / 304 (2ms)
[2026-07-29T05:20:00.376Z] [INFO] → GET /api/analytics/advanced
[2026-07-29T05:20:00.379Z] [INFO] ← GET / 200 (3ms)
[2026-07-29T05:20:00.380Z] [INFO] → GET /api/analytics/advanced/profile
[2026-07-29T05:20:00.382Z] [INFO] ← GET /profile 200 (1ms)
[2026-07-29T05:20:00.383Z] [INFO] → GET /api/analytics/advanced/recommendations
[2026-07-29T05:20:00.385Z] [INFO] ← GET /recommendations 200 (2ms)
[2026-07-29T05:20:01.017Z] [INFO] → GET /api/admin/overview
[2026-07-29T05:20:01.018Z] [INFO] ← GET /overview 200 (2ms)
[2026-07-29T05:20:01.623Z] [INFO] → GET /api/rag/docs
[2026-07-29T05:20:01.624Z] [INFO] ← GET /docs 304 (0ms)
[2026-07-29T05:20:01.625Z] [INFO] → GET /api/history
[2026-07-29T05:20:01.628Z] [INFO] ← GET / 200 (3ms)
[2026-07-29T05:20:02.238Z] [INFO] → GET /api/history
[2026-07-29T05:20:02.240Z] [INFO] ← GET / 200 (1ms)
[2026-07-29T05:20:03.439Z] [INFO] → GET /api/progress
[2026-07-29T05:20:03.440Z] [INFO] ← GET / 304 (1ms)
[2026-07-29T05:20:03.440Z] [INFO] → GET /api/providers
[2026-07-29T05:20:03.442Z] [INFO] ← GET / 304 (2ms)
[2026-07-29T05:20:03.443Z] [INFO] → GET /api/projects
[2026-07-29T05:20:03.444Z] [INFO] ← GET / 304 (1ms)
[2026-07-29T05:20:03.444Z] [INFO] → GET /api/analytics
[2026-07-29T05:20:03.445Z] [INFO] ← GET / 304 (1ms)
[2026-07-29T05:20:05.054Z] [INFO] → GET /api/progress
[2026-07-29T05:20:05.055Z] [INFO] ← GET / 304 (1ms)
[2026-07-29T05:20:05.056Z] [INFO] → GET /api/projects
[2026-07-29T05:20:05.057Z] [INFO] ← GET / 304 (2ms)
[2026-07-29T05:20:05.058Z] [INFO] → GET /api/providers
[2026-07-29T05:20:05.060Z] [INFO] ← GET / 304 (1ms)
[2026-07-29T05:20:05.060Z] [INFO] → GET /api/analytics
[2026-07-29T05:20:05.061Z] [INFO] ← GET / 304 (1ms)
[2026-07-29T05:20:06.100Z] [INFO] → GET /api/progress
[2026-07-29T05:20:06.101Z] [INFO] ← GET / 304 (1ms)
[2026-07-29T05:20:06.101Z] [INFO] → GET /api/projects
[2026-07-29T05:20:06.102Z] [INFO] ← GET / 304 (1ms)
[2026-07-29T05:20:06.102Z] [INFO] → GET /api/providers
[2026-07-29T05:20:06.104Z] [INFO] ← GET / 304 (2ms)
[2026-07-29T05:20:06.105Z] [INFO] → GET /api/analytics
[2026-07-29T05:20:06.107Z] [INFO] ← GET / 304 (1ms)
[2026-07-29T05:20:06.875Z] [INFO] → GET /api/rag/docs
[2026-07-29T05:20:06.876Z] [INFO] ← GET /docs 200 (2ms)
[2026-07-29T05:23:05.617Z] [INFO] → POST /api/history/draft
[2026-07-29T05:23:05.622Z] [INFO] ← POST /draft 200 (5ms)
[2026-07-29T05:23:05.642Z] [INFO] → GET /api/history/12a40114-a50d-437a-958a-d7847a85f2db
[2026-07-29T05:23:05.644Z] [INFO] ← GET /12a40114-a50d-437a-958a-d7847a85f2db 200 (2ms)
[2026-07-29T05:23:05.650Z] [INFO] → POST /api/study/notes
[2026-07-29T05:23:06.097Z] [WARN] Provider "Groq" does not support embeddings (404); using the local embedding model instead.
[2026-07-29T05:23:06.098Z] [INFO] Loading local embedding model (Xenova/all-MiniLM-L6-v2)…
[2026-07-29T05:23:06.385Z] [INFO] Local embedding model ready
[2026-07-29T05:23:06.950Z] [WARN] Provider "Groq" key "dark" hit 429 → cooldown 800ms, failing over to next key
[2026-07-29T05:23:07.652Z] [INFO] → GET /api/history/12a40114-a50d-437a-958a-d7847a85f2db
[2026-07-29T05:23:07.653Z] [INFO] ← GET /12a40114-a50d-437a-958a-d7847a85f2db 304 (1ms)
[2026-07-29T05:23:09.660Z] [INFO] → GET /api/history/12a40114-a50d-437a-958a-d7847a85f2db
[2026-07-29T05:23:09.661Z] [INFO] ← GET /12a40114-a50d-437a-958a-d7847a85f2db 304 (2ms)
[2026-07-29T05:23:11.673Z] [INFO] → GET /api/history/12a40114-a50d-437a-958a-d7847a85f2db
[2026-07-29T05:23:11.674Z] [INFO] ← GET /12a40114-a50d-437a-958a-d7847a85f2db 304 (2ms)
[2026-07-29T05:23:13.013Z] [ACTION] [ACTION] generation.complete | {"draftId":"12a40114-a50d-437a-958a-d7847a85f2db","type":"notes","subType":"exam-notes"}
[2026-07-29T05:23:13.014Z] [INFO] ← POST /notes 200 (7365ms)
[2026-07-29T05:23:13.019Z] [INFO] → GET /api/history/12a40114-a50d-437a-958a-d7847a85f2db
[2026-07-29T05:23:13.021Z] [INFO] ← GET /12a40114-a50d-437a-958a-d7847a85f2db 200 (1ms)
[2026-07-29T05:23:48.799Z] [INFO] → GET /api/rag/docs
[2026-07-29T05:23:48.800Z] [INFO] ← GET /docs 304 (1ms)
[2026-07-29T05:23:48.804Z] [INFO] → GET /api/history
[2026-07-29T05:23:48.806Z] [INFO] ← GET / 200 (2ms)
[2026-07-29T05:23:53.992Z] [INFO] StudyForge server listening on http://localhost:5174
[2026-07-29T05:23:53.993Z] [INFO] API mounted at /api   (frontend dev proxy → :5173)
[2026-07-29T05:24:00.779Z] [INFO] StudyForge server listening on http://localhost:5174
[2026-07-29T05:24:00.779Z] [INFO] API mounted at /api   (frontend dev proxy → :5173)
[2026-07-29T05:24:05.714Z] [INFO] StudyForge server listening on http://localhost:5174
[2026-07-29T05:24:05.714Z] [INFO] API mounted at /api   (frontend dev proxy → :5173)
[2026-07-29T05:24:09.311Z] [INFO] → POST /api/history/draft
[2026-07-29T05:24:09.323Z] [INFO] ← POST /draft 200 (11ms)
[2026-07-29T05:24:09.338Z] [INFO] → GET /api/history/a5516b90-c2ee-42dd-9eda-8e598dc69592
[2026-07-29T05:24:09.341Z] [INFO] ← GET /a5516b90-c2ee-42dd-9eda-8e598dc69592 200 (2ms)
[2026-07-29T05:24:09.349Z] [INFO] → POST /api/study/notes
[2026-07-29T05:24:09.681Z] [WARN] Provider "Groq" does not support embeddings (404); using the local embedding model instead.
[2026-07-29T05:24:09.682Z] [INFO] Loading local embedding model (Xenova/all-MiniLM-L6-v2)…
[2026-07-29T05:24:09.888Z] [INFO] Local embedding model ready
[2026-07-29T05:24:09.926Z] [INFO] FAISS index loaded (5146 vectors)
[2026-07-29T05:24:10.900Z] [WARN] Provider "Groq" key "dark" hit 429 → cooldown 800ms, failing over to next key
[2026-07-29T05:24:11.349Z] [INFO] → GET /api/history/a5516b90-c2ee-42dd-9eda-8e598dc69592
[2026-07-29T05:24:11.351Z] [INFO] ← GET /a5516b90-c2ee-42dd-9eda-8e598dc69592 304 (1ms)
[2026-07-29T05:24:14.159Z] [INFO] StudyForge server listening on http://localhost:5174
[2026-07-29T05:24:14.160Z] [INFO] API mounted at /api   (frontend dev proxy → :5173)
[2026-07-29T05:24:14.368Z] [INFO] → GET /api/history/a5516b90-c2ee-42dd-9eda-8e598dc69592
[2026-07-29T05:24:14.373Z] [INFO] ← GET /a5516b90-c2ee-42dd-9eda-8e598dc69592 200 (5ms)
[2026-07-29T05:24:16.379Z] [INFO] → GET /api/history/a5516b90-c2ee-42dd-9eda-8e598dc69592
[2026-07-29T05:24:16.380Z] [INFO] ← GET /a5516b90-c2ee-42dd-9eda-8e598dc69592 304 (2ms)
[2026-07-29T05:24:18.613Z] [INFO] StudyForge server listening on http://localhost:5174
[2026-07-29T05:24:18.614Z] [INFO] API mounted at /api   (frontend dev proxy → :5173)
[2026-07-29T05:24:19.402Z] [INFO] → GET /api/history/a5516b90-c2ee-42dd-9eda-8e598dc69592
[2026-07-29T05:24:19.407Z] [INFO] ← GET /a5516b90-c2ee-42dd-9eda-8e598dc69592 200 (6ms)
[2026-07-29T05:24:21.414Z] [INFO] → GET /api/history/a5516b90-c2ee-42dd-9eda-8e598dc69592
[2026-07-29T05:24:21.416Z] [INFO] ← GET /a5516b90-c2ee-42dd-9eda-8e598dc69592 304 (3ms)
[2026-07-29T05:24:22.814Z] [INFO] → GET /api/history/a5516b90-c2ee-42dd-9eda-8e598dc69592
[2026-07-29T05:24:22.816Z] [INFO] ← GET /a5516b90-c2ee-42dd-9eda-8e598dc69592 304 (1ms)
[2026-07-29T05:24:22.835Z] [INFO] → POST /api/study/notes
[2026-07-29T05:24:23.204Z] [WARN] Provider "Groq" does not support embeddings (404); using the local embedding model instead.
[2026-07-29T05:24:23.205Z] [INFO] Loading local embedding model (Xenova/all-MiniLM-L6-v2)…
[2026-07-29T05:24:23.393Z] [INFO] Local embedding model ready
[2026-07-29T05:24:23.419Z] [INFO] FAISS index loaded (5146 vectors)
[2026-07-29T05:24:24.285Z] [WARN] Provider "Groq" key "dark" hit 429 → cooldown 800ms, failing over to next key
[2026-07-29T05:24:29.936Z] [INFO] → PUT /api/settings
[2026-07-29T05:24:29.940Z] [INFO] ← PUT / 200 (4ms)
[2026-07-29T05:24:29.942Z] [INFO] → GET /api/settings
[2026-07-29T05:24:29.944Z] [INFO] ← GET / 200 (2ms)
[2026-07-29T05:24:30.834Z] [ACTION] [ACTION] generation.complete | {"draftId":"a5516b90-c2ee-42dd-9eda-8e598dc69592","type":"notes","subType":"one-page"}
[2026-07-29T05:24:30.835Z] [INFO] ← POST /notes 200 (8001ms)
[2026-07-29T05:24:30.841Z] [INFO] → GET /api/history/a5516b90-c2ee-42dd-9eda-8e598dc69592
[2026-07-29T05:24:30.842Z] [INFO] ← GET /a5516b90-c2ee-42dd-9eda-8e598dc69592 200 (1ms)
[2026-07-29T05:24:32.594Z] [INFO] → GET /api/providers
[2026-07-29T05:24:32.600Z] [INFO] ← GET / 200 (6ms)
[2026-07-29T05:24:32.603Z] [INFO] → GET /api/projects
[2026-07-29T05:24:32.606Z] [INFO] ← GET / 304 (3ms)
[2026-07-29T05:24:33.396Z] [INFO] → GET /api/settings
[2026-07-29T05:24:33.398Z] [INFO] ← GET / 304 (2ms)
[2026-07-29T05:24:33.400Z] [INFO] → GET /api/providers
[2026-07-29T05:24:33.403Z] [INFO] ← GET / 304 (4ms)
[2026-07-29T05:24:35.312Z] [INFO] → GET /api/history/a5516b90-c2ee-42dd-9eda-8e598dc69592
[2026-07-29T05:24:35.314Z] [INFO] ← GET /a5516b90-c2ee-42dd-9eda-8e598dc69592 304 (2ms)
[2026-07-29T05:24:38.324Z] [INFO] → GET /advanced
[2026-07-29T05:24:38.331Z] [INFO] ← GET /advanced 200 (7ms)
[2026-07-29T05:24:38.353Z] [INFO] → GET /assets/index-D33G45Y0.js
[2026-07-29T05:24:38.358Z] [INFO] ← GET /assets/index-D33G45Y0.js 304 (5ms)
[2026-07-29T05:24:38.359Z] [INFO] → GET /assets/index-DBG2xn5d.css
[2026-07-29T05:24:38.361Z] [INFO] ← GET /assets/index-DBG2xn5d.css 304 (2ms)
[2026-07-29T05:24:38.451Z] [INFO] → GET /api/settings
[2026-07-29T05:24:38.453Z] [INFO] ← GET / 304 (2ms)
[2026-07-29T05:24:38.454Z] [INFO] → GET /api/providers
[2026-07-29T05:24:38.457Z] [INFO] ← GET / 304 (3ms)
[2026-07-29T05:24:38.506Z] [INFO] → GET /advanced
[2026-07-29T05:24:38.508Z] [INFO] ← GET /advanced 304 (2ms)
[2026-07-29T05:24:38.528Z] [INFO] → GET /assets/index-D33G45Y0.js
[2026-07-29T05:24:38.529Z] [INFO] → GET /assets/index-DBG2xn5d.css
[2026-07-29T05:24:38.531Z] [INFO] ← GET /assets/index-D33G45Y0.js 304 (3ms)
[2026-07-29T05:24:38.533Z] [INFO] ← GET /assets/index-DBG2xn5d.css 304 (3ms)
[2026-07-29T05:24:38.585Z] [INFO] → GET /api/settings
[2026-07-29T05:24:38.587Z] [INFO] ← GET / 304 (2ms)
[2026-07-29T05:24:38.589Z] [INFO] → GET /api/providers
[2026-07-29T05:24:38.592Z] [INFO] ← GET / 304 (3ms)
[2026-07-29T05:24:38.654Z] [INFO] → GET /advanced
[2026-07-29T05:24:38.656Z] [INFO] ← GET /advanced 304 (2ms)
[2026-07-29T05:24:38.673Z] [INFO] → GET /assets/index-D33G45Y0.js
[2026-07-29T05:24:38.675Z] [INFO] → GET /assets/index-DBG2xn5d.css
[2026-07-29T05:24:38.676Z] [INFO] ← GET /assets/index-D33G45Y0.js 304 (4ms)
[2026-07-29T05:24:38.678Z] [INFO] ← GET /assets/index-DBG2xn5d.css 304 (3ms)
[2026-07-29T05:24:38.693Z] [INFO] → GET /api/settings
[2026-07-29T05:24:38.695Z] [INFO] ← GET / 304 (2ms)
[2026-07-29T05:24:38.696Z] [INFO] → GET /api/providers
[2026-07-29T05:24:38.700Z] [INFO] ← GET / 304 (4ms)
[2026-07-29T05:24:38.836Z] [INFO] → GET /advanced
[2026-07-29T05:24:38.838Z] [INFO] ← GET /advanced 304 (2ms)
[2026-07-29T05:24:38.857Z] [INFO] → GET /assets/index-DBG2xn5d.css
[2026-07-29T05:24:38.858Z] [INFO] → GET /assets/index-D33G45Y0.js
[2026-07-29T05:24:38.860Z] [INFO] ← GET /assets/index-DBG2xn5d.css 304 (3ms)
[2026-07-29T05:24:38.862Z] [INFO] ← GET /assets/index-D33G45Y0.js 304 (3ms)
[2026-07-29T05:24:38.913Z] [INFO] → GET /api/settings
[2026-07-29T05:24:38.915Z] [INFO] ← GET / 304 (2ms)
[2026-07-29T05:24:38.917Z] [INFO] → GET /api/providers
[2026-07-29T05:24:38.921Z] [INFO] ← GET / 304 (4ms)
[2026-07-29T05:24:40.297Z] [INFO] → GET /api/history/a5516b90-c2ee-42dd-9eda-8e598dc69592
[2026-07-29T05:24:40.299Z] [INFO] ← GET /a5516b90-c2ee-42dd-9eda-8e598dc69592 304 (2ms)
[2026-07-29T05:24:45.732Z] [INFO] → GET /advanced
[2026-07-29T05:24:45.734Z] [INFO] ← GET /advanced 304 (2ms)
[2026-07-29T05:24:45.785Z] [INFO] → GET /assets/index-D33G45Y0.js
[2026-07-29T05:24:45.786Z] [INFO] ← GET /assets/index-D33G45Y0.js 304 (2ms)
[2026-07-29T05:24:45.792Z] [INFO] → GET /assets/index-DBG2xn5d.css
[2026-07-29T05:24:45.794Z] [INFO] ← GET /assets/index-DBG2xn5d.css 304 (2ms)
[2026-07-29T05:24:45.908Z] [INFO] → GET /api/settings
[2026-07-29T05:24:45.909Z] [INFO] ← GET / 304 (2ms)
[2026-07-29T05:24:45.910Z] [INFO] → GET /api/providers
[2026-07-29T05:24:45.914Z] [INFO] ← GET / 304 (3ms)
[2026-07-29T05:24:47.269Z] [INFO] → GET /api/providers
[2026-07-29T05:24:47.273Z] [INFO] ← GET / 304 (4ms)
[2026-07-29T05:24:47.274Z] [INFO] → GET /api/projects
[2026-07-29T05:24:47.275Z] [INFO] ← GET / 304 (2ms)
[2026-07-29T05:24:47.296Z] [INFO] → GET /api/history/a5516b90-c2ee-42dd-9eda-8e598dc69592
[2026-07-29T05:24:47.298Z] [INFO] ← GET /a5516b90-c2ee-42dd-9eda-8e598dc69592 304 (2ms)
[2026-07-29T05:24:48.548Z] [INFO] → GET /api/settings
[2026-07-29T05:24:48.551Z] [INFO] ← GET / 304 (3ms)
[2026-07-29T05:24:48.552Z] [INFO] → GET /api/providers
[2026-07-29T05:24:48.556Z] [INFO] ← GET / 304 (4ms)
[2026-07-29T05:24:56.942Z] [INFO] → GET /api/providers
[2026-07-29T05:24:56.948Z] [INFO] ← GET / 200 (6ms)
[2026-07-29T05:24:56.950Z] [INFO] → GET /api/projects
[2026-07-29T05:24:56.952Z] [INFO] ← GET / 304 (2ms)
[2026-07-29T05:24:57.435Z] [INFO] → GET /api/settings
[2026-07-29T05:24:57.437Z] [INFO] ← GET / 200 (2ms)
[2026-07-29T05:24:57.439Z] [INFO] → GET /api/providers
[2026-07-29T05:24:57.443Z] [INFO] ← GET / 304 (3ms)
[2026-07-29T05:25:26.455Z] [INFO] → GET /api/health
[2026-07-29T05:25:26.457Z] [INFO] ← GET /api/health 200 (2ms)
[2026-07-29T05:25:26.469Z] [INFO] → GET /api/providers
[2026-07-29T05:25:26.472Z] [INFO] ← GET / 200 (3ms)
[2026-07-29T05:25:26.481Z] [INFO] → GET /api/projects
[2026-07-29T05:25:26.482Z] [INFO] ← GET / 200 (1ms)
[2026-07-29T05:25:26.496Z] [INFO] → GET /api/settings
[2026-07-29T05:25:26.497Z] [INFO] ← GET / 200 (1ms)
[2026-07-29T05:25:26.511Z] [INFO] → GET /api/rag/docs
[2026-07-29T05:25:26.513Z] [INFO] ← GET /docs 200 (1ms)
[2026-07-29T05:25:26.518Z] [INFO] → GET /api/rag/stats
[2026-07-29T05:25:26.519Z] [INFO] ← GET /stats 200 (1ms)
[2026-07-29T05:25:26.527Z] [INFO] → GET /api/chat/sessions
[2026-07-29T05:25:26.529Z] [INFO] ← GET /sessions 200 (1ms)
[2026-07-29T05:25:26.542Z] [INFO] → GET /api/progress
[2026-07-29T05:25:26.544Z] [INFO] ← GET / 200 (2ms)
[2026-07-29T05:25:26.557Z] [INFO] → GET /api/analytics
[2026-07-29T05:25:26.559Z] [INFO] ← GET / 200 (2ms)
[2026-07-29T05:25:26.573Z] [INFO] → GET /api/admin/overview
[2026-07-29T05:25:26.575Z] [INFO] ← GET /overview 200 (2ms)
[2026-07-29T05:25:26.589Z] [INFO] → GET /api/history
[2026-07-29T05:25:26.590Z] [INFO] ← GET / 200 (2ms)
[2026-07-29T05:25:26.603Z] [INFO] → GET /api/voice/status
[2026-07-29T05:25:26.605Z] [INFO] ← GET /status 200 (1ms)
[2026-07-29T05:25:27.296Z] [INFO] → GET /api/progress
[2026-07-29T05:25:27.297Z] [INFO] ← GET / 200 (1ms)
[2026-07-29T05:25:27.298Z] [INFO] → GET /api/projects
[2026-07-29T05:25:27.299Z] [INFO] ← GET / 200 (1ms)
[2026-07-29T05:25:27.299Z] [INFO] → GET /api/providers
[2026-07-29T05:25:27.301Z] [INFO] ← GET / 200 (1ms)
[2026-07-29T05:25:27.301Z] [INFO] → GET /api/analytics
[2026-07-29T05:25:27.302Z] [INFO] ← GET / 200 (1ms)
[2026-07-29T05:25:27.960Z] [INFO] → GET /api/providers
[2026-07-29T05:25:27.962Z] [INFO] ← GET / 304 (2ms)
[2026-07-29T05:25:27.963Z] [INFO] → GET /api/projects
[2026-07-29T05:25:27.964Z] [INFO] ← GET / 304 (1ms)
[2026-07-29T05:25:28.618Z] [INFO] → GET /api/rag/docs
[2026-07-29T05:25:28.620Z] [INFO] ← GET /docs 200 (1ms)
[2026-07-29T05:25:28.621Z] [INFO] → GET /api/rag/staged
[2026-07-29T05:25:28.622Z] [INFO] ← GET /staged 200 (1ms)
[2026-07-29T05:25:28.622Z] [INFO] → GET /api/rag/folders
[2026-07-29T05:25:28.624Z] [INFO] ← GET /folders 200 (2ms)
[2026-07-29T05:25:28.625Z] [INFO] → GET /api/rag/folders/paths
[2026-07-29T05:25:28.627Z] [INFO] ← GET /folders/paths 200 (1ms)
[2026-07-29T05:25:29.241Z] [INFO] → GET /api/rag/docs
[2026-07-29T05:25:29.242Z] [INFO] ← GET /docs 200 (2ms)
[2026-07-29T05:25:29.838Z] [INFO] → GET /api/settings
[2026-07-29T05:25:29.840Z] [INFO] ← GET / 200 (3ms)
[2026-07-29T05:25:29.841Z] [INFO] → GET /api/providers
[2026-07-29T05:25:29.843Z] [INFO] ← GET / 304 (2ms)
[2026-07-29T05:25:30.444Z] [INFO] → GET /api/analytics/advanced
[2026-07-29T05:25:30.447Z] [INFO] ← GET / 200 (3ms)
[2026-07-29T05:25:30.448Z] [INFO] → GET /api/analytics/advanced/profile
[2026-07-29T05:25:30.449Z] [INFO] ← GET /profile 200 (1ms)
[2026-07-29T05:25:30.450Z] [INFO] → GET /api/analytics/advanced/recommendations
[2026-07-29T05:25:30.452Z] [INFO] ← GET /recommendations 200 (2ms)
[2026-07-29T05:25:31.072Z] [INFO] → GET /api/admin/overview
[2026-07-29T05:25:31.073Z] [INFO] ← GET /overview 200 (2ms)
[2026-07-29T05:25:31.676Z] [INFO] → GET /api/rag/docs
[2026-07-29T05:25:31.677Z] [INFO] ← GET /docs 304 (1ms)
[2026-07-29T05:25:31.678Z] [INFO] → GET /api/history
[2026-07-29T05:25:31.679Z] [INFO] ← GET / 200 (1ms)
[2026-07-29T05:25:32.290Z] [INFO] → GET /api/history
[2026-07-29T05:25:32.291Z] [INFO] ← GET / 200 (2ms)
[2026-07-29T05:25:33.483Z] [INFO] → GET /api/progress
[2026-07-29T05:25:33.484Z] [INFO] ← GET / 304 (2ms)
[2026-07-29T05:25:33.485Z] [INFO] → GET /api/projects
[2026-07-29T05:25:33.486Z] [INFO] ← GET / 304 (2ms)
[2026-07-29T05:25:33.487Z] [INFO] → GET /api/providers
[2026-07-29T05:25:33.489Z] [INFO] ← GET / 304 (2ms)
[2026-07-29T05:25:33.490Z] [INFO] → GET /api/analytics
[2026-07-29T05:25:33.491Z] [INFO] ← GET / 304 (1ms)
[2026-07-29T05:25:35.084Z] [INFO] → GET /api/progress
[2026-07-29T05:25:35.085Z] [INFO] ← GET / 304 (1ms)
[2026-07-29T05:25:35.086Z] [INFO] → GET /api/projects
[2026-07-29T05:25:35.087Z] [INFO] ← GET / 304 (1ms)
[2026-07-29T05:25:35.088Z] [INFO] → GET /api/providers
[2026-07-29T05:25:35.089Z] [INFO] ← GET / 304 (2ms)
[2026-07-29T05:25:35.090Z] [INFO] → GET /api/analytics
[2026-07-29T05:25:35.091Z] [INFO] ← GET / 304 (1ms)
[2026-07-29T05:25:36.090Z] [INFO] → GET /api/progress
[2026-07-29T05:25:36.091Z] [INFO] ← GET / 304 (1ms)
[2026-07-29T05:25:36.092Z] [INFO] → GET /api/projects
[2026-07-29T05:25:36.092Z] [INFO] ← GET / 304 (1ms)
[2026-07-29T05:25:36.093Z] [INFO] → GET /api/providers
[2026-07-29T05:25:36.094Z] [INFO] ← GET / 304 (1ms)
[2026-07-29T05:25:36.095Z] [INFO] → GET /api/analytics
[2026-07-29T05:25:36.096Z] [INFO] ← GET / 304 (1ms)
[2026-07-29T05:25:36.878Z] [INFO] → GET /api/rag/docs
[2026-07-29T05:25:36.879Z] [INFO] ← GET /docs 200 (1ms)
[2026-07-29T05:26:02.966Z] [INFO] → GET /api/rag/docs
[2026-07-29T05:26:02.967Z] [INFO] ← GET /docs 304 (1ms)
[2026-07-29T05:26:05.189Z] [INFO] → GET /api/rag/docs
[2026-07-29T05:26:05.190Z] [INFO] ← GET /docs 304 (2ms)
[2026-07-29T05:26:05.192Z] [INFO] → GET /api/history
[2026-07-29T05:26:05.194Z] [INFO] ← GET / 200 (2ms)
[2026-07-29T05:26:09.350Z] [INFO] → POST /api/history/draft
[2026-07-29T05:26:09.357Z] [INFO] ← POST /draft 200 (8ms)
[2026-07-29T05:26:09.375Z] [INFO] → GET /api/history/6737184e-8726-4df0-9db4-4c79eeb0cadc
[2026-07-29T05:26:09.377Z] [INFO] ← GET /6737184e-8726-4df0-9db4-4c79eeb0cadc 200 (1ms)
[2026-07-29T05:26:09.384Z] [INFO] → POST /api/study/notes
[2026-07-29T05:26:09.793Z] [WARN] Provider "Groq" key "dark" hit 429 → cooldown 800ms, failing over to next key
[2026-07-29T05:26:11.384Z] [INFO] → GET /api/history/6737184e-8726-4df0-9db4-4c79eeb0cadc
[2026-07-29T05:26:11.385Z] [INFO] ← GET /6737184e-8726-4df0-9db4-4c79eeb0cadc 304 (1ms)
[2026-07-29T05:26:13.397Z] [INFO] → GET /api/history/6737184e-8726-4df0-9db4-4c79eeb0cadc
[2026-07-29T05:26:13.398Z] [INFO] ← GET /6737184e-8726-4df0-9db4-4c79eeb0cadc 304 (2ms)
[2026-07-29T05:26:15.405Z] [INFO] → GET /api/history/6737184e-8726-4df0-9db4-4c79eeb0cadc
[2026-07-29T05:26:15.406Z] [INFO] ← GET /6737184e-8726-4df0-9db4-4c79eeb0cadc 304 (1ms)
[2026-07-29T05:26:16.007Z] [WARN] Provider "Groq" key "dark" hit 429 → cooldown 800ms, failing over to next key
[2026-07-29T05:26:17.418Z] [INFO] → GET /api/history/6737184e-8726-4df0-9db4-4c79eeb0cadc
[2026-07-29T05:26:17.420Z] [INFO] ← GET /6737184e-8726-4df0-9db4-4c79eeb0cadc 304 (2ms)
[2026-07-29T05:26:17.748Z] [ACTION] [ACTION] generation.complete | {"draftId":"6737184e-8726-4df0-9db4-4c79eeb0cadc","type":"notes","subType":"5-mark"}
[2026-07-29T05:26:17.749Z] [INFO] ← POST /notes 200 (8366ms)
[2026-07-29T05:26:17.755Z] [INFO] → GET /api/history/6737184e-8726-4df0-9db4-4c79eeb0cadc
[2026-07-29T05:26:17.755Z] [INFO] ← GET /6737184e-8726-4df0-9db4-4c79eeb0cadc 200 (1ms)
[2026-07-29T05:26:22.286Z] [INFO] → GET /api/history/6737184e-8726-4df0-9db4-4c79eeb0cadc
[2026-07-29T05:26:22.288Z] [INFO] ← GET /6737184e-8726-4df0-9db4-4c79eeb0cadc 304 (1ms)
[2026-07-29T05:26:34.830Z] [INFO] StudyForge server listening on http://localhost:5174
[2026-07-29T05:26:34.830Z] [INFO] API mounted at /api   (frontend dev proxy → :5173)
[2026-07-29T05:26:38.788Z] [INFO] → GET /api/history/6737184e-8726-4df0-9db4-4c79eeb0cadc
[2026-07-29T05:26:38.797Z] [INFO] ← GET /6737184e-8726-4df0-9db4-4c79eeb0cadc 200 (10ms)
[2026-07-29T05:27:26.864Z] [INFO] → GET /api/rag/docs
[2026-07-29T05:27:27.309Z] [INFO] ← GET /docs 304 (445ms)
[2026-07-29T05:27:27.312Z] [INFO] → GET /api/history
[2026-07-29T05:27:27.315Z] [INFO] ← GET / 200 (3ms)
[2026-07-29T05:27:29.787Z] [INFO] → GET /api/history/a5516b90-c2ee-42dd-9eda-8e598dc69592
[2026-07-29T05:27:29.788Z] [INFO] ← GET /a5516b90-c2ee-42dd-9eda-8e598dc69592 304 (2ms)
[2026-07-29T05:27:35.079Z] [INFO] → GET /api/rag/docs
[2026-07-29T05:27:35.081Z] [INFO] ← GET /docs 304 (2ms)
[2026-07-29T05:27:35.083Z] [INFO] → GET /api/history
[2026-07-29T05:27:35.085Z] [INFO] ← GET / 304 (1ms)
[2026-07-29T05:27:49.746Z] [INFO] StudyForge server listening on http://localhost:5174
[2026-07-29T05:27:49.746Z] [INFO] API mounted at /api   (frontend dev proxy → :5173)
[2026-07-29T05:27:56.089Z] [INFO] StudyForge server listening on http://localhost:5174
[2026-07-29T05:27:56.089Z] [INFO] API mounted at /api   (frontend dev proxy → :5173)
[2026-07-29T05:28:02.921Z] [INFO] StudyForge server listening on http://localhost:5174
[2026-07-29T05:28:02.921Z] [INFO] API mounted at /api   (frontend dev proxy → :5173)
[2026-07-29T05:28:10.766Z] [INFO] StudyForge server listening on http://localhost:5174
[2026-07-29T05:28:10.766Z] [INFO] API mounted at /api   (frontend dev proxy → :5173)
[2026-07-29T05:28:29.489Z] [INFO] StudyForge server listening on http://localhost:5174
[2026-07-29T05:28:29.490Z] [INFO] API mounted at /api   (frontend dev proxy → :5173)
[2026-07-29T05:28:39.109Z] [INFO] StudyForge server listening on http://localhost:5174
[2026-07-29T05:28:39.110Z] [INFO] API mounted at /api   (frontend dev proxy → :5173)
[2026-07-29T05:30:10.699Z] [INFO] StudyForge server listening on http://localhost:5174
[2026-07-29T05:30:10.700Z] [INFO] API mounted at /api   (frontend dev proxy → :5173)
[2026-07-29T05:31:19.014Z] [INFO] StudyForge server listening on http://localhost:5174
[2026-07-29T05:31:19.015Z] [INFO] API mounted at /api   (frontend dev proxy → :5173)
[2026-07-29T05:31:25.085Z] [INFO] StudyForge server listening on http://localhost:5174
[2026-07-29T05:31:25.085Z] [INFO] API mounted at /api   (frontend dev proxy → :5173)
[2026-07-29T05:31:34.672Z] [INFO] StudyForge server listening on http://localhost:5174
[2026-07-29T05:31:34.673Z] [INFO] API mounted at /api   (frontend dev proxy → :5173)
[2026-07-29T05:31:47.360Z] [INFO] StudyForge server listening on http://localhost:5174
[2026-07-29T05:31:47.361Z] [INFO] API mounted at /api   (frontend dev proxy → :5173)
[2026-07-29T05:32:01.495Z] [INFO] StudyForge server listening on http://localhost:5174
[2026-07-29T05:32:01.495Z] [INFO] API mounted at /api   (frontend dev proxy → :5173)
[2026-07-29T05:32:17.298Z] [INFO] → GET /api/rag/docs
[2026-07-29T05:32:17.885Z] [INFO] ← GET /docs 304 (586ms)
[2026-07-29T05:32:17.891Z] [INFO] → GET /api/history
[2026-07-29T05:32:17.897Z] [INFO] ← GET / 304 (5ms)
[2026-07-29T05:33:55.637Z] [INFO] StudyForge server listening on http://localhost:5174
[2026-07-29T05:33:55.638Z] [INFO] API mounted at /api   (frontend dev proxy → :5173)
[2026-07-29T05:34:10.491Z] [INFO] StudyForge server listening on http://localhost:5174
[2026-07-29T05:34:10.491Z] [INFO] API mounted at /api   (frontend dev proxy → :5173)
[2026-07-29T05:34:16.745Z] [INFO] StudyForge server listening on http://localhost:5174
[2026-07-29T05:34:16.746Z] [INFO] API mounted at /api   (frontend dev proxy → :5173)
[2026-07-29T05:34:34.536Z] [INFO] StudyForge server listening on http://localhost:5174
[2026-07-29T05:34:34.537Z] [INFO] API mounted at /api   (frontend dev proxy → :5173)
[2026-07-29T05:35:21.396Z] [INFO] StudyForge server listening on http://localhost:5174
[2026-07-29T05:35:21.396Z] [INFO] API mounted at /api   (frontend dev proxy → :5173)
[2026-07-29T05:36:02.505Z] [INFO] → GET /api/health
[2026-07-29T05:36:02.509Z] [INFO] ← GET /api/health 200 (4ms)
[2026-07-29T05:36:02.519Z] [INFO] → GET /api/providers
[2026-07-29T05:36:02.523Z] [INFO] ← GET / 200 (4ms)
[2026-07-29T05:36:02.538Z] [INFO] → GET /api/projects
[2026-07-29T05:36:02.540Z] [INFO] ← GET / 200 (3ms)
[2026-07-29T05:36:02.554Z] [INFO] → GET /api/settings
[2026-07-29T05:36:02.556Z] [INFO] ← GET / 200 (2ms)
[2026-07-29T05:36:02.568Z] [INFO] → GET /api/rag/docs
[2026-07-29T05:36:02.984Z] [INFO] ← GET /docs 200 (416ms)
[2026-07-29T05:36:02.991Z] [INFO] → GET /api/rag/stats
[2026-07-29T05:36:03.027Z] [INFO] FAISS index loaded (5146 vectors)
[2026-07-29T05:36:03.028Z] [INFO] ← GET /stats 200 (37ms)
[2026-07-29T05:36:03.030Z] [INFO] → GET /api/chat/sessions
[2026-07-29T05:36:03.032Z] [INFO] ← GET /sessions 200 (2ms)
[2026-07-29T05:36:03.038Z] [INFO] → GET /api/progress
[2026-07-29T05:36:03.041Z] [INFO] ← GET / 200 (3ms)
[2026-07-29T05:36:03.052Z] [INFO] → GET /api/analytics
[2026-07-29T05:36:03.055Z] [INFO] ← GET / 200 (3ms)
[2026-07-29T05:36:03.069Z] [INFO] → GET /api/admin/overview
[2026-07-29T05:36:03.072Z] [INFO] ← GET /overview 200 (4ms)
[2026-07-29T05:36:03.083Z] [INFO] → GET /api/history
[2026-07-29T05:36:03.087Z] [INFO] ← GET / 200 (3ms)
[2026-07-29T05:36:03.100Z] [INFO] → GET /api/voice/status
[2026-07-29T05:36:03.101Z] [INFO] ← GET /status 200 (2ms)
[2026-07-29T05:36:03.892Z] [INFO] → GET /api/progress
[2026-07-29T05:36:03.895Z] [INFO] ← GET / 200 (2ms)
[2026-07-29T05:36:03.895Z] [INFO] → GET /api/projects
[2026-07-29T05:36:03.897Z] [INFO] ← GET / 200 (1ms)
[2026-07-29T05:36:03.899Z] [INFO] → GET /api/providers
[2026-07-29T05:36:03.902Z] [INFO] ← GET / 200 (3ms)
[2026-07-29T05:36:03.903Z] [INFO] → GET /api/analytics
[2026-07-29T05:36:03.906Z] [INFO] ← GET / 200 (2ms)
[2026-07-29T05:36:04.577Z] [INFO] → GET /api/providers
[2026-07-29T05:36:04.582Z] [INFO] ← GET / 304 (5ms)
[2026-07-29T05:36:04.583Z] [INFO] → GET /api/projects
[2026-07-29T05:36:04.584Z] [INFO] ← GET / 304 (1ms)
[2026-07-29T05:36:05.206Z] [INFO] → GET /api/rag/docs
[2026-07-29T05:36:05.207Z] [INFO] ← GET /docs 200 (1ms)
[2026-07-29T05:36:05.208Z] [INFO] → GET /api/rag/folders
[2026-07-29T05:36:05.210Z] [INFO] ← GET /folders 200 (2ms)
[2026-07-29T05:36:05.211Z] [INFO] → GET /api/rag/staged
[2026-07-29T05:36:05.213Z] [INFO] ← GET /staged 200 (1ms)
[2026-07-29T05:36:05.214Z] [INFO] → GET /api/rag/folders/paths
[2026-07-29T05:36:05.216Z] [INFO] ← GET /folders/paths 200 (1ms)
[2026-07-29T05:36:05.816Z] [INFO] → GET /api/rag/docs
[2026-07-29T05:36:05.818Z] [INFO] ← GET /docs 200 (1ms)
[2026-07-29T05:36:06.450Z] [INFO] → GET /api/settings
[2026-07-29T05:36:06.451Z] [INFO] ← GET / 200 (2ms)
[2026-07-29T05:36:06.452Z] [INFO] → GET /api/providers
[2026-07-29T05:36:06.454Z] [INFO] ← GET / 304 (2ms)
[2026-07-29T05:36:07.099Z] [INFO] → GET /api/analytics/advanced
[2026-07-29T05:36:07.105Z] [INFO] ← GET / 200 (5ms)
[2026-07-29T05:36:07.106Z] [INFO] → GET /api/analytics/advanced/profile
[2026-07-29T05:36:07.108Z] [INFO] ← GET /profile 200 (2ms)
[2026-07-29T05:36:07.109Z] [INFO] → GET /api/analytics/advanced/recommendations
[2026-07-29T05:36:07.112Z] [INFO] ← GET /recommendations 200 (3ms)
[2026-07-29T05:36:07.764Z] [INFO] → GET /api/admin/overview
[2026-07-29T05:36:07.766Z] [INFO] ← GET /overview 200 (3ms)
[2026-07-29T05:36:08.387Z] [INFO] → GET /api/history
[2026-07-29T05:36:08.389Z] [INFO] ← GET / 200 (1ms)
[2026-07-29T05:36:08.390Z] [INFO] → GET /api/rag/docs
[2026-07-29T05:36:08.390Z] [INFO] ← GET /docs 200 (1ms)
[2026-07-29T05:36:09.014Z] [INFO] → GET /api/history
[2026-07-29T05:36:09.017Z] [INFO] ← GET / 200 (2ms)
[2026-07-29T05:36:10.246Z] [INFO] → GET /api/progress
[2026-07-29T05:36:10.247Z] [INFO] ← GET / 200 (1ms)
[2026-07-29T05:36:10.248Z] [INFO] → GET /api/projects
[2026-07-29T05:36:10.249Z] [INFO] ← GET / 200 (2ms)
[2026-07-29T05:36:10.250Z] [INFO] → GET /api/providers
[2026-07-29T05:36:10.252Z] [INFO] ← GET / 200 (2ms)
[2026-07-29T05:36:10.253Z] [INFO] → GET /api/analytics
[2026-07-29T05:36:10.254Z] [INFO] ← GET / 200 (1ms)
[2026-07-29T05:36:11.895Z] [INFO] → GET /api/progress
[2026-07-29T05:36:11.897Z] [INFO] ← GET / 304 (1ms)
[2026-07-29T05:36:11.897Z] [INFO] → GET /api/projects
[2026-07-29T05:36:11.898Z] [INFO] ← GET / 304 (1ms)
[2026-07-29T05:36:11.899Z] [INFO] → GET /api/providers
[2026-07-29T05:36:11.901Z] [INFO] ← GET / 304 (2ms)
[2026-07-29T05:36:11.902Z] [INFO] → GET /api/analytics
[2026-07-29T05:36:11.903Z] [INFO] ← GET / 304 (2ms)
[2026-07-29T05:36:13.310Z] [INFO] → GET /api/progress
[2026-07-29T05:36:13.312Z] [INFO] ← GET / 304 (2ms)
[2026-07-29T05:36:13.313Z] [INFO] → GET /api/projects
[2026-07-29T05:36:13.315Z] [INFO] ← GET / 304 (1ms)
[2026-07-29T05:36:13.316Z] [INFO] → GET /api/providers
[2026-07-29T05:36:13.319Z] [INFO] ← GET / 304 (3ms)
[2026-07-29T05:36:13.320Z] [INFO] → GET /api/analytics
[2026-07-29T05:36:13.322Z] [INFO] ← GET / 304 (2ms)
[2026-07-29T05:36:14.154Z] [INFO] → GET /api/rag/docs
[2026-07-29T05:36:14.156Z] [INFO] ← GET /docs 200 (2ms)
[2026-07-29T05:39:09.603Z] [INFO] → GET /api/rag/docs
[2026-07-29T05:39:09.604Z] [INFO] ← GET /docs 304 (2ms)
[2026-07-29T05:39:09.611Z] [INFO] → GET /api/history
[2026-07-29T05:39:09.613Z] [INFO] ← GET / 304 (2ms)
[2026-07-29T05:39:10.046Z] [INFO] → GET /api/rag/docs
[2026-07-29T05:39:10.048Z] [INFO] ← GET /docs 304 (2ms)
[2026-07-29T05:39:10.052Z] [INFO] → GET /api/history
[2026-07-29T05:39:10.053Z] [INFO] ← GET / 304 (2ms)
[2026-07-29T05:39:37.566Z] [INFO] → GET /api/rag/docs
[2026-07-29T05:39:37.569Z] [INFO] ← GET /docs 304 (3ms)
[2026-07-29T05:39:37.572Z] [INFO] → GET /api/history
[2026-07-29T05:39:37.573Z] [INFO] ← GET / 304 (2ms)
[2026-07-29T05:39:42.203Z] [INFO] → POST /api/history/draft
[2026-07-29T05:39:42.207Z] [INFO] ← POST /draft 200 (5ms)
[2026-07-29T05:39:42.220Z] [INFO] → GET /api/history/7cebe059-f26c-43da-bd99-db3f41fe5469
[2026-07-29T05:39:42.221Z] [INFO] ← GET /7cebe059-f26c-43da-bd99-db3f41fe5469 200 (2ms)
[2026-07-29T05:39:42.229Z] [INFO] → POST /api/study/notes
[2026-07-29T05:39:42.802Z] [WARN] Provider "Groq" does not support embeddings (404); using the local embedding model instead.
[2026-07-29T05:39:42.803Z] [INFO] Loading local embedding model (Xenova/all-MiniLM-L6-v2)…
[2026-07-29T05:39:43.074Z] [INFO] Local embedding model ready
[2026-07-29T05:39:43.532Z] [WARN] Provider "Groq" key "dark" hit 429 → cooldown 800ms, failing over to next key
[2026-07-29T05:39:44.230Z] [INFO] → GET /api/history/7cebe059-f26c-43da-bd99-db3f41fe5469
[2026-07-29T05:39:44.231Z] [INFO] ← GET /7cebe059-f26c-43da-bd99-db3f41fe5469 304 (2ms)
[2026-07-29T05:39:46.242Z] [INFO] → GET /api/history/7cebe059-f26c-43da-bd99-db3f41fe5469
[2026-07-29T05:39:46.243Z] [INFO] ← GET /7cebe059-f26c-43da-bd99-db3f41fe5469 304 (1ms)
[2026-07-29T05:39:48.249Z] [INFO] → GET /api/history/7cebe059-f26c-43da-bd99-db3f41fe5469
[2026-07-29T05:39:48.250Z] [INFO] ← GET /7cebe059-f26c-43da-bd99-db3f41fe5469 304 (1ms)
[2026-07-29T05:39:50.257Z] [INFO] → GET /api/history/7cebe059-f26c-43da-bd99-db3f41fe5469
[2026-07-29T05:39:50.258Z] [INFO] ← GET /7cebe059-f26c-43da-bd99-db3f41fe5469 304 (2ms)
[2026-07-29T05:39:51.599Z] [ACTION] [ACTION] generation.complete | {"draftId":"7cebe059-f26c-43da-bd99-db3f41fe5469","type":"notes","subType":"5-mark"}
[2026-07-29T05:39:51.600Z] [INFO] ← POST /notes 200 (9371ms)
[2026-07-29T05:39:51.606Z] [INFO] → GET /api/history/7cebe059-f26c-43da-bd99-db3f41fe5469
[2026-07-29T05:39:51.607Z] [INFO] ← GET /7cebe059-f26c-43da-bd99-db3f41fe5469 200 (0ms)
[2026-07-29T05:42:16.613Z] [INFO] StudyForge server listening on http://localhost:5174
[2026-07-29T05:42:16.614Z] [INFO] API mounted at /api   (frontend dev proxy → :5173)
[2026-07-29T05:42:24.260Z] [INFO] StudyForge server listening on http://localhost:5174
[2026-07-29T05:42:24.261Z] [INFO] API mounted at /api   (frontend dev proxy → :5173)
[2026-07-29T05:42:33.348Z] [INFO] StudyForge server listening on http://localhost:5174
[2026-07-29T05:42:33.349Z] [INFO] API mounted at /api   (frontend dev proxy → :5173)
[2026-07-29T05:42:38.504Z] [INFO] StudyForge server listening on http://localhost:5174
[2026-07-29T05:42:38.505Z] [INFO] API mounted at /api   (frontend dev proxy → :5173)
[2026-07-29T05:42:52.358Z] [INFO] StudyForge server listening on http://localhost:5174
[2026-07-29T05:42:52.359Z] [INFO] API mounted at /api   (frontend dev proxy → :5173)
[2026-07-29T05:43:06.485Z] [INFO] StudyForge server listening on http://localhost:5174
[2026-07-29T05:43:06.486Z] [INFO] API mounted at /api   (frontend dev proxy → :5173)
[2026-07-29T05:43:49.423Z] [INFO] → GET /api/history/7cebe059-f26c-43da-bd99-db3f41fe5469
[2026-07-29T05:43:49.437Z] [INFO] ← GET /7cebe059-f26c-43da-bd99-db3f41fe5469 304 (19ms)
[2026-07-29T05:43:52.365Z] [INFO] → GET /api/history/7cebe059-f26c-43da-bd99-db3f41fe5469
[2026-07-29T05:43:52.367Z] [INFO] ← GET /7cebe059-f26c-43da-bd99-db3f41fe5469 304 (1ms)
[2026-07-29T05:43:57.403Z] [INFO] → GET /api/history/7cebe059-f26c-43da-bd99-db3f41fe5469
[2026-07-29T05:43:57.404Z] [INFO] ← GET /7cebe059-f26c-43da-bd99-db3f41fe5469 304 (2ms)
[2026-07-29T05:44:04.359Z] [INFO] → GET /api/history/7cebe059-f26c-43da-bd99-db3f41fe5469
[2026-07-29T05:44:04.361Z] [INFO] ← GET /7cebe059-f26c-43da-bd99-db3f41fe5469 304 (1ms)
[2026-07-29T11:27:07.529Z] [INFO] StudyForge server listening on http://localhost:5174
[2026-07-29T11:27:07.531Z] [INFO] API mounted at /api   (frontend dev proxy → :5173)
[2026-07-29T11:27:40.220Z] [INFO] → GET /api/projects
[2026-07-29T11:27:40.223Z] [INFO] ← GET / 304 (4ms)
[2026-07-29T11:27:40.225Z] [INFO] → GET /api/progress
[2026-07-29T11:27:40.228Z] [INFO] ← GET / 304 (3ms)
[2026-07-29T11:27:40.229Z] [INFO] → GET /api/providers
[2026-07-29T11:27:40.232Z] [INFO] ← GET / 200 (3ms)
[2026-07-29T11:27:40.233Z] [INFO] → GET /api/analytics
[2026-07-29T11:27:40.906Z] [INFO] ← GET / 304 (673ms)
[2026-07-29T11:27:43.633Z] [INFO] → GET /api/history
[2026-07-29T11:27:43.637Z] [INFO] ← GET / 200 (4ms)
[2026-07-29T11:27:43.639Z] [INFO] → GET /api/rag/docs
[2026-07-29T11:27:43.640Z] [INFO] ← GET /docs 304 (2ms)
[2026-07-29T11:28:04.826Z] [INFO] → POST /api/history/draft
[2026-07-29T11:28:04.831Z] [INFO] ← POST /draft 200 (5ms)
[2026-07-29T11:28:04.849Z] [INFO] → GET /api/history/c4016e91-730e-4bb5-ad62-5d2e552d8602
[2026-07-29T11:28:04.851Z] [INFO] ← GET /c4016e91-730e-4bb5-ad62-5d2e552d8602 200 (2ms)
[2026-07-29T11:28:04.859Z] [INFO] → POST /api/study/notes
[2026-07-29T11:28:05.268Z] [WARN] Provider "Groq" does not support embeddings (404); using the local embedding model instead.
[2026-07-29T11:28:05.269Z] [INFO] Loading local embedding model (Xenova/all-MiniLM-L6-v2)…
[2026-07-29T11:28:05.591Z] [INFO] Local embedding model ready
[2026-07-29T11:28:05.648Z] [INFO] FAISS index loaded (5146 vectors)
[2026-07-29T11:28:06.861Z] [INFO] → GET /api/history/c4016e91-730e-4bb5-ad62-5d2e552d8602
[2026-07-29T11:28:06.862Z] [INFO] ← GET /c4016e91-730e-4bb5-ad62-5d2e552d8602 304 (1ms)
[2026-07-29T11:28:06.965Z] [ACTION] [ACTION] generation.complete | {"draftId":"c4016e91-730e-4bb5-ad62-5d2e552d8602","type":"notes","subType":"one-page"}
[2026-07-29T11:28:06.965Z] [INFO] ← POST /notes 200 (2107ms)
[2026-07-29T11:28:06.971Z] [INFO] → GET /api/history/c4016e91-730e-4bb5-ad62-5d2e552d8602
[2026-07-29T11:28:06.972Z] [INFO] ← GET /c4016e91-730e-4bb5-ad62-5d2e552d8602 200 (1ms)
[2026-07-29T11:28:43.579Z] [INFO] → GET /api/rag/docs
[2026-07-29T11:28:43.581Z] [INFO] ← GET /docs 304 (1ms)
[2026-07-29T11:28:43.582Z] [INFO] → GET /api/history
[2026-07-29T11:28:43.584Z] [INFO] ← GET / 200 (1ms)
[2026-07-29T11:29:06.402Z] [INFO] → GET /api/history/c4016e91-730e-4bb5-ad62-5d2e552d8602
[2026-07-29T11:29:06.403Z] [INFO] ← GET /c4016e91-730e-4bb5-ad62-5d2e552d8602 304 (2ms)
[2026-07-29T11:35:04.376Z] [INFO] → GET /api/rag/docs
[2026-07-29T11:35:04.379Z] [INFO] ← GET /docs 304 (2ms)
[2026-07-29T11:35:04.380Z] [INFO] → GET /api/history
[2026-07-29T11:35:04.381Z] [INFO] ← GET / 304 (2ms)
[2026-07-29T11:35:16.670Z] [INFO] → POST /api/history/draft
[2026-07-29T11:35:16.674Z] [INFO] ← POST /draft 200 (4ms)
[2026-07-29T11:35:16.689Z] [INFO] → GET /api/history/a9d7c4a9-7e0b-4c4e-9970-0fa12bfe3e79
[2026-07-29T11:35:16.691Z] [INFO] ← GET /a9d7c4a9-7e0b-4c4e-9970-0fa12bfe3e79 200 (1ms)
[2026-07-29T11:35:16.698Z] [INFO] → POST /api/study/notes
[2026-07-29T11:35:18.700Z] [INFO] → GET /api/history/a9d7c4a9-7e0b-4c4e-9970-0fa12bfe3e79
[2026-07-29T11:35:18.702Z] [INFO] ← GET /a9d7c4a9-7e0b-4c4e-9970-0fa12bfe3e79 304 (1ms)
[2026-07-29T11:35:19.472Z] [ACTION] [ACTION] generation.complete | {"draftId":"a9d7c4a9-7e0b-4c4e-9970-0fa12bfe3e79","type":"notes","subType":"viva-questions"}
[2026-07-29T11:35:19.472Z] [INFO] ← POST /notes 200 (2774ms)
[2026-07-29T11:35:19.488Z] [INFO] → GET /api/history/a9d7c4a9-7e0b-4c4e-9970-0fa12bfe3e79
[2026-07-29T11:35:19.489Z] [INFO] ← GET /a9d7c4a9-7e0b-4c4e-9970-0fa12bfe3e79 200 (1ms)
[2026-07-29T11:37:41.560Z] [INFO] → GET /api/rag/docs
[2026-07-29T11:37:41.561Z] [INFO] ← GET /docs 304 (2ms)
[2026-07-29T11:37:45.435Z] [INFO] → GET /api/history
[2026-07-29T11:37:45.437Z] [INFO] ← GET / 200 (1ms)
[2026-07-29T11:37:52.723Z] [INFO] → GET /api/history/a9d7c4a9-7e0b-4c4e-9970-0fa12bfe3e79
[2026-07-29T11:37:52.724Z] [INFO] ← GET /a9d7c4a9-7e0b-4c4e-9970-0fa12bfe3e79 304 (1ms)
[2026-07-29T11:37:56.597Z] [INFO] → GET /api/rag/docs
[2026-07-29T11:37:56.598Z] [INFO] ← GET /docs 304 (1ms)
[2026-07-29T11:37:58.320Z] [INFO] → GET /api/history
[2026-07-29T11:37:58.321Z] [INFO] ← GET / 304 (2ms)
[2026-07-29T11:38:07.819Z] [INFO] → GET /api/rag/docs
[2026-07-29T11:38:07.821Z] [INFO] ← GET /docs 304 (1ms)
[2026-07-29T11:38:07.822Z] [INFO] → GET /api/history
[2026-07-29T11:38:07.823Z] [INFO] ← GET / 200 (1ms)
[2026-07-29T11:38:12.797Z] [INFO] → GET /api/rag/docs
[2026-07-29T11:38:12.798Z] [INFO] ← GET /docs 304 (2ms)
[2026-07-29T11:38:19.241Z] [INFO] → GET /api/history
[2026-07-29T11:38:19.242Z] [INFO] ← GET / 304 (1ms)
[2026-07-29T11:38:20.924Z] [INFO] → GET /api/history
[2026-07-29T11:38:20.925Z] [INFO] ← GET / 304 (2ms)
[2026-07-29T11:38:22.272Z] [INFO] → GET /api/history
[2026-07-29T11:38:22.274Z] [INFO] ← GET / 304 (1ms)
[2026-07-29T11:38:23.737Z] [INFO] → GET /api/history
[2026-07-29T11:38:23.738Z] [INFO] ← GET / 200 (1ms)
[2026-07-29T11:38:25.867Z] [INFO] → GET /api/rag/docs
[2026-07-29T11:38:25.869Z] [INFO] ← GET /docs 304 (1ms)
[2026-07-29T11:38:31.156Z] [INFO] → GET /api/history
[2026-07-29T11:38:31.157Z] [INFO] ← GET / 304 (2ms)
[2026-07-29T11:38:33.475Z] [INFO] → GET /api/rag/docs
[2026-07-29T11:38:33.476Z] [INFO] ← GET /docs 304 (2ms)
[2026-07-29T11:38:47.470Z] [INFO] → GET /api/history
[2026-07-29T11:38:47.472Z] [INFO] ← GET / 304 (2ms)
[2026-07-29T11:41:56.880Z] [INFO] → GET /api/rag/docs
[2026-07-29T11:41:56.882Z] [INFO] ← GET /docs 304 (3ms)
[2026-07-29T11:41:56.884Z] [INFO] → GET /api/history
[2026-07-29T11:41:56.885Z] [INFO] ← GET / 304 (2ms)
[2026-07-29T11:42:37.678Z] [INFO] → GET /api/rag/docs
[2026-07-29T11:42:37.773Z] [INFO] ← GET /docs 304 (96ms)
[2026-07-29T11:43:11.756Z] [INFO] → GET /api/rag/docs
[2026-07-29T11:43:11.841Z] [INFO] ← GET /docs 304 (85ms)
[2026-07-29T11:43:18.688Z] [INFO] → GET /api/voice/status
[2026-07-29T11:43:18.692Z] [INFO] ← GET /status 200 (4ms)
[2026-07-29T11:43:18.696Z] [INFO] → GET /api/voice/status
[2026-07-29T11:43:18.698Z] [INFO] ← GET /status 304 (1ms)
[2026-07-29T11:43:19.787Z] [INFO] → GET /api/rag/docs
[2026-07-29T11:43:19.788Z] [INFO] ← GET /docs 304 (1ms)
[2026-07-29T12:03:21.718Z] [INFO] StudyForge server listening on http://localhost:5174
[2026-07-29T12:03:21.719Z] [INFO] API mounted at /api   (frontend dev proxy → :5173)
[2026-07-29T12:03:47.120Z] [INFO] → GET /api/health
[2026-07-29T12:03:47.124Z] [INFO] ← GET /api/health 200 (4ms)
[2026-07-29T12:03:59.250Z] [INFO] → GET /api/rag/docs
[2026-07-29T12:03:59.839Z] [INFO] ← GET /docs 200 (590ms)
[2026-07-29T12:03:59.844Z] [INFO] → GET /api/history
[2026-07-29T12:03:59.853Z] [INFO] ← GET / 200 (9ms)
[2026-07-29T12:04:05.595Z] [INFO] → GET /api/rag/docs
[2026-07-29T12:04:05.596Z] [INFO] ← GET /docs 200 (1ms)
[2026-07-29T12:04:05.597Z] [INFO] → GET /api/rag/folders
[2026-07-29T12:04:05.599Z] [INFO] ← GET /folders 200 (2ms)
[2026-07-29T12:04:05.600Z] [INFO] → GET /api/rag/staged
[2026-07-29T12:04:05.602Z] [INFO] ← GET /staged 200 (1ms)
[2026-07-29T12:04:05.603Z] [INFO] → GET /api/rag/folders/paths
[2026-07-29T12:04:05.604Z] [INFO] ← GET /folders/paths 200 (1ms)
[2026-07-29T12:04:05.709Z] [INFO] → GET /api/settings
[2026-07-29T12:04:05.711Z] [INFO] ← GET / 200 (2ms)
[2026-07-29T12:04:05.712Z] [INFO] → GET /api/providers
[2026-07-29T12:04:05.716Z] [INFO] ← GET / 200 (4ms)
[2026-07-29T12:04:05.813Z] [INFO] → GET /api/providers
[2026-07-29T12:04:05.815Z] [INFO] ← GET / 304 (2ms)
[2026-07-29T12:04:05.817Z] [INFO] → GET /api/projects
[2026-07-29T12:04:05.819Z] [INFO] ← GET / 200 (2ms)
[2026-07-29T12:04:05.920Z] [INFO] → GET /api/history
[2026-07-29T12:04:05.921Z] [INFO] ← GET / 200 (2ms)
[2026-07-29T12:04:06.034Z] [INFO] → GET /api/rag/docs
[2026-07-29T12:04:06.035Z] [INFO] ← GET /docs 304 (2ms)
[2026-07-29T12:04:06.037Z] [INFO] → GET /api/history
[2026-07-29T12:04:06.039Z] [INFO] ← GET / 304 (1ms)
[2026-07-29T12:04:12.593Z] [INFO] → GET /api/history
[2026-07-29T12:04:12.594Z] [INFO] ← GET / 200 (1ms)
[2026-07-29T12:04:12.663Z] [INFO] → GET /api/history
[2026-07-29T12:04:12.665Z] [INFO] ← GET / 200 (2ms)
[2026-07-29T12:04:12.875Z] [INFO] → GET /api/settings
[2026-07-29T12:04:12.876Z] [INFO] ← GET / 200 (1ms)
[2026-07-29T12:04:19.836Z] [INFO] → GET /api/history
[2026-07-29T12:04:19.837Z] [INFO] ← GET / 200 (2ms)
[2026-07-29T12:04:19.898Z] [INFO] → GET /api/history
[2026-07-29T12:04:19.899Z] [INFO] ← GET / 200 (1ms)
[2026-07-29T12:04:27.096Z] [INFO] → GET /api/rag/docs
[2026-07-29T12:04:27.098Z] [INFO] ← GET /docs 304 (1ms)
[2026-07-29T12:04:27.102Z] [INFO] → GET /api/history
[2026-07-29T12:04:27.103Z] [INFO] ← GET / 304 (2ms)
[2026-07-29T12:04:27.146Z] [INFO] → GET /api/history
[2026-07-29T12:04:27.147Z] [INFO] ← GET / 200 (2ms)
[2026-07-29T12:04:33.182Z] [INFO] → GET /api/history/a9d7c4a9-7e0b-4c4e-9970-0fa12bfe3e79
[2026-07-29T12:04:33.184Z] [INFO] ← GET /a9d7c4a9-7e0b-4c4e-9970-0fa12bfe3e79 200 (2ms)
[2026-07-29T12:04:33.351Z] [INFO] → GET /api/history/a9d7c4a9-7e0b-4c4e-9970-0fa12bfe3e79
[2026-07-29T12:04:33.352Z] [INFO] ← GET /a9d7c4a9-7e0b-4c4e-9970-0fa12bfe3e79 304 (1ms)
[2026-07-29T12:04:37.936Z] [INFO] → GET /api/history
[2026-07-29T12:04:37.939Z] [INFO] ← GET / 304 (3ms)
[2026-07-29T12:05:20.421Z] [INFO] → GET /api/rag/docs
[2026-07-29T12:05:20.422Z] [INFO] ← GET /docs 200 (1ms)
[2026-07-29T12:05:27.382Z] [INFO] → GET /api/history
[2026-07-29T12:05:27.385Z] [INFO] ← GET / 200 (2ms)
[2026-07-29T12:05:31.101Z] [INFO] StudyForge server listening on http://localhost:5174
[2026-07-29T12:05:31.102Z] [INFO] API mounted at /api   (frontend dev proxy → :5173)
[2026-07-29T12:05:34.126Z] [INFO] → GET /api/history
[2026-07-29T12:05:34.134Z] [INFO] ← GET / 200 (8ms)
[2026-07-29T12:05:34.959Z] [INFO] → GET /api/history
[2026-07-29T12:05:34.961Z] [INFO] ← GET / 304 (2ms)
[2026-07-29T12:05:41.301Z] [INFO] → GET /api/history
[2026-07-29T12:05:41.303Z] [INFO] ← GET / 304 (2ms)
[2026-07-29T12:05:42.390Z] [INFO] → GET /api/history
[2026-07-29T12:05:42.392Z] [INFO] ← GET / 304 (1ms)
[2026-07-29T12:05:44.387Z] [INFO] → GET /api/rag/docs
[2026-07-29T12:05:44.990Z] [INFO] ← GET /docs 304 (602ms)
[2026-07-29T12:05:46.206Z] [INFO] → GET /api/rag/docs
[2026-07-29T12:05:46.208Z] [INFO] ← GET /docs 304 (1ms)
[2026-07-29T12:05:46.210Z] [INFO] → GET /api/history
[2026-07-29T12:05:46.213Z] [INFO] ← GET / 304 (2ms)
[2026-07-29T12:06:28.859Z] [INFO] → GET /api/rag/docs
[2026-07-29T12:06:28.861Z] [INFO] ← GET /docs 304 (3ms)
[2026-07-29T12:06:28.870Z] [INFO] → GET /api/history
[2026-07-29T12:06:28.872Z] [INFO] ← GET / 304 (2ms)
[2026-07-29T12:06:30.820Z] [INFO] → GET /api/rag/docs
[2026-07-29T12:06:30.822Z] [INFO] ← GET /docs 304 (1ms)
[2026-07-29T12:11:31.541Z] [INFO] StudyForge server listening on http://localhost:5174
[2026-07-29T12:11:31.542Z] [INFO] API mounted at /api   (frontend dev proxy → :5173)
